ID_Contrato,Nome_Assessoria,Data_Envio_Assessoria,Dias_Em_Atraso_Inicial,Valor_Inadimplente_Inicial,Status_Cobranca,Score_Interno_Risco,Regiao_Cliente
CONTR_2026_00001,Vertice Asset e Cobranca,2026-02-24,49,25007.89,Acordo Firmado,39.0,Sudeste
CONTR_2026_00002,Vertice Asset e Cobranca,2026-04-06,38,8448.59,Acordo Firmado,3.0,Sudeste
CONTR_2026_00003,Acerta Credito Integrado,2026-02-05,152,1951.4,Insucesso,51.0,Sudeste
CONTR_2026_00004,Nexus Mediacao Financeira,2026-04-24,84,4295.12,Em Aberto,68.0,Centro-Oeste
CONTR_2026_00005,Fenix Recuperacao de Credito,2026-02-06,52,4700.91,Acordo Firmado,30.0,Sudeste
CONTR_2026_00006,Fenix Recuperacao de Credito,2026-04-22,73,3017.85,Em Aberto,67.0,Nordeste
CONTR_2026_00007,Fenix Recuperacao de Credito,2026-01-14,91,2097.28,Em Aberto,68.0,Sul
CONTR_2026_00008,Acerta Credito Integrado,2026-01-27,78,7419.47,Ajuizado,58.0,Centro-Oeste
CONTR_2026_00009,Nexus Mediacao Financeira,2026-03-24,51,2825.15,Em Aberto,77.0,Nordeste
CONTR_2026_00010,Acerta Credito Integrado,2026-01-31,63,6099.55,Acordo Firmado,53.0,Nordeste
CONTR_2026_00011,Fenix Recuperacao de Credito,2026-04-20,125,3147.39,Em Aberto,14.0,Sudeste
CONTR_2026_00012,Vertice Asset e Cobranca,2026-03-14,47,4728.49,Em Aberto,10.0,Nordeste
CONTR_2026_00013,Acerta Credito Integrado,2026-04-12,30,3255.3,Em Aberto,78.0,Nordeste
CONTR_2026_00014,Fenix Recuperacao de Credito,2026-03-22,78,3853.09,Acordo Firmado,81.0,Nordeste
CONTR_2026_00015,Fenix Recuperacao de Credito,2026-03-24,32,7785.08,Insucesso,22.0,Nordeste
CONTR_2026_00016,Fenix Recuperacao de Credito,2026-02-13,62,11963.28,Acordo Firmado,51.0,Sudeste
CONTR_2026_00017,Vertice Asset e Cobranca,2026-03-09,52,4753.97,Insucesso,61.0,Norte
CONTR_2026_00018,Nexus Mediacao Financeira,2026-02-17,52,5911.26,Acordo Firmado,46.0,Sudeste
CONTR_2026_00019,Vertice Asset e Cobranca,2026-02-26,92,11190.59,Acordo Firmado,37.0,Sudeste
CONTR_2026_00020,Vertice Asset e Cobranca,2026-03-16,97,1972.88,Insucesso,21.0,Sul
CONTR_2026_00021,Nexus Mediacao Financeira,2026-01-22,65,2084.87,Em Aberto,89.0,Sudeste
CONTR_2026_00022,Fenix Recuperacao de Credito,2026-01-04,87,3425.48,Acordo Firmado,3.0,Sudeste
CONTR_2026_00023,Vertice Asset e Cobranca,2026-03-22,64,3048.57,Acordo Firmado,19.0,Nordeste
CONTR_2026_00024,Vertice Asset e Cobranca,2026-03-13,102,22678.77,Em Aberto,32.0,Centro-Oeste
CONTR_2026_00025,Vertice Asset e Cobranca,2026-02-15,45,5351.62,Em Aberto,79.0,Sudeste
CONTR_2026_00026,Acerta Credito Integrado,2026-02-28,94,4910.71,Acordo Firmado,24.0,Sudeste
CONTR_2026_00027,Fenix Recuperacao de Credito,2026-02-03,97,5522.27,Acordo Firmado,73.0,Sudeste
CONTR_2026_00028,Nexus Mediacao Financeira,2026-01-11,160,11603.39,Em Aberto,74.0,Sul
CONTR_2026_00029,Nexus Mediacao Financeira,2026-01-31,37,2595.58,Acordo Firmado,51.0,Nordeste
CONTR_2026_00030,Fenix Recuperacao de Credito,2026-01-11,169,4776.63,Em Aberto,96.0,Sudeste
CONTR_2026_00031,Nexus Mediacao Financeira,2026-04-30,112,2780.16,Ajuizado,58.0,Nordeste
CONTR_2026_00032,Fenix Recuperacao de Credito,2026-04-28,144,8783.75,Ajuizado,40.0,Nordeste
CONTR_2026_00033,Fenix Recuperacao de Credito,2026-02-25,117,8705.5,Acordo Firmado,7.0,Sudeste
CONTR_2026_00034,Fenix Recuperacao de Credito,2026-02-07,61,16982.99,Em Aberto,46.0,Sudeste
CONTR_2026_00035,Vertice Asset e Cobranca,2026-04-27,109,4160.38,Ajuizado,91.0,Sul
CONTR_2026_00036,Acerta Credito Integrado,2026-01-21,70,2063.74,Em Aberto,15.0,Sudeste
CONTR_2026_00037,Vertice Asset e Cobranca,2026-04-20,87,12536.62,Em Aberto,85.0,Centro-Oeste
CONTR_2026_00038,Fenix Recuperacao de Credito,2026-04-04,54,12263.84,Acordo Firmado,51.0,Sudeste
CONTR_2026_00039,Nexus Mediacao Financeira,2026-01-10,69,2537.24,Acordo Firmado,87.0,Sudeste
CONTR_2026_00040,Vertice Asset e Cobranca,2026-01-26,116,2816.68,Em Aberto,5.0,Sudeste
CONTR_2026_00041,Fenix Recuperacao de Credito,2026-04-01,103,3080.12,Acordo Firmado,59.0,Nordeste
CONTR_2026_00042,Vertice Asset e Cobranca,2026-01-08,120,4205.12,Em Aberto,70.0,Sudeste
CONTR_2026_00043,Fenix Recuperacao de Credito,2026-04-13,48,10031.72,Ajuizado,51.0,Sudeste
CONTR_2026_00044,Fenix Recuperacao de Credito,2026-01-08,33,1979.59,Insucesso,28.0,Centro-Oeste
CONTR_2026_00045,Vertice Asset e Cobranca,2026-03-01,123,7226.38,Acordo Firmado,54.0,Sudeste
CONTR_2026_00046,Nexus Mediacao Financeira,2026-03-13,120,3375.5,Em Aberto,19.0,Sudeste
CONTR_2026_00047,Vertice Asset e Cobranca,2026-04-29,96,2288.69,Em Aberto,14.0,Sul
CONTR_2026_00048,Nexus Mediacao Financeira,2026-02-03,102,3265.76,Em Aberto,48.0,Nordeste
CONTR_2026_00049,Nexus Mediacao Financeira,2026-01-16,115,5010.09,Acordo Firmado,7.0,Centro-Oeste
CONTR_2026_00050,Fenix Recuperacao de Credito,2026-04-15,95,13917.81,Acordo Firmado,79.0,Nordeste
CONTR_2026_00051,Vertice Asset e Cobranca,2026-01-13,106,6147.92,Insucesso,32.0,Sul
CONTR_2026_00052,Acerta Credito Integrado,2026-03-28,114,5870.76,Acordo Firmado,22.0,Centro-Oeste
CONTR_2026_00053,Fenix Recuperacao de Credito,2026-03-17,87,1775.6,Insucesso,46.0,Nordeste
CONTR_2026_00054,Acerta Credito Integrado,2026-04-01,79,1615.83,Ajuizado,85.0,Sudeste
CONTR_2026_00055,Nexus Mediacao Financeira,2026-01-22,9999,1893.23,Em Aberto,83.0,Centro-Oeste
CONTR_2026_00056,Fenix Recuperacao de Credito,2026-04-06,157,1702.12,Em Aberto,13.0,Norte
CONTR_2026_00057,Fenix Recuperacao de Credito,2026-04-23,64,5494.41,Acordo Firmado,22.0,Sul
CONTR_2026_00058,Fenix Recuperacao de Credito,2026-01-27,77,4213.02,Acordo Firmado,10.0,Norte
CONTR_2026_00059,Fenix Recuperacao de Credito,2026-03-05,37,1225.02,Insucesso,44.0,Norte
CONTR_2026_00060,Vertice Asset e Cobranca,2026-01-02,103,3362.13,Em Aberto,24.0,Norte
CONTR_2026_00061,Vertice Asset e Cobranca,2026-04-19,74,1881.18,Acordo Firmado,59.0,Sudeste
CONTR_2026_00062,Vertice Asset e Cobranca,2026-04-07,47,23364.28,Ajuizado,62.0,Nordeste
CONTR_2026_00063,Acerta Credito Integrado,2026-01-26,88,4282.39,Ajuizado,72.0,Sudeste
CONTR_2026_00064,Vertice Asset e Cobranca,2026-04-02,134,3976.73,Acordo Firmado,72.0,Nordeste
CONTR_2026_00065,Vertice Asset e Cobranca,2026-03-24,79,6366.57,Em Aberto,55.0,Sudeste
CONTR_2026_00066,Nexus Mediacao Financeira,2026-04-17,82,3408.78,Em Aberto,49.0,Sudeste
CONTR_2026_00067,Fenix Recuperacao de Credito,2026-03-10,133,7485.37,Em Aberto,50.0,Sul
CONTR_2026_00068,Acerta Credito Integrado,2026-04-07,89,12958.55,Acordo Firmado,19.0,Sudeste
CONTR_2026_00069,Fenix Recuperacao de Credito,2026-03-25,53,4654.72,Ajuizado,82.0,Sudeste
CONTR_2026_00070,Vertice Asset e Cobranca,2026-01-30,110,3613.81,Ajuizado,58.0,Centro-Oeste
CONTR_2026_00071,Acerta Credito Integrado,2026-04-19,123,4889.64,Ajuizado,97.0,Sudeste
CONTR_2026_00072,Fenix Recuperacao de Credito,2026-01-08,83,5826.06,Em Aberto,48.0,Sudeste
CONTR_2026_00073,Fenix Recuperacao de Credito,2026-02-07,93,10609.6,Acordo Firmado,93.0,Sul
CONTR_2026_00074,Acerta Credito Integrado,2026-03-02,50,3708.33,Insucesso,96.0,Nordeste
CONTR_2026_00075,Acerta Credito Integrado,2026-03-22,63,1464.01,Em Aberto,72.0,Nordeste
CONTR_2026_00076,Acerta Credito Integrado,2026-04-18,80,6181.19,Acordo Firmado,96.0,Sudeste
CONTR_2026_00077,Acerta Credito Integrado,2026-03-06,92,22867.41,Acordo Firmado,12.0,Sudeste
CONTR_2026_00078,Fenix Recuperacao de Credito,2026-03-08,71,10828.86,Em Aberto,86.0,Sudeste
CONTR_2026_00079,Vertice Asset e Cobranca,2026-02-15,78,8299.38,Em Aberto,20.0,Norte
CONTR_2026_00080,Fenix Recuperacao de Credito,2026-03-31,86,2170.97,Em Aberto,45.0,Sudeste
CONTR_2026_00081,Acerta Credito Integrado,2026-04-05,60,8103.93,Ajuizado,26.0,Norte
CONTR_2026_00082,Nexus Mediacao Financeira,2026-03-13,81,1624.94,Em Aberto,81.0,Nordeste
CONTR_2026_00083,Vertice Asset e Cobranca,2026-02-12,124,4605.28,Insucesso,98.0,Nordeste
CONTR_2026_00084,Fenix Recuperacao de Credito,2026-02-28,72,3517.32,Insucesso,31.0,Sudeste
CONTR_2026_00085,Vertice Asset e Cobranca,2026-02-15,62,12984.48,Insucesso,82.0,Nordeste
CONTR_2026_00086,Vertice Asset e Cobranca,2026-03-13,152,2070.79,Em Aberto,59.0,Sudeste
CONTR_2026_00087,Acerta Credito Integrado,2026-02-04,96,8976.76,Em Aberto,3.0,Centro-Oeste
CONTR_2026_00088,Nexus Mediacao Financeira,2026-02-08,66,1448.64,Em Aberto,18.0,Sul
CONTR_2026_00089,Acerta Credito Integrado,2026-04-02,109,7249.2,Insucesso,84.0,Nordeste
CONTR_2026_00090,Vertice Asset e Cobranca,2026-02-20,97,2939.13,Em Aberto,21.0,Sudeste
CONTR_2026_00091,Fenix Recuperacao de Credito,2026-01-04,72,19830.5,Acordo Firmado,57.0,Sudeste
CONTR_2026_00092,Acerta Credito Integrado,2026-03-21,88,6769.8,Acordo Firmado,99.0,Sul
CONTR_2026_00093,Acerta Credito Integrado,2026-03-18,81,3047.39,Insucesso,42.0,Nordeste
CONTR_2026_00094,Nexus Mediacao Financeira,2026-03-25,119,2542.8,Insucesso,62.0,Sudeste
CONTR_2026_00095,Acerta Credito Integrado,2026-02-20,110,6298.67,Acordo Firmado,30.0,Nordeste
CONTR_2026_00096,Vertice Asset e Cobranca,2026-01-05,25,2792.29,Acordo Firmado,61.0,Sudeste
CONTR_2026_00097,Nexus Mediacao Financeira,2026-02-24,147,2233.92,Em Aberto,36.0,Nordeste
CONTR_2026_00098,Vertice Asset e Cobranca,2026-04-11,81,6415.93,Ajuizado,55.0,Nordeste
CONTR_2026_00099,Fenix Recuperacao de Credito,2026-01-20,141,7641.97,Em Aberto,4.0,Nordeste
CONTR_2026_00100,Fenix Recuperacao de Credito,2026-01-24,111,2559.23,Em Aberto,15.0,Sul
CONTR_2026_00101,Fenix Recuperacao de Credito,2026-02-05,97,5037.98,Acordo Firmado,71.0,Nordeste
CONTR_2026_00102,Nexus Mediacao Financeira,2026-02-03,87,6647.71,Em Aberto,96.0,Sudeste
CONTR_2026_00103,Vertice Asset e Cobranca,2026-04-19,172,15429.39,Acordo Firmado,97.0,Sudeste
CONTR_2026_00104,Nexus Mediacao Financeira,2026-04-22,81,9333.77,Em Aberto,57.0,Sul
CONTR_2026_00105,Fenix Recuperacao de Credito,2026-02-23,69,3930.67,Ajuizado,63.0,Nordeste
CONTR_2026_00106,Fenix Recuperacao de Credito,2026-02-03,72,10502.57,Acordo Firmado,77.0,Nordeste
CONTR_2026_00107,Vertice Asset e Cobranca,2026-03-24,90,4114.24,Em Aberto,64.0,Nordeste
CONTR_2026_00108,Acerta Credito Integrado,2026-01-17,89,1897.04,Ajuizado,17.0,Sudeste
CONTR_2026_00109,Fenix Recuperacao de Credito,2026-01-05,120,3285.92,Ajuizado,53.0,Sudeste
CONTR_2026_00110,Fenix Recuperacao de Credito,2026-03-30,112,9366.71,Insucesso,40.0,Sudeste
CONTR_2026_00111,Vertice Asset e Cobranca,2026-01-18,112,16795.69,Acordo Firmado,70.0,Centro-Oeste
CONTR_2026_00112,Fenix Recuperacao de Credito,2026-02-24,83,21747.42,Insucesso,50.0,Nordeste
CONTR_2026_00113,Fenix Recuperacao de Credito,2026-02-22,110,6295.7,Acordo Firmado,68.0,Sudeste
CONTR_2026_00114,Acerta Credito Integrado,2026-02-19,113,4453.71,Acordo Firmado,15.0,Sudeste
CONTR_2026_00115,Nexus Mediacao Financeira,2026-03-13,87,2084.03,Acordo Firmado,72.0,Sudeste
CONTR_2026_00116,Acerta Credito Integrado,2026-04-01,98,1740.85,Acordo Firmado,34.0,Nordeste
CONTR_2026_00117,Acerta Credito Integrado,2026-03-20,113,4854.27,Em Aberto,30.0,Nordeste
CONTR_2026_00118,Fenix Recuperacao de Credito,2026-02-14,96,7705.71,Acordo Firmado,87.0,Sudeste
CONTR_2026_00119,Acerta Credito Integrado,2026-01-13,99,3157.23,Acordo Firmado,73.0,Nordeste
CONTR_2026_00120,Nexus Mediacao Financeira,2026-01-16,132,6814.68,Acordo Firmado,24.0,Sul
CONTR_2026_00121,Acerta Credito Integrado,2026-03-27,96,5429.28,Acordo Firmado,8.0,Sudeste
CONTR_2026_00122,Acerta Credito Integrado,2026-03-25,71,15329.85,Em Aberto,57.0,Sudeste
CONTR_2026_00123,Vertice Asset e Cobranca,2026-01-13,49,2375.81,Em Aberto,70.0,Nordeste
CONTR_2026_00124,Fenix Recuperacao de Credito,2026-01-20,93,5670.92,Em Aberto,25.0,Nordeste
CONTR_2026_00125,Fenix Recuperacao de Credito,2026-03-07,80,3870.44,Acordo Firmado,77.0,Nordeste
CONTR_2026_00126,Vertice Asset e Cobranca,2026-04-09,114,2716.18,Acordo Firmado,34.0,Sul
CONTR_2026_00127,Acerta Credito Integrado,2026-02-16,137,3410.33,Ajuizado,25.0,Sudeste
CONTR_2026_00128,Acerta Credito Integrado,2026-04-29,59,2944.49,Em Aberto,18.0,Nordeste
CONTR_2026_00129,Fenix Recuperacao de Credito,2026-01-19,63,4950.16,Acordo Firmado,73.0,Sul
CONTR_2026_00130,Nexus Mediacao Financeira,2026-02-14,89,5282.84,Acordo Firmado,97.0,Nordeste
CONTR_2026_00131,Vertice Asset e Cobranca,2026-02-06,66,11232.45,Insucesso,70.0,Nordeste
CONTR_2026_00132,Fenix Recuperacao de Credito,2026-02-23,83,8800.4,Insucesso,14.0,Sul
CONTR_2026_00133,Fenix Recuperacao de Credito,2026-01-06,73,3001.37,Insucesso,6.0,Nordeste
CONTR_2026_00134,Vertice Asset e Cobranca,2026-01-14,59,14591.87,Acordo Firmado,82.0,Nordeste
CONTR_2026_00135,Fenix Recuperacao de Credito,2026-01-04,114,11338.15,Acordo Firmado,90.0,Sudeste
CONTR_2026_00136,Vertice Asset e Cobranca,2026-03-27,92,6115.67,Acordo Firmado,36.0,Centro-Oeste
CONTR_2026_00137,Nexus Mediacao Financeira,2026-04-25,144,1294.02,Em Aberto,36.0,Nordeste
CONTR_2026_00138,Acerta Credito Integrado,2026-02-24,100,2373.15,Insucesso,75.0,Nordeste
CONTR_2026_00139,Vertice Asset e Cobranca,2026-04-13,128,8987.06,Em Aberto,18.0,Norte
CONTR_2026_00140,Vertice Asset e Cobranca,2026-04-10,68,4223.49,Ajuizado,15.0,Sudeste
CONTR_2026_00141,Vertice Asset e Cobranca,2026-02-03,67,1873.09,Em Aberto,94.0,Nordeste
CONTR_2026_00142,Vertice Asset e Cobranca,2026-01-27,156,3823.44,Acordo Firmado,89.0,Nordeste
CONTR_2026_00143,Vertice Asset e Cobranca,2026-01-07,71,2390.67,Ajuizado,16.0,Sudeste
CONTR_2026_00144,Vertice Asset e Cobranca,2026-01-03,61,12354.46,Em Aberto,76.0,Nordeste
CONTR_2026_00145,Vertice Asset e Cobranca,2026-02-16,54,12202.78,Em Aberto,14.0,Sudeste
CONTR_2026_00146,Fenix Recuperacao de Credito,2026-04-07,147,3647.46,Insucesso,51.0,Sudeste
CONTR_2026_00147,Nexus Mediacao Financeira,2026-01-02,81,1938.98,Em Aberto,54.0,Sul
CONTR_2026_00148,Nexus Mediacao Financeira,2026-04-16,-999,3422.31,Ajuizado,58.0,Nordeste
CONTR_2026_00149,Fenix Recuperacao de Credito,2026-03-21,94,1889.07,Insucesso,77.0,Sudeste
CONTR_2026_00150,Vertice Asset e Cobranca,2026-01-25,68,3012.36,Acordo Firmado,30.0,Centro-Oeste
CONTR_2026_00151,Fenix Recuperacao de Credito,2026-03-01,81,8574.13,Acordo Firmado,100.0,Nordeste
CONTR_2026_00152,Fenix Recuperacao de Credito,2026-03-20,115,2926.18,Insucesso,46.0,Nordeste
CONTR_2026_00153,Fenix Recuperacao de Credito,2026-01-24,53,5128.53,Acordo Firmado,16.0,Sudeste
CONTR_2026_00154,Vertice Asset e Cobranca,2026-01-15,110,1832.77,Insucesso,1.0,Nordeste
CONTR_2026_00155,Vertice Asset e Cobranca,2026-04-05,133,3335.68,Em Aberto,41.0,Centro-Oeste
CONTR_2026_00156,Fenix Recuperacao de Credito,2026-01-14,98,1402.22,Em Aberto,93.0,Sul
CONTR_2026_00157,Nexus Mediacao Financeira,2026-02-23,130,5172.23,Insucesso,27.0,Sudeste
CONTR_2026_00158,Acerta Credito Integrado,2026-03-19,48,3335.66,Em Aberto,77.0,Sul
CONTR_2026_00159,Fenix Recuperacao de Credito,2026-01-06,35,11478.78,Em Aberto,62.0,Nordeste
CONTR_2026_00160,Acerta Credito Integrado,2026-03-19,97,3692.45,Acordo Firmado,81.0,Sul
CONTR_2026_00161,Vertice Asset e Cobranca,2026-03-22,72,5279.68,Em Aberto,28.0,Sul
CONTR_2026_00162,Nexus Mediacao Financeira,2026-01-18,116,19984.53,Em Aberto,51.0,Nordeste
CONTR_2026_00163,Nexus Mediacao Financeira,2026-01-20,80,6345.98,Em Aberto,55.0,Sudeste
CONTR_2026_00164,Nexus Mediacao Financeira,2026-04-25,94,4670.46,Em Aberto,51.0,Norte
CONTR_2026_00165,Fenix Recuperacao de Credito,2026-03-03,92,1716.4,Em Aberto,69.0,Norte
CONTR_2026_00166,Acerta Credito Integrado,2026-03-22,93,9800.85,Ajuizado,88.0,Sudeste
CONTR_2026_00167,Vertice Asset e Cobranca,2026-03-21,73,6341.47,Em Aberto,73.0,Sudeste
CONTR_2026_00168,Fenix Recuperacao de Credito,2026-02-09,49,1774.39,Em Aberto,97.0,Nordeste
CONTR_2026_00169,Fenix Recuperacao de Credito,2026-02-08,83,2609.62,Acordo Firmado,34.0,Sudeste
CONTR_2026_00170,Nexus Mediacao Financeira,2026-02-21,133,5057.14,Acordo Firmado,27.0,Sul
CONTR_2026_00171,Nexus Mediacao Financeira,2026-02-01,71,1430.55,Ajuizado,97.0,Nordeste
CONTR_2026_00172,Fenix Recuperacao de Credito,2026-04-18,71,7534.74,Em Aberto,38.0,Sul
CONTR_2026_00173,Nexus Mediacao Financeira,2026-03-14,94,2492.52,Em Aberto,29.0,Centro-Oeste
CONTR_2026_00174,Fenix Recuperacao de Credito,2026-01-27,54,4563.89,Em Aberto,35.0,Sul
CONTR_2026_00175,Nexus Mediacao Financeira,2026-04-20,120,2583.01,Acordo Firmado,20.0,Nordeste
CONTR_2026_00176,Fenix Recuperacao de Credito,2026-02-21,57,4558.76,Insucesso,19.0,Sul
CONTR_2026_00177,Nexus Mediacao Financeira,2026-04-07,81,2251.62,Acordo Firmado,5.0,Nordeste
CONTR_2026_00178,Vertice Asset e Cobranca,2026-03-04,166,5706.03,Em Aberto,25.0,Nordeste
CONTR_2026_00179,Fenix Recuperacao de Credito,2026-03-15,55,13262.38,Insucesso,93.0,Sul
CONTR_2026_00180,Fenix Recuperacao de Credito,2026-03-04,134,9434.04,Acordo Firmado,26.0,Sul
CONTR_2026_00181,Vertice Asset e Cobranca,2026-01-17,93,2582.2,Acordo Firmado,51.0,Nordeste
CONTR_2026_00182,Fenix Recuperacao de Credito,2026-04-23,97,4646.87,Insucesso,66.0,Norte
CONTR_2026_00183,Fenix Recuperacao de Credito,2026-02-18,65,3950.5,Insucesso,61.0,Nordeste
CONTR_2026_00184,Acerta Credito Integrado,2026-04-10,113,18030.38,Em Aberto,15.0,Sudeste
CONTR_2026_00185,Vertice Asset e Cobranca,2026-03-22,79,9217.8,Acordo Firmado,45.0,Centro-Oeste
CONTR_2026_00186,Nexus Mediacao Financeira,2026-03-23,55,1768.24,Em Aberto,6.0,Sudeste
CONTR_2026_00187,Acerta Credito Integrado,2026-04-26,133,2122.94,Acordo Firmado,58.0,Sudeste
CONTR_2026_00188,Nexus Mediacao Financeira,2026-01-23,78,7253.79,Em Aberto,1.0,Nordeste
CONTR_2026_00189,Nexus Mediacao Financeira,2026-04-08,34,2070.92,Em Aberto,73.0,Nordeste
CONTR_2026_00190,Fenix Recuperacao de Credito,2026-03-13,81,16225.74,Acordo Firmado,43.0,Nordeste
CONTR_2026_00191,Fenix Recuperacao de Credito,2026-01-13,114,25971.4,Em Aberto,16.0,Sudeste
CONTR_2026_00192,Acerta Credito Integrado,2026-01-23,109,8733.75,Em Aberto,14.0,Sudeste
CONTR_2026_00193,Fenix Recuperacao de Credito,2026-02-26,70,1335.83,Em Aberto,74.0,Sul
CONTR_2026_00194,Nexus Mediacao Financeira,2026-03-03,60,4495.92,Em Aberto,19.0,Nordeste
CONTR_2026_00195,Vertice Asset e Cobranca,2026-02-23,49,3805.05,Ajuizado,51.0,Sul
CONTR_2026_00196,Vertice Asset e Cobranca,2026-01-20,89,9235.59,Insucesso,8.0,Sudeste
CONTR_2026_00197,Acerta Credito Integrado,2026-03-27,94,2891.43,Ajuizado,48.0,Sudeste
CONTR_2026_00198,Acerta Credito Integrado,2026-04-21,111,3639.83,Acordo Firmado,12.0,Nordeste
CONTR_2026_00199,Acerta Credito Integrado,2026-02-21,85,1690.83,Acordo Firmado,70.0,Nordeste
CONTR_2026_00200,Acerta Credito Integrado,2026-01-23,84,3297.59,Ajuizado,35.0,Sul
CONTR_2026_00201,Nexus Mediacao Financeira,2026-04-15,81,19420.27,Em Aberto,70.0,Nordeste
CONTR_2026_00202,Fenix Recuperacao de Credito,2026-02-04,94,15449.5,Acordo Firmado,6.0,Nordeste
CONTR_2026_00203,Fenix Recuperacao de Credito,2026-03-08,85,8136.66,Em Aberto,99.0,Norte
CONTR_2026_00204,Acerta Credito Integrado,2026-02-03,118,13089.97,Em Aberto,11.0,Nordeste
CONTR_2026_00205,Nexus Mediacao Financeira,2026-02-02,99,2386.03,Ajuizado,38.0,Nordeste
CONTR_2026_00206,Fenix Recuperacao de Credito,2026-02-15,93,6062.08,Insucesso,91.0,Sudeste
CONTR_2026_00207,Fenix Recuperacao de Credito,2026-03-22,88,4665.46,Em Aberto,26.0,Sudeste
CONTR_2026_00208,Nexus Mediacao Financeira,2026-02-14,61,3946.88,Em Aberto,51.0,Sudeste
CONTR_2026_00209,Fenix Recuperacao de Credito,2026-01-19,89,3163.99,Em Aberto,72.0,Nordeste
CONTR_2026_00210,Fenix Recuperacao de Credito,2026-04-04,70,11261.52,Insucesso,89.0,Sudeste
CONTR_2026_00211,Nexus Mediacao Financeira,2026-03-28,100,4513.14,Insucesso,83.0,Sudeste
CONTR_2026_00212,Nexus Mediacao Financeira,2026-01-15,83,7637.38,Ajuizado,80.0,Sudeste
CONTR_2026_00213,Nexus Mediacao Financeira,2026-03-19,139,7320.03,Ajuizado,50.0,Sul
CONTR_2026_00214,Fenix Recuperacao de Credito,2026-03-07,52,1931.32,Em Aberto,58.0,Nordeste
CONTR_2026_00215,Acerta Credito Integrado,2026-02-08,15,1450.87,Acordo Firmado,26.0,Sudeste
CONTR_2026_00216,Fenix Recuperacao de Credito,2026-04-23,98,10361.76,Em Aberto,44.0,Centro-Oeste
CONTR_2026_00217,Vertice Asset e Cobranca,2026-01-18,70,4569.86,Insucesso,51.0,Norte
CONTR_2026_00218,Acerta Credito Integrado,2026-03-11,94,9505.91,Acordo Firmado,76.0,Sudeste
CONTR_2026_00219,Nexus Mediacao Financeira,2026-02-28,52,2962.46,Em Aberto,24.0,Sudeste
CONTR_2026_00220,Acerta Credito Integrado,2026-02-01,147,11096.42,Em Aberto,77.0,Sul
CONTR_2026_00221,Nexus Mediacao Financeira,2026-01-21,78,10083.97,Em Aberto,59.0,Nordeste
CONTR_2026_00222,Nexus Mediacao Financeira,2026-02-09,68,3603.68,Em Aberto,57.0,Sudeste
CONTR_2026_00223,Fenix Recuperacao de Credito,2026-04-02,146,3852.57,Acordo Firmado,17.0,Nordeste
CONTR_2026_00224,Vertice Asset e Cobranca,2026-01-27,115,3360.78,Insucesso,77.0,Sudeste
CONTR_2026_00225,Vertice Asset e Cobranca,2026-01-02,131,1377.22,Insucesso,51.0,Sul
CONTR_2026_00226,Fenix Recuperacao de Credito,2026-04-07,84,7018.32,Em Aberto,1.0,Nordeste
CONTR_2026_00227,Vertice Asset e Cobranca,2026-03-21,91,2792.3,Acordo Firmado,11.0,Sul
CONTR_2026_00228,Vertice Asset e Cobranca,2026-02-08,72,11971.42,Em Aberto,20.0,Nordeste
CONTR_2026_00229,Acerta Credito Integrado,2026-03-27,68,12583.47,Em Aberto,31.0,Nordeste
CONTR_2026_00230,Nexus Mediacao Financeira,2026-02-25,101,7611.1,Acordo Firmado,99.0,Sul
CONTR_2026_00231,Acerta Credito Integrado,2026-04-17,78,2201.8,Ajuizado,39.0,Nordeste
CONTR_2026_00232,Nexus Mediacao Financeira,2026-04-21,156,1667.67,Em Aberto,63.0,Sudeste
CONTR_2026_00233,Nexus Mediacao Financeira,2026-01-13,115,9676.25,Insucesso,6.0,Nordeste
CONTR_2026_00234,Vertice Asset e Cobranca,2026-02-25,146,12377.72,Acordo Firmado,99.0,Nordeste
CONTR_2026_00235,Fenix Recuperacao de Credito,2026-03-07,23,3369.62,Acordo Firmado,28.0,Sudeste
CONTR_2026_00236,Acerta Credito Integrado,2026-03-19,146,3376.7,Em Aberto,51.0,Nordeste
CONTR_2026_00237,Vertice Asset e Cobranca,2026-02-25,18,3673.74,Acordo Firmado,53.0,Sudeste
CONTR_2026_00238,Fenix Recuperacao de Credito,2026-04-12,52,9990.34,Em Aberto,44.0,Centro-Oeste
CONTR_2026_00239,Nexus Mediacao Financeira,2026-04-15,37,7339.14,Acordo Firmado,65.0,Centro-Oeste
CONTR_2026_00240,Fenix Recuperacao de Credito,2026-01-28,97,1850.41,Acordo Firmado,80.0,Centro-Oeste
CONTR_2026_00241,Fenix Recuperacao de Credito,2026-03-05,89,6235.05,Em Aberto,12.0,Nordeste
CONTR_2026_00242,Vertice Asset e Cobranca,2026-03-12,113,1249.13,Acordo Firmado,28.0,Sul
CONTR_2026_00243,Fenix Recuperacao de Credito,2026-03-23,87,7396.03,Acordo Firmado,51.0,Sul
CONTR_2026_00244,Vertice Asset e Cobranca,2026-03-05,126,8433.03,Ajuizado,72.0,Centro-Oeste
CONTR_2026_00245,Fenix Recuperacao de Credito,2026-02-25,62,9635.6,Ajuizado,68.0,Nordeste
CONTR_2026_00246,Fenix Recuperacao de Credito,2026-02-10,127,6112.72,Acordo Firmado,95.0,Sul
CONTR_2026_00247,Vertice Asset e Cobranca,2026-04-29,89,2195.84,Insucesso,30.0,Nordeste
CONTR_2026_00248,Vertice Asset e Cobranca,2026-04-10,160,9093.25,Acordo Firmado,35.0,Nordeste
CONTR_2026_00249,Vertice Asset e Cobranca,2026-02-10,116,12702.46,Insucesso,51.0,Sudeste
CONTR_2026_00250,Acerta Credito Integrado,2026-04-10,80,6222.83,Acordo Firmado,85.0,Sul
CONTR_2026_00251,Vertice Asset e Cobranca,2026-04-18,88,2808.73,Acordo Firmado,30.0,Nordeste
CONTR_2026_00252,Vertice Asset e Cobranca,2026-01-04,59,2188.36,Em Aberto,80.0,Nordeste
CONTR_2026_00253,Acerta Credito Integrado,2026-02-26,100,2516.33,Acordo Firmado,63.0,Sudeste
CONTR_2026_00254,Vertice Asset e Cobranca,2026-01-30,80,1285.24,Insucesso,8.0,Nordeste
CONTR_2026_00255,Fenix Recuperacao de Credito,2026-03-29,111,1251.1,Em Aberto,91.0,Sudeste
CONTR_2026_00256,Nexus Mediacao Financeira,2026-03-25,49,2962.27,Acordo Firmado,33.0,Centro-Oeste
CONTR_2026_00257,Fenix Recuperacao de Credito,2026-02-15,80,14017.13,Em Aberto,43.0,Sul
CONTR_2026_00258,Nexus Mediacao Financeira,2026-02-25,55,6055.42,Insucesso,76.0,Sudeste
CONTR_2026_00259,Nexus Mediacao Financeira,2026-01-31,57,3639.67,Ajuizado,43.0,Nordeste
CONTR_2026_00260,Fenix Recuperacao de Credito,2026-03-29,108,1254.53,Acordo Firmado,45.0,Centro-Oeste
CONTR_2026_00261,Nexus Mediacao Financeira,2026-01-07,123,24078.13,Acordo Firmado,87.0,Centro-Oeste
CONTR_2026_00262,Vertice Asset e Cobranca,2026-03-31,20,4242.6,Acordo Firmado,54.0,Sudeste
CONTR_2026_00263,Fenix Recuperacao de Credito,2026-03-18,145,25040.11,Insucesso,65.0,Sudeste
CONTR_2026_00264,Nexus Mediacao Financeira,2026-02-23,132,7567.33,Em Aberto,7.0,Sul
CONTR_2026_00265,Acerta Credito Integrado,2026-01-08,49,1462.99,Insucesso,36.0,Sudeste
CONTR_2026_00266,Acerta Credito Integrado,2026-02-24,114,10995.89,Em Aberto,25.0,Sudeste
CONTR_2026_00267,Nexus Mediacao Financeira,2026-03-10,76,4979.36,Em Aberto,85.0,Sul
CONTR_2026_00268,Acerta Credito Integrado,2026-02-13,87,4214.05,Acordo Firmado,37.0,Nordeste
CONTR_2026_00269,Vertice Asset e Cobranca,2026-01-13,108,8291.02,Ajuizado,12.0,Norte
CONTR_2026_00270,Vertice Asset e Cobranca,2026-04-03,104,8653.85,Em Aberto,32.0,Norte
CONTR_2026_00271,Acerta Credito Integrado,2026-01-20,72,9158.72,Ajuizado,49.0,Sudeste
CONTR_2026_00272,Acerta Credito Integrado,2026-03-19,72,8346.77,Ajuizado,38.0,Norte
CONTR_2026_00273,Acerta Credito Integrado,2026-02-01,74,6325.93,Acordo Firmado,56.0,Sul
CONTR_2026_00274,Fenix Recuperacao de Credito,2026-03-01,124,6829.23,Em Aberto,80.0,Norte
CONTR_2026_00275,Nexus Mediacao Financeira,2026-02-19,34,10980.2,Acordo Firmado,65.0,Centro-Oeste
CONTR_2026_00276,Nexus Mediacao Financeira,2026-01-27,85,7064.64,Insucesso,26.0,Nordeste
CONTR_2026_00277,Acerta Credito Integrado,2026-04-30,137,1734.35,Acordo Firmado,57.0,Nordeste
CONTR_2026_00278,Nexus Mediacao Financeira,2026-01-25,111,6385.24,Em Aberto,14.0,Nordeste
CONTR_2026_00279,Acerta Credito Integrado,2026-02-21,121,2131.61,Acordo Firmado,56.0,Nordeste
CONTR_2026_00280,Acerta Credito Integrado,2026-03-09,85,1271.78,Insucesso,70.0,Sudeste
CONTR_2026_00281,Acerta Credito Integrado,2026-01-21,55,2405.05,Acordo Firmado,41.0,Sudeste
CONTR_2026_00282,Vertice Asset e Cobranca,2026-01-18,91,2038.57,Ajuizado,51.0,Nordeste
CONTR_2026_00283,Vertice Asset e Cobranca,2026-02-08,69,1738.46,Em Aberto,84.0,Nordeste
CONTR_2026_00284,Fenix Recuperacao de Credito,2026-01-15,156,2410.27,Em Aberto,67.0,Nordeste
CONTR_2026_00285,Nexus Mediacao Financeira,2026-02-22,85,5345.63,Em Aberto,12.0,Nordeste
CONTR_2026_00286,Fenix Recuperacao de Credito,2026-02-07,109,2021.25,Em Aberto,97.0,Nordeste
CONTR_2026_00287,Vertice Asset e Cobranca,2026-02-17,141,2838.62,Em Aberto,49.0,Centro-Oeste
CONTR_2026_00288,Nexus Mediacao Financeira,2026-02-21,57,10672.02,Acordo Firmado,1.0,Centro-Oeste
CONTR_2026_00289,Vertice Asset e Cobranca,2026-03-29,21,12148.57,Acordo Firmado,19.0,Nordeste
CONTR_2026_00290,Nexus Mediacao Financeira,2026-03-13,104,3225.46,Em Aberto,66.0,Sudeste
CONTR_2026_00291,Fenix Recuperacao de Credito,2026-01-28,110,12660.75,Insucesso,58.0,Centro-Oeste
CONTR_2026_00292,Fenix Recuperacao de Credito,2026-03-26,77,5606.16,Em Aberto,87.0,Sudeste
CONTR_2026_00293,Acerta Credito Integrado,2026-01-16,55,2483.3,Ajuizado,72.0,Sul
CONTR_2026_00294,Vertice Asset e Cobranca,2026-04-28,99,8218.09,Acordo Firmado,98.0,Norte
CONTR_2026_00295,Fenix Recuperacao de Credito,2026-01-16,89,13961.27,Em Aberto,4.0,Nordeste
CONTR_2026_00296,Nexus Mediacao Financeira,2026-02-04,99,6582.82,Em Aberto,8.0,Nordeste
CONTR_2026_00297,Acerta Credito Integrado,2026-01-17,56,2324.04,Em Aberto,27.0,Sudeste
CONTR_2026_00298,Fenix Recuperacao de Credito,2026-03-14,99,1648.97,Insucesso,26.0,Sudeste
CONTR_2026_00299,Nexus Mediacao Financeira,2026-04-09,114,2503.01,Em Aberto,97.0,Nordeste
CONTR_2026_00300,Fenix Recuperacao de Credito,2026-02-21,44,3266.29,Acordo Firmado,43.0,Centro-Oeste
CONTR_2026_00301,Fenix Recuperacao de Credito,2026-04-03,133,3230.34,Acordo Firmado,40.0,Sul
CONTR_2026_00302,Nexus Mediacao Financeira,2026-04-13,97,4651.22,Em Aberto,50.0,Nordeste
CONTR_2026_00303,Nexus Mediacao Financeira,2026-03-23,115,4717.7,Acordo Firmado,67.0,Sul
CONTR_2026_00304,Nexus Mediacao Financeira,2026-01-12,51,4387.92,Em Aberto,73.0,Sul
CONTR_2026_00305,Acerta Credito Integrado,2026-03-24,110,3306.63,Em Aberto,74.0,Nordeste
CONTR_2026_00306,Vertice Asset e Cobranca,2026-02-17,40,1764.89,Em Aberto,29.0,Nordeste
CONTR_2026_00307,Nexus Mediacao Financeira,2026-01-22,61,3909.16,Acordo Firmado,85.0,Centro-Oeste
CONTR_2026_00308,Vertice Asset e Cobranca,2026-04-30,97,22458.62,Em Aberto,42.0,Nordeste
CONTR_2026_00309,Acerta Credito Integrado,2026-02-18,81,6504.77,Insucesso,18.0,Sudeste
CONTR_2026_00310,Vertice Asset e Cobranca,2026-02-21,90,4097.1,Acordo Firmado,81.0,Nordeste
CONTR_2026_00311,Vertice Asset e Cobranca,2026-03-20,147,1635.91,Em Aberto,21.0,Centro-Oeste
CONTR_2026_00312,Fenix Recuperacao de Credito,2026-01-01,90,2399.22,Acordo Firmado,67.0,Nordeste
CONTR_2026_00313,Fenix Recuperacao de Credito,2026-03-07,111,5474.18,Acordo Firmado,62.0,Nordeste
CONTR_2026_00314,Vertice Asset e Cobranca,2026-03-05,87,4644.52,Insucesso,27.0,Sul
CONTR_2026_00315,Acerta Credito Integrado,2026-01-08,87,1296.91,Em Aberto,96.0,Nordeste
CONTR_2026_00316,Nexus Mediacao Financeira,2026-03-27,60,1650.91,Acordo Firmado,93.0,Nordeste
CONTR_2026_00317,Vertice Asset e Cobranca,2026-01-25,101,3400.35,Acordo Firmado,47.0,Nordeste
CONTR_2026_00318,Fenix Recuperacao de Credito,2026-03-07,166,1958.92,Em Aberto,93.0,Sudeste
CONTR_2026_00319,Fenix Recuperacao de Credito,2026-04-25,92,17031.73,Em Aberto,26.0,Nordeste
CONTR_2026_00320,Vertice Asset e Cobranca,2026-03-14,81,1373.57,Acordo Firmado,9.0,Sudeste
CONTR_2026_00321,Nexus Mediacao Financeira,2026-03-14,124,19457.8,Insucesso,91.0,Sul
CONTR_2026_00322,Acerta Credito Integrado,2026-03-18,120,6543.62,Em Aberto,12.0,Nordeste
CONTR_2026_00323,Nexus Mediacao Financeira,2026-03-11,103,3814.72,Acordo Firmado,16.0,Sul
CONTR_2026_00324,Vertice Asset e Cobranca,2026-04-04,80,5076.48,Acordo Firmado,47.0,Sul
CONTR_2026_00325,Vertice Asset e Cobranca,2026-03-20,124,3839.22,Em Aberto,56.0,Sul
CONTR_2026_00326,Acerta Credito Integrado,2026-02-20,93,5457.29,Insucesso,66.0,Nordeste
CONTR_2026_00327,Nexus Mediacao Financeira,2026-02-22,117,2024.41,Insucesso,51.0,Sudeste
CONTR_2026_00328,Nexus Mediacao Financeira,2026-01-15,65,1839.24,Acordo Firmado,27.0,Sul
CONTR_2026_00329,Vertice Asset e Cobranca,2026-02-19,72,4960.14,Acordo Firmado,73.0,Nordeste
CONTR_2026_00330,Fenix Recuperacao de Credito,2026-03-12,92,1570.06,Acordo Firmado,66.0,Sudeste
CONTR_2026_00331,Vertice Asset e Cobranca,2026-03-16,52,2929.98,Em Aberto,62.0,Nordeste
CONTR_2026_00332,Acerta Credito Integrado,2026-04-14,78,14279.29,Acordo Firmado,71.0,Nordeste
CONTR_2026_00333,Fenix Recuperacao de Credito,2026-02-07,51,11645.97,Em Aberto,8.0,Sul
CONTR_2026_00334,Fenix Recuperacao de Credito,2026-02-09,43,10101.2,Insucesso,38.0,Sudeste
CONTR_2026_00335,Fenix Recuperacao de Credito,2026-03-07,163,4737.89,Ajuizado,6.0,Sudeste
CONTR_2026_00336,Fenix Recuperacao de Credito,2026-04-25,71,1341.4,Acordo Firmado,59.0,Nordeste
CONTR_2026_00337,Acerta Credito Integrado,2026-04-22,74,1846.95,Insucesso,19.0,Sudeste
CONTR_2026_00338,Acerta Credito Integrado,2026-02-08,92,13794.45,Insucesso,79.0,Nordeste
CONTR_2026_00339,Vertice Asset e Cobranca,2026-03-15,58,10251.88,Ajuizado,56.0,Norte
CONTR_2026_00340,Fenix Recuperacao de Credito,2026-04-18,74,3562.21,Ajuizado,28.0,Nordeste
CONTR_2026_00341,Vertice Asset e Cobranca,2026-01-17,145,7727.73,Em Aberto,94.0,Sul
CONTR_2026_00342,Vertice Asset e Cobranca,2026-01-07,100,10838.85,Acordo Firmado,91.0,Centro-Oeste
CONTR_2026_00343,Fenix Recuperacao de Credito,2026-04-28,119,6042.34,Em Aberto,10.0,Nordeste
CONTR_2026_00344,Vertice Asset e Cobranca,2026-04-14,137,10804.57,Insucesso,45.0,Nordeste
CONTR_2026_00345,Vertice Asset e Cobranca,2026-02-08,96,2603.03,Acordo Firmado,95.0,Centro-Oeste
CONTR_2026_00346,Nexus Mediacao Financeira,2026-03-09,83,4300.75,Em Aberto,65.0,Sul
CONTR_2026_00347,Nexus Mediacao Financeira,2026-02-04,46,5526.11,Em Aberto,50.0,Nordeste
CONTR_2026_00348,Fenix Recuperacao de Credito,2026-02-20,78,6186.93,Acordo Firmado,32.0,Sul
CONTR_2026_00349,Vertice Asset e Cobranca,2026-02-16,85,22910.31,Acordo Firmado,61.0,Sul
CONTR_2026_00350,Nexus Mediacao Financeira,2026-02-05,65,10551.78,Em Aberto,16.0,Sudeste
CONTR_2026_00351,Nexus Mediacao Financeira,2026-03-05,136,1484.23,Em Aberto,6.0,Norte
CONTR_2026_00352,Acerta Credito Integrado,2026-04-05,123,2126.43,Ajuizado,66.0,Sudeste
CONTR_2026_00353,Nexus Mediacao Financeira,2026-03-30,119,6552.19,Acordo Firmado,62.0,Sudeste
CONTR_2026_00354,Fenix Recuperacao de Credito,2026-04-15,86,2575.54,Em Aberto,66.0,Nordeste
CONTR_2026_00355,Fenix Recuperacao de Credito,2026-01-13,59,2065.63,Em Aberto,67.0,Norte
CONTR_2026_00356,Nexus Mediacao Financeira,2026-01-18,129,6692.82,Em Aberto,19.0,Nordeste
CONTR_2026_00357,Fenix Recuperacao de Credito,2026-01-21,100,5043.93,Acordo Firmado,4.0,Nordeste
CONTR_2026_00358,Nexus Mediacao Financeira,2026-04-22,113,9378.65,Em Aberto,51.0,Sul
CONTR_2026_00359,Fenix Recuperacao de Credito,2026-03-06,108,3123.62,Em Aberto,18.0,Nordeste
CONTR_2026_00360,Nexus Mediacao Financeira,2026-04-10,99,3200.18,Acordo Firmado,82.0,Sudeste
CONTR_2026_00361,Vertice Asset e Cobranca,2026-04-24,149,2015.49,Em Aberto,46.0,Nordeste
CONTR_2026_00362,Nexus Mediacao Financeira,2026-01-08,70,6481.47,Insucesso,46.0,Nordeste
CONTR_2026_00363,Vertice Asset e Cobranca,2026-04-26,80,7370.3,Acordo Firmado,85.0,Sudeste
CONTR_2026_00364,Nexus Mediacao Financeira,2026-02-17,139,1944.98,Em Aberto,21.0,Sudeste
CONTR_2026_00365,Fenix Recuperacao de Credito,2026-03-26,92,2665.91,Em Aberto,30.0,Sul
CONTR_2026_00366,Vertice Asset e Cobranca,2026-02-12,86,2037.78,Em Aberto,64.0,Sudeste
CONTR_2026_00367,Vertice Asset e Cobranca,2026-04-26,82,8085.23,Acordo Firmado,41.0,Sudeste
CONTR_2026_00368,Fenix Recuperacao de Credito,2026-02-22,110,2372.9,Em Aberto,17.0,Sudeste
CONTR_2026_00369,Fenix Recuperacao de Credito,2026-04-27,83,2025.83,Em Aberto,5.0,Nordeste
CONTR_2026_00370,Fenix Recuperacao de Credito,2026-03-26,79,1562.06,Acordo Firmado,5.0,Nordeste
CONTR_2026_00371,Fenix Recuperacao de Credito,2026-01-27,109,10098.15,Acordo Firmado,73.0,Centro-Oeste
CONTR_2026_00372,Fenix Recuperacao de Credito,2026-01-19,92,1861.83,Ajuizado,75.0,Sudeste
CONTR_2026_00373,Fenix Recuperacao de Credito,2026-01-23,59,1350.58,Ajuizado,48.0,Nordeste
CONTR_2026_00374,Nexus Mediacao Financeira,2026-04-25,90,1532.33,Em Aberto,78.0,Nordeste
CONTR_2026_00375,Fenix Recuperacao de Credito,2026-02-19,131,3485.09,Em Aberto,38.0,Centro-Oeste
CONTR_2026_00376,Vertice Asset e Cobranca,2026-02-20,112,5739.78,Acordo Firmado,6.0,Norte
CONTR_2026_00377,Acerta Credito Integrado,2026-02-12,135,3739.19,Em Aberto,58.0,Sul
CONTR_2026_00378,Fenix Recuperacao de Credito,2026-04-09,68,4238.58,Acordo Firmado,14.0,Sudeste
CONTR_2026_00379,Acerta Credito Integrado,2026-04-14,122,13785.42,Em Aberto,72.0,Centro-Oeste
CONTR_2026_00380,Vertice Asset e Cobranca,2026-04-26,70,8313.16,Ajuizado,94.0,Sudeste
CONTR_2026_00381,Fenix Recuperacao de Credito,2026-02-20,53,3285.47,Insucesso,59.0,Sudeste
CONTR_2026_00382,Nexus Mediacao Financeira,2026-04-16,65,2038.04,Insucesso,65.0,Sul
CONTR_2026_00383,Nexus Mediacao Financeira,2026-04-22,93,8114.95,Em Aberto,89.0,Sudeste
CONTR_2026_00384,Acerta Credito Integrado,2026-03-10,120,5460.99,Acordo Firmado,13.0,Sul
CONTR_2026_00385,Acerta Credito Integrado,2026-04-26,99,17583.41,Insucesso,27.0,Nordeste
CONTR_2026_00386,Acerta Credito Integrado,2026-02-10,85,13153.93,Acordo Firmado,25.0,Nordeste
CONTR_2026_00387,Vertice Asset e Cobranca,2026-03-13,59,5346.47,Em Aberto,56.0,Sul
CONTR_2026_00388,Fenix Recuperacao de Credito,2026-01-11,111,1562.37,Em Aberto,68.0,Sudeste
CONTR_2026_00389,Acerta Credito Integrado,2026-03-21,118,1357.25,Em Aberto,59.0,Sudeste
CONTR_2026_00390,Acerta Credito Integrado,2026-04-13,98,10286.01,Em Aberto,95.0,Sudeste
CONTR_2026_00391,Vertice Asset e Cobranca,2026-04-21,58,7187.34,Em Aberto,49.0,Norte
CONTR_2026_00392,Vertice Asset e Cobranca,2026-03-29,114,5306.69,Em Aberto,18.0,Centro-Oeste
CONTR_2026_00393,Vertice Asset e Cobranca,2026-03-26,126,7038.61,Acordo Firmado,81.0,Sudeste
CONTR_2026_00394,Acerta Credito Integrado,2026-02-21,135,5080.33,Em Aberto,75.0,Sudeste
CONTR_2026_00395,Vertice Asset e Cobranca,2026-01-23,76,5517.75,Em Aberto,76.0,Sudeste
CONTR_2026_00396,Fenix Recuperacao de Credito,2026-02-18,103,2480.2,Em Aberto,3.0,Sul
CONTR_2026_00397,Acerta Credito Integrado,2026-02-07,73,4239.48,Acordo Firmado,79.0,Centro-Oeste
CONTR_2026_00398,Vertice Asset e Cobranca,2026-02-16,62,1255.68,Em Aberto,57.0,Nordeste
CONTR_2026_00399,Acerta Credito Integrado,2026-03-13,137,6724.16,Insucesso,6.0,Sudeste
CONTR_2026_00400,Acerta Credito Integrado,2026-01-07,106,3219.6,Insucesso,69.0,Nordeste
CONTR_2026_00401,Fenix Recuperacao de Credito,2026-03-07,128,6540.28,Em Aberto,31.0,Sudeste
CONTR_2026_00402,Fenix Recuperacao de Credito,2026-04-04,53,14249.74,Acordo Firmado,8.0,Nordeste
CONTR_2026_00403,Nexus Mediacao Financeira,2026-03-18,98,5678.07,Acordo Firmado,10.0,Sul
CONTR_2026_00404,Acerta Credito Integrado,2026-03-03,105,3188.12,Em Aberto,51.0,Sudeste
CONTR_2026_00405,Vertice Asset e Cobranca,2026-03-28,65,2360.66,Em Aberto,12.0,Centro-Oeste
CONTR_2026_00406,Acerta Credito Integrado,2026-01-29,134,2649.81,Em Aberto,92.0,Norte
CONTR_2026_00407,Vertice Asset e Cobranca,2026-02-07,82,23029.6,Acordo Firmado,76.0,Norte
CONTR_2026_00408,Fenix Recuperacao de Credito,2026-04-11,103,5977.28,Insucesso,94.0,Nordeste
CONTR_2026_00409,Fenix Recuperacao de Credito,2026-03-25,73,4103.97,Em Aberto,19.0,Sudeste
CONTR_2026_00410,Fenix Recuperacao de Credito,2026-02-02,54,2513.16,Em Aberto,21.0,Sudeste
CONTR_2026_00411,Vertice Asset e Cobranca,2026-01-29,117,8615.14,Acordo Firmado,81.0,Sul
CONTR_2026_00412,Vertice Asset e Cobranca,2026-04-24,101,3650.57,Em Aberto,14.0,Nordeste
CONTR_2026_00413,Vertice Asset e Cobranca,2026-03-20,97,2991.43,Em Aberto,75.0,Centro-Oeste
CONTR_2026_00414,Nexus Mediacao Financeira,2026-01-23,81,2457.1,Acordo Firmado,29.0,Sudeste
CONTR_2026_00415,Nexus Mediacao Financeira,2026-04-16,100,2226.71,Em Aberto,7.0,Sudeste
CONTR_2026_00416,Vertice Asset e Cobranca,2026-01-03,127,2796.74,Acordo Firmado,49.0,Sudeste
CONTR_2026_00417,Vertice Asset e Cobranca,2026-04-11,69,6133.61,Acordo Firmado,65.0,Centro-Oeste
CONTR_2026_00418,Vertice Asset e Cobranca,2026-04-30,106,2571.18,Em Aberto,7.0,Sudeste
CONTR_2026_00419,Nexus Mediacao Financeira,2026-04-03,96,1512.56,Acordo Firmado,14.0,Sudeste
CONTR_2026_00420,Acerta Credito Integrado,2026-02-14,84,3423.82,Acordo Firmado,16.0,Sul
CONTR_2026_00421,Acerta Credito Integrado,2026-01-08,40,5595.6,Acordo Firmado,99.0,Sul
CONTR_2026_00422,Acerta Credito Integrado,2026-03-27,89,1510.54,Em Aberto,16.0,Sul
CONTR_2026_00423,Fenix Recuperacao de Credito,2026-04-27,110,4213.11,Acordo Firmado,85.0,Nordeste
CONTR_2026_00424,Vertice Asset e Cobranca,2026-01-29,99,1468.53,Acordo Firmado,13.0,Nordeste
CONTR_2026_00425,Fenix Recuperacao de Credito,2026-01-02,46,8508.96,Ajuizado,82.0,Nordeste
CONTR_2026_00426,Nexus Mediacao Financeira,2026-04-15,127,11474.04,Em Aberto,29.0,Nordeste
CONTR_2026_00427,Vertice Asset e Cobranca,2026-04-23,139,17794.61,Em Aberto,85.0,Nordeste
CONTR_2026_00428,Acerta Credito Integrado,2026-02-19,86,7076.34,Acordo Firmado,73.0,Sul
CONTR_2026_00429,Vertice Asset e Cobranca,2026-04-19,159,6199.24,Acordo Firmado,95.0,Nordeste
CONTR_2026_00430,Fenix Recuperacao de Credito,2026-03-06,65,7122.11,Acordo Firmado,61.0,Sul
CONTR_2026_00431,Fenix Recuperacao de Credito,2026-04-18,51,10842.99,Em Aberto,37.0,Norte
CONTR_2026_00432,Acerta Credito Integrado,2026-01-20,59,9427.73,Acordo Firmado,17.0,Nordeste
CONTR_2026_00433,Nexus Mediacao Financeira,2026-02-21,97,4085.69,Acordo Firmado,31.0,Sudeste
CONTR_2026_00434,Fenix Recuperacao de Credito,2026-03-26,36,6464.47,Acordo Firmado,59.0,Nordeste
CONTR_2026_00435,Fenix Recuperacao de Credito,2026-02-06,80,2083.21,Insucesso,88.0,Nordeste
CONTR_2026_00436,Acerta Credito Integrado,2026-03-13,178,7136.0,Em Aberto,47.0,Sudeste
CONTR_2026_00437,Fenix Recuperacao de Credito,2026-01-27,44,7760.96,Em Aberto,6.0,Nordeste
CONTR_2026_00438,Acerta Credito Integrado,2026-02-16,73,9280.04,Acordo Firmado,32.0,Sudeste
CONTR_2026_00439,Acerta Credito Integrado,2026-04-09,58,9709.1,Acordo Firmado,31.0,Nordeste
CONTR_2026_00440,Fenix Recuperacao de Credito,2026-01-06,81,4098.27,Em Aberto,18.0,Nordeste
CONTR_2026_00441,Fenix Recuperacao de Credito,2026-03-01,79,12891.93,Insucesso,9.0,Sudeste
CONTR_2026_00442,Vertice Asset e Cobranca,2026-02-14,9999,21003.52,Em Aberto,3.0,Nordeste
CONTR_2026_00443,Vertice Asset e Cobranca,2026-02-13,85,20292.91,Acordo Firmado,71.0,Sudeste
CONTR_2026_00444,Vertice Asset e Cobranca,2026-03-24,108,5606.56,Insucesso,26.0,Nordeste
CONTR_2026_00445,Acerta Credito Integrado,2026-01-18,131,5299.03,Acordo Firmado,13.0,Sudeste
CONTR_2026_00446,Fenix Recuperacao de Credito,2026-04-30,81,4256.31,Acordo Firmado,34.0,Sudeste
CONTR_2026_00447,Vertice Asset e Cobranca,2026-03-06,90,2981.9,Acordo Firmado,43.0,Centro-Oeste
CONTR_2026_00448,Acerta Credito Integrado,2026-01-25,103,3230.51,Em Aberto,93.0,Sudeste
CONTR_2026_00449,Vertice Asset e Cobranca,2026-01-27,52,2415.15,Insucesso,33.0,Nordeste
CONTR_2026_00450,Fenix Recuperacao de Credito,2026-01-07,85,16786.41,Em Aberto,69.0,Sul
CONTR_2026_00451,Acerta Credito Integrado,2026-02-13,74,6035.64,Insucesso,36.0,Sudeste
CONTR_2026_00452,Nexus Mediacao Financeira,2026-04-16,118,14825.72,Acordo Firmado,79.0,Nordeste
CONTR_2026_00453,Vertice Asset e Cobranca,2026-01-29,142,3647.98,Em Aberto,74.0,Nordeste
CONTR_2026_00454,Fenix Recuperacao de Credito,2026-04-05,66,2970.5,Em Aberto,68.0,Nordeste
CONTR_2026_00455,Fenix Recuperacao de Credito,2026-02-13,128,1912.11,Acordo Firmado,47.0,Sul
CONTR_2026_00456,Vertice Asset e Cobranca,2026-04-17,46,2985.13,Acordo Firmado,61.0,Sul
CONTR_2026_00457,Fenix Recuperacao de Credito,2026-02-05,96,12243.68,Insucesso,45.0,Sudeste
CONTR_2026_00458,Vertice Asset e Cobranca,2026-01-19,97,5564.67,Em Aberto,96.0,Nordeste
CONTR_2026_00459,Fenix Recuperacao de Credito,2026-01-06,45,4211.76,Acordo Firmado,51.0,Sudeste
CONTR_2026_00460,Fenix Recuperacao de Credito,2026-01-25,65,5399.54,Insucesso,84.0,Sudeste
CONTR_2026_00461,Fenix Recuperacao de Credito,2026-01-31,62,12360.13,Acordo Firmado,48.0,Nordeste
CONTR_2026_00462,Nexus Mediacao Financeira,2026-01-09,50,2271.06,Acordo Firmado,41.0,Nordeste
CONTR_2026_00463,Acerta Credito Integrado,2026-03-25,15,18057.13,Em Aberto,38.0,Sudeste
CONTR_2026_00464,Nexus Mediacao Financeira,2026-03-15,83,6685.98,Insucesso,68.0,Sul
CONTR_2026_00465,Vertice Asset e Cobranca,2026-02-06,87,10867.2,Em Aberto,75.0,Sudeste
CONTR_2026_00466,Vertice Asset e Cobranca,2026-01-27,87,4926.49,Acordo Firmado,11.0,Sudeste
CONTR_2026_00467,Vertice Asset e Cobranca,2026-01-13,112,2550.11,Em Aberto,16.0,Centro-Oeste
CONTR_2026_00468,Acerta Credito Integrado,2026-02-10,31,5390.11,Acordo Firmado,65.0,Sudeste
CONTR_2026_00469,Fenix Recuperacao de Credito,2026-03-07,78,1551.79,Insucesso,97.0,Centro-Oeste
CONTR_2026_00470,Vertice Asset e Cobranca,2026-04-24,166,10759.31,Ajuizado,71.0,Nordeste
CONTR_2026_00471,Fenix Recuperacao de Credito,2026-03-26,116,6443.1,Em Aberto,67.0,Sudeste
CONTR_2026_00472,Vertice Asset e Cobranca,2026-04-07,116,2862.4,Acordo Firmado,71.0,Nordeste
CONTR_2026_00473,Fenix Recuperacao de Credito,2026-01-24,59,2804.26,Acordo Firmado,1.0,Sul
CONTR_2026_00474,Acerta Credito Integrado,2026-04-27,84,12855.23,Em Aberto,97.0,Sul
CONTR_2026_00475,Nexus Mediacao Financeira,2026-02-13,21,10391.33,Ajuizado,71.0,Sudeste
CONTR_2026_00476,Vertice Asset e Cobranca,2026-04-16,107,8400.77,Ajuizado,4.0,Sudeste
CONTR_2026_00477,Fenix Recuperacao de Credito,2026-04-08,132,3878.94,Acordo Firmado,82.0,Sudeste
CONTR_2026_00478,Nexus Mediacao Financeira,2026-03-01,46,11498.39,Acordo Firmado,37.0,Nordeste
CONTR_2026_00479,Vertice Asset e Cobranca,2026-01-09,55,2617.72,Em Aberto,14.0,Sudeste
CONTR_2026_00480,Nexus Mediacao Financeira,2026-01-02,89,1322.76,Insucesso,79.0,Nordeste
CONTR_2026_00481,Nexus Mediacao Financeira,2026-04-29,94,4034.95,Acordo Firmado,25.0,Sudeste
CONTR_2026_00482,Nexus Mediacao Financeira,2026-02-25,73,13799.06,Acordo Firmado,51.0,Sul
CONTR_2026_00483,Vertice Asset e Cobranca,2026-01-30,65,5434.14,Em Aberto,4.0,Sudeste
CONTR_2026_00484,Nexus Mediacao Financeira,2026-01-22,65,2503.16,Acordo Firmado,66.0,Sudeste
CONTR_2026_00485,Nexus Mediacao Financeira,2026-04-20,88,6460.86,Em Aberto,43.0,Norte
CONTR_2026_00486,Fenix Recuperacao de Credito,2026-03-16,107,8032.18,Em Aberto,26.0,Nordeste
CONTR_2026_00487,Fenix Recuperacao de Credito,2026-04-29,88,5196.29,Acordo Firmado,84.0,Sudeste
CONTR_2026_00488,Vertice Asset e Cobranca,2026-04-17,85,10444.76,Acordo Firmado,15.0,Nordeste
CONTR_2026_00489,Vertice Asset e Cobranca,2026-03-22,37,5687.01,Em Aberto,51.0,Sudeste
CONTR_2026_00490,Acerta Credito Integrado,2026-04-10,116,1704.74,Em Aberto,37.0,Sul
CONTR_2026_00491,Vertice Asset e Cobranca,2026-01-13,88,9491.7,Em Aberto,43.0,Sul
CONTR_2026_00492,Nexus Mediacao Financeira,2026-03-12,76,1991.21,Ajuizado,42.0,Sudeste
CONTR_2026_00493,Vertice Asset e Cobranca,2026-01-16,97,11917.45,Acordo Firmado,13.0,Nordeste
CONTR_2026_00494,Fenix Recuperacao de Credito,2026-04-07,64,4889.1,Acordo Firmado,16.0,Nordeste
CONTR_2026_00495,Vertice Asset e Cobranca,2026-02-14,77,7781.36,Acordo Firmado,42.0,Sul
CONTR_2026_00496,Vertice Asset e Cobranca,2026-03-06,93,19094.73,Em Aberto,38.0,Sul
CONTR_2026_00497,Nexus Mediacao Financeira,2026-01-11,69,4027.67,Em Aberto,66.0,Nordeste
CONTR_2026_00498,Fenix Recuperacao de Credito,2026-03-11,40,4278.36,Acordo Firmado,65.0,Nordeste
CONTR_2026_00499,Vertice Asset e Cobranca,2026-01-20,35,9939.07,Acordo Firmado,5.0,Sul
CONTR_2026_00500,Vertice Asset e Cobranca,2026-04-09,103,1784.0,Acordo Firmado,30.0,Norte
CONTR_2026_00501,Nexus Mediacao Financeira,2026-04-18,89,1340.45,Em Aberto,51.0,Sudeste
CONTR_2026_00502,Nexus Mediacao Financeira,2026-03-04,88,5835.7,Acordo Firmado,43.0,Nordeste
CONTR_2026_00503,Vertice Asset e Cobranca,2026-04-11,55,2116.73,Em Aberto,32.0,Nordeste
CONTR_2026_00504,Acerta Credito Integrado,2026-04-15,89,2676.81,Acordo Firmado,67.0,Sul
CONTR_2026_00505,Nexus Mediacao Financeira,2026-03-31,77,19907.17,Ajuizado,67.0,Sudeste
CONTR_2026_00506,Fenix Recuperacao de Credito,2026-01-12,71,6494.29,Acordo Firmado,42.0,Nordeste
CONTR_2026_00507,Fenix Recuperacao de Credito,2026-03-03,87,10881.48,Acordo Firmado,5.0,Nordeste
CONTR_2026_00508,Acerta Credito Integrado,2026-04-04,98,12603.68,Em Aberto,99.0,Sul
CONTR_2026_00509,Fenix Recuperacao de Credito,2026-04-02,142,1846.84,Em Aberto,86.0,Nordeste
CONTR_2026_00510,Acerta Credito Integrado,2026-04-01,106,14340.02,Em Aberto,96.0,Sudeste
CONTR_2026_00511,Nexus Mediacao Financeira,2026-02-11,115,11268.99,Acordo Firmado,59.0,Centro-Oeste
CONTR_2026_00512,Vertice Asset e Cobranca,2026-03-24,123,1432.01,Acordo Firmado,23.0,Sudeste
CONTR_2026_00513,Fenix Recuperacao de Credito,2026-03-10,67,20106.65,Acordo Firmado,8.0,Sul
CONTR_2026_00514,Acerta Credito Integrado,2026-02-27,80,4265.37,Insucesso,68.0,Nordeste
CONTR_2026_00515,Fenix Recuperacao de Credito,2026-01-05,62,19543.11,Insucesso,70.0,Nordeste
CONTR_2026_00516,Fenix Recuperacao de Credito,2026-04-15,69,9882.22,Insucesso,91.0,Nordeste
CONTR_2026_00517,Vertice Asset e Cobranca,2026-01-27,77,4100.29,Acordo Firmado,51.0,Nordeste
CONTR_2026_00518,Acerta Credito Integrado,2026-01-28,68,4782.67,Acordo Firmado,44.0,Nordeste
CONTR_2026_00519,Vertice Asset e Cobranca,2026-01-26,96,2808.59,Insucesso,93.0,Nordeste
CONTR_2026_00520,Fenix Recuperacao de Credito,2026-04-01,102,4536.62,Acordo Firmado,38.0,Sudeste
CONTR_2026_00521,Nexus Mediacao Financeira,2026-04-26,50,1768.6,Em Aberto,44.0,Sudeste
CONTR_2026_00522,Vertice Asset e Cobranca,2026-02-18,80,13164.47,Em Aberto,6.0,Nordeste
CONTR_2026_00523,Vertice Asset e Cobranca,2026-04-16,80,7445.06,Insucesso,3.0,Nordeste
CONTR_2026_00524,Acerta Credito Integrado,2026-01-21,45,9379.08,Insucesso,96.0,Sudeste
CONTR_2026_00525,Acerta Credito Integrado,2026-01-01,67,4987.07,Acordo Firmado,80.0,Nordeste
CONTR_2026_00526,Vertice Asset e Cobranca,2026-04-28,116,1871.28,Em Aberto,33.0,Nordeste
CONTR_2026_00527,Vertice Asset e Cobranca,2026-04-02,115,5052.78,Insucesso,66.0,Sudeste
CONTR_2026_00528,Vertice Asset e Cobranca,2026-04-22,41,3196.47,Insucesso,58.0,Sudeste
CONTR_2026_00529,Fenix Recuperacao de Credito,2026-02-27,104,1250.79,Acordo Firmado,26.0,Sul
CONTR_2026_00530,Acerta Credito Integrado,2026-03-20,45,5973.02,Em Aberto,99.0,Sudeste
CONTR_2026_00531,Acerta Credito Integrado,2026-02-24,77,10808.74,Acordo Firmado,28.0,Sudeste
CONTR_2026_00532,Vertice Asset e Cobranca,2026-03-22,87,7398.9,Em Aberto,43.0,Sudeste
CONTR_2026_00533,Vertice Asset e Cobranca,2026-01-26,112,2465.0,Acordo Firmado,75.0,Nordeste
CONTR_2026_00534,Nexus Mediacao Financeira,2026-03-25,84,9749.97,Em Aberto,88.0,Sudeste
CONTR_2026_00535,Acerta Credito Integrado,2026-01-25,59,3051.69,Insucesso,16.0,Sudeste
CONTR_2026_00536,Fenix Recuperacao de Credito,2026-03-18,54,2432.61,Em Aberto,89.0,Sul
CONTR_2026_00537,Acerta Credito Integrado,2026-02-02,95,17439.18,Em Aberto,23.0,Nordeste
CONTR_2026_00538,Fenix Recuperacao de Credito,2026-03-30,70,1283.68,Acordo Firmado,59.0,Nordeste
CONTR_2026_00539,Vertice Asset e Cobranca,2026-03-13,77,2117.03,Em Aberto,35.0,Nordeste
CONTR_2026_00540,Fenix Recuperacao de Credito,2026-03-10,119,4346.18,Acordo Firmado,89.0,Sudeste
CONTR_2026_00541,Vertice Asset e Cobranca,2026-01-06,103,2114.02,Em Aberto,41.0,Sudeste
CONTR_2026_00542,Nexus Mediacao Financeira,2026-01-23,137,2112.82,Acordo Firmado,97.0,Nordeste
CONTR_2026_00543,Fenix Recuperacao de Credito,2026-04-26,59,6230.37,Em Aberto,22.0,Sudeste
CONTR_2026_00544,Nexus Mediacao Financeira,2026-01-30,68,9747.12,Acordo Firmado,74.0,Sul
CONTR_2026_00545,Nexus Mediacao Financeira,2026-03-19,95,6617.89,Em Aberto,1.0,Nordeste
CONTR_2026_00546,Vertice Asset e Cobranca,2026-02-23,144,1734.88,Em Aberto,46.0,Nordeste
CONTR_2026_00547,Fenix Recuperacao de Credito,2026-03-28,66,12487.03,Acordo Firmado,22.0,Sul
CONTR_2026_00548,Nexus Mediacao Financeira,2026-01-11,91,14003.4,Em Aberto,32.0,Sudeste
CONTR_2026_00549,Nexus Mediacao Financeira,2026-01-31,129,2849.49,Insucesso,87.0,Nordeste
CONTR_2026_00550,Acerta Credito Integrado,2026-01-06,91,5227.24,Ajuizado,30.0,Sul
CONTR_2026_00551,Nexus Mediacao Financeira,2026-01-11,120,4520.24,Insucesso,87.0,Centro-Oeste
CONTR_2026_00552,Acerta Credito Integrado,2026-03-18,148,6716.49,Em Aberto,43.0,Nordeste
CONTR_2026_00553,Nexus Mediacao Financeira,2026-01-12,98,20271.4,Em Aberto,51.0,Sudeste
CONTR_2026_00554,Nexus Mediacao Financeira,2026-04-28,103,22681.21,Em Aberto,83.0,Nordeste
CONTR_2026_00555,Acerta Credito Integrado,2026-03-07,112,4758.03,Acordo Firmado,71.0,Nordeste
CONTR_2026_00556,Vertice Asset e Cobranca,2026-02-22,62,1682.28,Em Aberto,27.0,Sudeste
CONTR_2026_00557,Fenix Recuperacao de Credito,2026-04-09,45,3235.88,Acordo Firmado,26.0,Sudeste
CONTR_2026_00558,Fenix Recuperacao de Credito,2026-04-29,94,3868.48,Acordo Firmado,18.0,Sul
CONTR_2026_00559,Acerta Credito Integrado,2026-02-05,71,5024.65,Em Aberto,92.0,Sul
CONTR_2026_00560,Nexus Mediacao Financeira,2026-01-17,121,17340.89,Ajuizado,75.0,Nordeste
CONTR_2026_00561,Acerta Credito Integrado,2026-01-28,99,2721.89,Insucesso,66.0,Sudeste
CONTR_2026_00562,Fenix Recuperacao de Credito,2026-04-02,121,5046.77,Acordo Firmado,81.0,Sul
CONTR_2026_00563,Fenix Recuperacao de Credito,2026-01-22,53,2919.84,Insucesso,61.0,Nordeste
CONTR_2026_00564,Fenix Recuperacao de Credito,2026-04-12,120,13795.12,Em Aberto,46.0,Sudeste
CONTR_2026_00565,Vertice Asset e Cobranca,2026-01-07,21,24204.74,Em Aberto,29.0,Nordeste
CONTR_2026_00566,Nexus Mediacao Financeira,2026-01-15,56,11429.62,Em Aberto,32.0,Nordeste
CONTR_2026_00567,Vertice Asset e Cobranca,2026-04-06,108,3268.07,Acordo Firmado,15.0,Sudeste
CONTR_2026_00568,Vertice Asset e Cobranca,2026-01-11,74,2827.85,Acordo Firmado,51.0,Sudeste
CONTR_2026_00569,Fenix Recuperacao de Credito,2026-01-24,77,4020.87,Em Aberto,82.0,Nordeste
CONTR_2026_00570,Vertice Asset e Cobranca,2026-03-08,93,8083.23,Acordo Firmado,28.0,Nordeste
CONTR_2026_00571,Nexus Mediacao Financeira,2026-01-30,132,1246.8,Em Aberto,27.0,Nordeste
CONTR_2026_00572,Acerta Credito Integrado,2026-03-11,32,27804.0,Insucesso,41.0,Sul
CONTR_2026_00573,Vertice Asset e Cobranca,2026-03-07,127,11945.52,Em Aberto,47.0,Nordeste
CONTR_2026_00574,Nexus Mediacao Financeira,2026-03-02,129,1320.52,Em Aberto,33.0,Sudeste
CONTR_2026_00575,Acerta Credito Integrado,2026-03-19,74,3607.14,Acordo Firmado,44.0,Nordeste
CONTR_2026_00576,Fenix Recuperacao de Credito,2026-02-10,69,7021.1,Em Aberto,50.0,Sudeste
CONTR_2026_00577,Fenix Recuperacao de Credito,2026-03-23,86,2581.44,Acordo Firmado,10.0,Sudeste
CONTR_2026_00578,Fenix Recuperacao de Credito,2026-02-20,68,1970.65,Acordo Firmado,24.0,Sudeste
CONTR_2026_00579,Vertice Asset e Cobranca,2026-02-13,100,6162.06,Insucesso,34.0,Sul
CONTR_2026_00580,Vertice Asset e Cobranca,2026-04-05,104,12892.38,Insucesso,91.0,Norte
CONTR_2026_00581,Vertice Asset e Cobranca,2026-01-13,43,16771.83,Ajuizado,20.0,Sudeste
CONTR_2026_00582,Vertice Asset e Cobranca,2026-03-31,62,1251.58,Em Aberto,25.0,Sul
CONTR_2026_00583,Vertice Asset e Cobranca,2026-04-18,54,11575.55,Insucesso,55.0,Centro-Oeste
CONTR_2026_00584,Vertice Asset e Cobranca,2026-01-12,96,5313.64,Acordo Firmado,90.0,Nordeste
CONTR_2026_00585,Nexus Mediacao Financeira,2026-03-23,116,2557.1,Acordo Firmado,43.0,Centro-Oeste
CONTR_2026_00586,Fenix Recuperacao de Credito,2026-01-09,57,5997.87,Acordo Firmado,53.0,Nordeste
CONTR_2026_00587,Fenix Recuperacao de Credito,2026-04-23,115,28550.0,Acordo Firmado,85.0,Sul
CONTR_2026_00588,Fenix Recuperacao de Credito,2026-03-26,62,2816.01,Em Aberto,50.0,Sul
CONTR_2026_00589,Fenix Recuperacao de Credito,2026-02-17,111,2820.96,Acordo Firmado,55.0,Nordeste
CONTR_2026_00590,Fenix Recuperacao de Credito,2026-02-18,81,7202.27,Ajuizado,13.0,Norte
CONTR_2026_00591,Fenix Recuperacao de Credito,2026-02-22,76,1420.84,Em Aberto,49.0,Centro-Oeste
CONTR_2026_00592,Nexus Mediacao Financeira,2026-02-25,124,9789.22,Acordo Firmado,97.0,Sudeste
CONTR_2026_00593,Fenix Recuperacao de Credito,2026-02-09,143,6485.37,Acordo Firmado,10.0,Nordeste
CONTR_2026_00594,Vertice Asset e Cobranca,2026-04-17,31,10400.27,Insucesso,51.0,Sudeste
CONTR_2026_00595,Acerta Credito Integrado,2026-01-24,107,2511.63,Acordo Firmado,97.0,Nordeste
CONTR_2026_00596,Vertice Asset e Cobranca,2026-04-08,95,10592.81,Em Aberto,11.0,Norte
CONTR_2026_00597,Nexus Mediacao Financeira,2026-03-13,109,4176.6,Acordo Firmado,78.0,Sudeste
CONTR_2026_00598,Fenix Recuperacao de Credito,2026-04-18,46,1911.98,Insucesso,84.0,Sudeste
CONTR_2026_00599,Fenix Recuperacao de Credito,2026-04-27,57,12784.57,Em Aberto,100.0,Sudeste
CONTR_2026_00600,Fenix Recuperacao de Credito,2026-02-02,69,7304.12,Acordo Firmado,20.0,Nordeste
CONTR_2026_00601,Fenix Recuperacao de Credito,2026-01-23,96,2121.33,Em Aberto,72.0,Sudeste
CONTR_2026_00602,Vertice Asset e Cobranca,2026-03-18,68,2615.16,Acordo Firmado,79.0,Sudeste
CONTR_2026_00603,Fenix Recuperacao de Credito,2026-02-23,80,2765.78,Em Aberto,97.0,Sudeste
CONTR_2026_00604,Fenix Recuperacao de Credito,2026-02-22,114,17729.55,Insucesso,83.0,Centro-Oeste
CONTR_2026_00605,Fenix Recuperacao de Credito,2026-02-18,151,12065.56,Insucesso,48.0,Nordeste
CONTR_2026_00606,Vertice Asset e Cobranca,2026-03-19,112,3325.88,Acordo Firmado,76.0,Sudeste
CONTR_2026_00607,Fenix Recuperacao de Credito,2026-03-19,115,4342.76,Acordo Firmado,17.0,Nordeste
CONTR_2026_00608,Vertice Asset e Cobranca,2026-03-21,84,2879.32,Insucesso,33.0,Nordeste
CONTR_2026_00609,Nexus Mediacao Financeira,2026-02-18,63,7986.57,Em Aberto,20.0,Sudeste
CONTR_2026_00610,Nexus Mediacao Financeira,2026-04-12,80,2078.97,Acordo Firmado,46.0,Nordeste
CONTR_2026_00611,Fenix Recuperacao de Credito,2026-03-01,88,3267.09,Ajuizado,31.0,Nordeste
CONTR_2026_00612,Acerta Credito Integrado,2026-04-13,55,5858.35,Acordo Firmado,51.0,Centro-Oeste
CONTR_2026_00613,Nexus Mediacao Financeira,2026-03-31,114,11691.88,Em Aberto,83.0,Sudeste
CONTR_2026_00614,Fenix Recuperacao de Credito,2026-03-31,135,6246.83,Ajuizado,19.0,Nordeste
CONTR_2026_00615,Acerta Credito Integrado,2026-03-06,93,15244.31,Em Aberto,62.0,Nordeste
CONTR_2026_00616,Fenix Recuperacao de Credito,2026-02-01,122,14554.44,Ajuizado,44.0,Norte
CONTR_2026_00617,Fenix Recuperacao de Credito,2026-03-20,126,7534.55,Insucesso,77.0,Nordeste
CONTR_2026_00618,Vertice Asset e Cobranca,2026-04-26,58,2833.51,Acordo Firmado,38.0,Centro-Oeste
CONTR_2026_00619,Acerta Credito Integrado,2026-01-21,37,6945.51,Em Aberto,49.0,Sudeste
CONTR_2026_00620,Acerta Credito Integrado,2026-01-18,75,2270.53,Insucesso,65.0,Centro-Oeste
CONTR_2026_00621,Fenix Recuperacao de Credito,2026-04-04,92,3226.36,Ajuizado,11.0,Norte
CONTR_2026_00622,Fenix Recuperacao de Credito,2026-03-01,54,8292.01,Em Aberto,27.0,Sudeste
CONTR_2026_00623,Vertice Asset e Cobranca,2026-01-13,132,10706.71,Acordo Firmado,58.0,Nordeste
CONTR_2026_00624,Vertice Asset e Cobranca,2026-01-24,148,3895.86,Em Aberto,64.0,Centro-Oeste
CONTR_2026_00625,Nexus Mediacao Financeira,2026-01-30,95,4905.78,Em Aberto,65.0,Sudeste
CONTR_2026_00626,Vertice Asset e Cobranca,2026-01-02,60,3639.88,Acordo Firmado,15.0,Nordeste
CONTR_2026_00627,Vertice Asset e Cobranca,2026-03-24,104,4462.91,Acordo Firmado,82.0,Sudeste
CONTR_2026_00628,Acerta Credito Integrado,2026-04-21,60,4792.2,Em Aberto,89.0,Sudeste
CONTR_2026_00629,Fenix Recuperacao de Credito,2026-04-18,124,7085.59,Em Aberto,1.0,Norte
CONTR_2026_00630,Vertice Asset e Cobranca,2026-04-21,83,8141.97,Insucesso,19.0,Sul
CONTR_2026_00631,Acerta Credito Integrado,2026-01-25,111,19647.65,Acordo Firmado,56.0,Nordeste
CONTR_2026_00632,Acerta Credito Integrado,2026-02-19,117,4078.17,Acordo Firmado,64.0,Nordeste
CONTR_2026_00633,Nexus Mediacao Financeira,2026-01-14,106,1634.0,Ajuizado,51.0,Nordeste
CONTR_2026_00634,Nexus Mediacao Financeira,2026-01-06,143,7026.43,Em Aberto,64.0,Sudeste
CONTR_2026_00635,Fenix Recuperacao de Credito,2026-03-17,95,4648.51,Acordo Firmado,10.0,Sul
CONTR_2026_00636,Vertice Asset e Cobranca,2026-03-25,74,10394.94,Acordo Firmado,76.0,Sudeste
CONTR_2026_00637,Nexus Mediacao Financeira,2026-03-28,26,1992.31,Acordo Firmado,60.0,Sudeste
CONTR_2026_00638,Fenix Recuperacao de Credito,2026-01-30,21,6376.98,Acordo Firmado,39.0,Nordeste
CONTR_2026_00639,Vertice Asset e Cobranca,2026-01-30,109,4274.07,Acordo Firmado,66.0,Sudeste
CONTR_2026_00640,Vertice Asset e Cobranca,2026-02-07,84,3917.63,Insucesso,32.0,Nordeste
CONTR_2026_00641,Fenix Recuperacao de Credito,2026-02-27,65,5360.51,Acordo Firmado,51.0,Nordeste
CONTR_2026_00642,Vertice Asset e Cobranca,2026-04-04,56,6962.96,Acordo Firmado,26.0,Sudeste
CONTR_2026_00643,Fenix Recuperacao de Credito,2026-02-10,112,10716.61,Em Aberto,57.0,Nordeste
CONTR_2026_00644,Vertice Asset e Cobranca,2026-04-04,60,2540.13,Em Aberto,84.0,Norte
CONTR_2026_00645,Fenix Recuperacao de Credito,2026-02-26,138,2934.29,Insucesso,60.0,Centro-Oeste
CONTR_2026_00646,Acerta Credito Integrado,2026-02-05,160,5176.8,Em Aberto,55.0,Sul
CONTR_2026_00647,Nexus Mediacao Financeira,2026-03-05,62,3327.5,Insucesso,6.0,Sudeste
CONTR_2026_00648,Nexus Mediacao Financeira,2026-04-23,110,5400.64,Acordo Firmado,7.0,Sul
CONTR_2026_00649,Acerta Credito Integrado,2026-04-08,103,2316.66,Ajuizado,66.0,Norte
CONTR_2026_00650,Vertice Asset e Cobranca,2026-01-16,60,3038.3,Acordo Firmado,81.0,Nordeste
CONTR_2026_00651,Fenix Recuperacao de Credito,2026-03-29,60,3164.04,Acordo Firmado,26.0,Sudeste
CONTR_2026_00652,Nexus Mediacao Financeira,2026-03-19,86,25546.06,Insucesso,95.0,Sul
CONTR_2026_00653,Nexus Mediacao Financeira,2026-03-31,55,10832.69,Acordo Firmado,98.0,Sudeste
CONTR_2026_00654,Acerta Credito Integrado,2026-03-13,122,10291.56,Em Aberto,82.0,Sul
CONTR_2026_00655,Vertice Asset e Cobranca,2026-01-14,82,4803.31,Acordo Firmado,78.0,Nordeste
CONTR_2026_00656,Fenix Recuperacao de Credito,2026-01-31,56,4344.74,Insucesso,5.0,Nordeste
CONTR_2026_00657,Vertice Asset e Cobranca,2026-03-07,87,1563.53,Em Aberto,87.0,Sudeste
CONTR_2026_00658,Vertice Asset e Cobranca,2026-04-22,103,2299.04,Insucesso,1.0,Nordeste
CONTR_2026_00659,Nexus Mediacao Financeira,2026-03-09,68,12485.52,Acordo Firmado,84.0,Nordeste
CONTR_2026_00660,Nexus Mediacao Financeira,2026-03-06,30,4928.96,Ajuizado,2.0,Nordeste
CONTR_2026_00661,Vertice Asset e Cobranca,2026-02-24,93,23085.5,Em Aberto,65.0,Nordeste
CONTR_2026_00662,Vertice Asset e Cobranca,2026-03-25,53,5679.84,Em Aberto,10.0,Nordeste
CONTR_2026_00663,Nexus Mediacao Financeira,2026-03-19,66,3569.95,Insucesso,50.0,Sul
CONTR_2026_00664,Fenix Recuperacao de Credito,2026-02-09,104,2801.78,Em Aberto,51.0,Sudeste
CONTR_2026_00665,Fenix Recuperacao de Credito,2026-01-25,72,13727.16,Acordo Firmado,69.0,Sudeste
CONTR_2026_00666,Fenix Recuperacao de Credito,2026-01-25,85,3515.99,Em Aberto,41.0,Nordeste
CONTR_2026_00667,Fenix Recuperacao de Credito,2026-01-03,133,1989.95,Acordo Firmado,58.0,Nordeste
CONTR_2026_00668,Fenix Recuperacao de Credito,2026-03-10,79,2830.44,Em Aberto,77.0,Nordeste
CONTR_2026_00669,Fenix Recuperacao de Credito,2026-04-12,150,6386.97,Acordo Firmado,68.0,Nordeste
CONTR_2026_00670,Vertice Asset e Cobranca,2026-04-28,112,1913.64,Em Aberto,24.0,Nordeste
CONTR_2026_00671,Fenix Recuperacao de Credito,2026-01-26,62,1680.17,Ajuizado,91.0,Nordeste
CONTR_2026_00672,Acerta Credito Integrado,2026-02-09,75,4259.0,Em Aberto,56.0,Sudeste
CONTR_2026_00673,Fenix Recuperacao de Credito,2026-02-07,52,1636.79,Ajuizado,100.0,Nordeste
CONTR_2026_00674,Nexus Mediacao Financeira,2026-02-07,109,3695.62,Acordo Firmado,36.0,Centro-Oeste
CONTR_2026_00675,Vertice Asset e Cobranca,2026-03-09,129,3148.39,Insucesso,2.0,Sul
CONTR_2026_00676,Vertice Asset e Cobranca,2026-01-07,79,3683.6,Ajuizado,96.0,Centro-Oeste
CONTR_2026_00677,Fenix Recuperacao de Credito,2026-04-04,34,4545.09,Insucesso,56.0,Sul
CONTR_2026_00678,Vertice Asset e Cobranca,2026-01-30,100,2224.85,Acordo Firmado,81.0,Nordeste
CONTR_2026_00679,Vertice Asset e Cobranca,2026-04-30,64,4120.79,Insucesso,12.0,Nordeste
CONTR_2026_00680,Acerta Credito Integrado,2026-01-19,68,3443.32,Em Aberto,12.0,Nordeste
CONTR_2026_00681,Acerta Credito Integrado,2026-04-13,99,9135.29,Em Aberto,85.0,Sul
CONTR_2026_00682,Vertice Asset e Cobranca,2026-02-04,126,7132.12,Acordo Firmado,72.0,Sudeste
CONTR_2026_00683,Fenix Recuperacao de Credito,2026-04-14,112,11499.83,Ajuizado,22.0,Sudeste
CONTR_2026_00684,Nexus Mediacao Financeira,2026-02-02,102,6728.33,Em Aberto,74.0,Sudeste
CONTR_2026_00685,Fenix Recuperacao de Credito,2026-02-02,85,1845.34,Insucesso,84.0,Nordeste
CONTR_2026_00686,Nexus Mediacao Financeira,2026-03-19,50,4737.01,Em Aberto,62.0,Nordeste
CONTR_2026_00687,Nexus Mediacao Financeira,2026-02-07,100,7983.09,Acordo Firmado,64.0,Sudeste
CONTR_2026_00688,Vertice Asset e Cobranca,2026-01-10,111,10415.64,Insucesso,28.0,Nordeste
CONTR_2026_00689,Acerta Credito Integrado,2026-02-26,72,2200.04,Insucesso,89.0,Sudeste
CONTR_2026_00690,Fenix Recuperacao de Credito,2026-01-28,79,2464.81,Acordo Firmado,28.0,Nordeste
CONTR_2026_00691,Vertice Asset e Cobranca,2026-03-19,123,11111.24,Acordo Firmado,4.0,Sul
CONTR_2026_00692,Vertice Asset e Cobranca,2026-04-10,78,4521.87,Em Aberto,45.0,Sudeste
CONTR_2026_00693,Nexus Mediacao Financeira,2026-02-07,81,4211.26,Em Aberto,90.0,Sul
CONTR_2026_00694,Fenix Recuperacao de Credito,2026-01-16,87,4607.23,Insucesso,13.0,Norte
CONTR_2026_00695,Fenix Recuperacao de Credito,2026-01-21,109,2151.77,Em Aberto,83.0,Sudeste
CONTR_2026_00696,Nexus Mediacao Financeira,2026-04-02,98,6139.42,Em Aberto,98.0,Sul
CONTR_2026_00697,Vertice Asset e Cobranca,2026-04-07,96,9450.61,Acordo Firmado,80.0,Nordeste
CONTR_2026_00698,Nexus Mediacao Financeira,2026-01-06,135,10271.9,Em Aberto,4.0,Norte
CONTR_2026_00699,Fenix Recuperacao de Credito,2026-02-10,77,1354.25,Em Aberto,61.0,Nordeste
CONTR_2026_00700,Vertice Asset e Cobranca,2026-01-15,61,7479.65,Em Aberto,84.0,Sudeste
CONTR_2026_00701,Nexus Mediacao Financeira,2026-04-18,120,1678.29,Em Aberto,26.0,Norte
CONTR_2026_00702,Fenix Recuperacao de Credito,2026-01-03,-999,18236.46,Insucesso,94.0,Nordeste
CONTR_2026_00703,Vertice Asset e Cobranca,2026-02-12,72,4491.23,Em Aberto,6.0,Nordeste
CONTR_2026_00704,Fenix Recuperacao de Credito,2026-02-16,79,8667.51,Acordo Firmado,77.0,Nordeste
CONTR_2026_00705,Fenix Recuperacao de Credito,2026-04-09,51,6062.42,Em Aberto,56.0,Nordeste
CONTR_2026_00706,Vertice Asset e Cobranca,2026-01-14,96,16376.16,Ajuizado,100.0,Sudeste
CONTR_2026_00707,Vertice Asset e Cobranca,2026-03-07,46,19382.95,Em Aberto,81.0,Nordeste
CONTR_2026_00708,Acerta Credito Integrado,2026-01-29,110,2834.75,Acordo Firmado,51.0,Nordeste
CONTR_2026_00709,Vertice Asset e Cobranca,2026-01-04,74,4497.3,Ajuizado,35.0,Centro-Oeste
CONTR_2026_00710,Nexus Mediacao Financeira,2026-01-26,48,4708.32,Em Aberto,97.0,Nordeste
CONTR_2026_00711,Acerta Credito Integrado,2026-04-25,122,2178.24,Ajuizado,82.0,Nordeste
CONTR_2026_00712,Nexus Mediacao Financeira,2026-01-12,157,12913.79,Em Aberto,51.0,Nordeste
CONTR_2026_00713,Vertice Asset e Cobranca,2026-01-02,103,3350.89,Em Aberto,84.0,Nordeste
CONTR_2026_00714,Vertice Asset e Cobranca,2026-01-17,81,1657.6,Acordo Firmado,63.0,Nordeste
CONTR_2026_00715,Vertice Asset e Cobranca,2026-02-04,61,2039.33,Acordo Firmado,33.0,Sul
CONTR_2026_00716,Fenix Recuperacao de Credito,2026-01-10,97,4800.58,Acordo Firmado,95.0,Nordeste
CONTR_2026_00717,Acerta Credito Integrado,2026-04-22,109,11872.04,Em Aberto,83.0,Nordeste
CONTR_2026_00718,Vertice Asset e Cobranca,2026-03-27,90,6147.25,Em Aberto,97.0,Sudeste
CONTR_2026_00719,Fenix Recuperacao de Credito,2026-04-15,116,2409.28,Em Aberto,81.0,Nordeste
CONTR_2026_00720,Acerta Credito Integrado,2026-02-12,135,2960.59,Insucesso,33.0,Sudeste
CONTR_2026_00721,Fenix Recuperacao de Credito,2026-01-21,52,19853.74,Em Aberto,100.0,Nordeste
CONTR_2026_00722,Fenix Recuperacao de Credito,2026-01-15,98,1471.48,Acordo Firmado,69.0,Sudeste
CONTR_2026_00723,Fenix Recuperacao de Credito,2026-02-04,32,27070.18,Acordo Firmado,40.0,Nordeste
CONTR_2026_00724,Acerta Credito Integrado,2026-04-22,65,13014.74,Acordo Firmado,47.0,Sudeste
CONTR_2026_00725,Nexus Mediacao Financeira,2026-03-26,111,6873.53,Insucesso,45.0,Sudeste
CONTR_2026_00726,Acerta Credito Integrado,2026-03-26,88,15541.3,Em Aberto,27.0,Sudeste
CONTR_2026_00727,Fenix Recuperacao de Credito,2026-03-26,41,2027.13,Acordo Firmado,7.0,Norte
CONTR_2026_00728,Acerta Credito Integrado,2026-03-01,121,15487.63,Em Aberto,58.0,Sul
CONTR_2026_00729,Fenix Recuperacao de Credito,2026-02-13,73,2394.94,Em Aberto,14.0,Norte
CONTR_2026_00730,Fenix Recuperacao de Credito,2026-04-06,115,5150.64,Em Aberto,4.0,Nordeste
CONTR_2026_00731,Fenix Recuperacao de Credito,2026-04-29,105,4554.6,Ajuizado,82.0,Nordeste
CONTR_2026_00732,Acerta Credito Integrado,2026-01-05,65,4791.9,Em Aberto,34.0,Nordeste
CONTR_2026_00733,Nexus Mediacao Financeira,2026-04-13,116,2755.64,Em Aberto,80.0,Nordeste
CONTR_2026_00734,Nexus Mediacao Financeira,2026-03-14,99,8785.18,Acordo Firmado,91.0,Sudeste
CONTR_2026_00735,Vertice Asset e Cobranca,2026-04-27,95,7985.3,Em Aberto,38.0,Sul
CONTR_2026_00736,Acerta Credito Integrado,2026-01-18,75,16591.78,Em Aberto,20.0,Norte
CONTR_2026_00737,Vertice Asset e Cobranca,2026-01-21,56,4736.14,Em Aberto,46.0,Sudeste
CONTR_2026_00738,Acerta Credito Integrado,2026-03-13,77,5171.38,Insucesso,19.0,Nordeste
CONTR_2026_00739,Vertice Asset e Cobranca,2026-04-18,76,12884.48,Insucesso,1.0,Nordeste
CONTR_2026_00740,Vertice Asset e Cobranca,2026-04-26,115,13793.74,Acordo Firmado,23.0,Sudeste
CONTR_2026_00741,Vertice Asset e Cobranca,2026-04-08,40,6442.5,Ajuizado,62.0,Sudeste
CONTR_2026_00742,Vertice Asset e Cobranca,2026-03-15,134,9784.98,Ajuizado,73.0,Nordeste
CONTR_2026_00743,Acerta Credito Integrado,2026-02-20,135,4717.4,Acordo Firmado,28.0,Centro-Oeste
CONTR_2026_00744,Nexus Mediacao Financeira,2026-02-10,70,3656.71,Ajuizado,84.0,Nordeste
CONTR_2026_00745,Fenix Recuperacao de Credito,2026-01-24,132,11178.01,Insucesso,80.0,Sudeste
CONTR_2026_00746,Acerta Credito Integrado,2026-04-14,59,8709.02,Acordo Firmado,77.0,Sudeste
CONTR_2026_00747,Vertice Asset e Cobranca,2026-01-24,123,2588.08,Acordo Firmado,33.0,Centro-Oeste
CONTR_2026_00748,Nexus Mediacao Financeira,2026-04-30,65,1444.09,Em Aberto,3.0,Sudeste
CONTR_2026_00749,Fenix Recuperacao de Credito,2026-04-06,121,5368.95,Acordo Firmado,79.0,Nordeste
CONTR_2026_00750,Nexus Mediacao Financeira,2026-04-30,46,10413.68,Ajuizado,16.0,Sudeste
CONTR_2026_00751,Fenix Recuperacao de Credito,2026-04-07,122,2619.79,Ajuizado,30.0,Nordeste
CONTR_2026_00752,Fenix Recuperacao de Credito,2026-02-07,128,8492.08,Acordo Firmado,25.0,Nordeste
CONTR_2026_00753,Nexus Mediacao Financeira,2026-02-13,45,3872.24,Em Aberto,78.0,Sudeste
CONTR_2026_00754,Vertice Asset e Cobranca,2026-02-26,142,3245.17,Insucesso,1.0,Centro-Oeste
CONTR_2026_00755,Fenix Recuperacao de Credito,2026-04-30,120,2148.64,Acordo Firmado,33.0,Centro-Oeste
CONTR_2026_00756,Acerta Credito Integrado,2026-04-25,30,14812.79,Acordo Firmado,37.0,Sudeste
CONTR_2026_00757,Nexus Mediacao Financeira,2026-02-28,75,2478.97,Em Aberto,29.0,Sudeste
CONTR_2026_00758,Nexus Mediacao Financeira,2026-04-23,121,2836.89,Em Aberto,37.0,Sudeste
CONTR_2026_00759,Acerta Credito Integrado,2026-02-03,111,3213.5,Acordo Firmado,61.0,Sul
CONTR_2026_00760,Acerta Credito Integrado,2026-03-16,93,2875.0,Acordo Firmado,8.0,Nordeste
CONTR_2026_00761,Fenix Recuperacao de Credito,2026-04-05,117,2089.09,Em Aberto,1.0,Sudeste
CONTR_2026_00762,Vertice Asset e Cobranca,2026-03-23,63,3388.26,Ajuizado,63.0,Nordeste
CONTR_2026_00763,Fenix Recuperacao de Credito,2026-01-23,91,4391.14,Em Aberto,88.0,Nordeste
CONTR_2026_00764,Acerta Credito Integrado,2026-03-27,64,5212.27,Em Aberto,65.0,Sul
CONTR_2026_00765,Fenix Recuperacao de Credito,2026-02-12,94,2050.97,Em Aberto,46.0,Nordeste
CONTR_2026_00766,Nexus Mediacao Financeira,2026-03-23,120,8757.33,Acordo Firmado,43.0,Nordeste
CONTR_2026_00767,Acerta Credito Integrado,2026-02-09,113,3066.41,Acordo Firmado,10.0,Centro-Oeste
CONTR_2026_00768,Acerta Credito Integrado,2026-02-16,96,13702.05,Acordo Firmado,82.0,Sul
CONTR_2026_00769,Vertice Asset e Cobranca,2026-02-10,119,3199.05,Acordo Firmado,85.0,Sudeste
CONTR_2026_00770,Acerta Credito Integrado,2026-02-16,122,11134.45,Em Aberto,10.0,Nordeste
CONTR_2026_00771,Fenix Recuperacao de Credito,2026-04-13,143,3373.43,Em Aberto,62.0,Sudeste
CONTR_2026_00772,Acerta Credito Integrado,2026-01-20,125,4724.41,Em Aberto,86.0,Nordeste
CONTR_2026_00773,Fenix Recuperacao de Credito,2026-03-18,109,3528.9,Insucesso,51.0,Sul
CONTR_2026_00774,Vertice Asset e Cobranca,2026-04-19,118,3647.73,Insucesso,45.0,Nordeste
CONTR_2026_00775,Acerta Credito Integrado,2026-03-06,97,6019.3,Insucesso,73.0,Sudeste
CONTR_2026_00776,Fenix Recuperacao de Credito,2026-04-26,81,7103.37,Em Aberto,73.0,Nordeste
CONTR_2026_00777,Fenix Recuperacao de Credito,2026-03-09,116,11419.35,Em Aberto,45.0,Sul
CONTR_2026_00778,Acerta Credito Integrado,2026-01-24,112,5408.85,Em Aberto,85.0,Centro-Oeste
CONTR_2026_00779,Acerta Credito Integrado,2026-04-10,98,2422.12,Ajuizado,58.0,Sudeste
CONTR_2026_00780,Nexus Mediacao Financeira,2026-02-05,84,24020.19,Insucesso,95.0,Nordeste
CONTR_2026_00781,Nexus Mediacao Financeira,2026-02-14,82,6956.48,Acordo Firmado,66.0,Norte
CONTR_2026_00782,Nexus Mediacao Financeira,2026-01-02,77,3548.04,Acordo Firmado,24.0,Sudeste
CONTR_2026_00783,Vertice Asset e Cobranca,2026-01-28,127,18442.15,Em Aberto,97.0,Nordeste
CONTR_2026_00784,Vertice Asset e Cobranca,2026-01-26,125,17107.12,Ajuizado,75.0,Nordeste
CONTR_2026_00785,Fenix Recuperacao de Credito,2026-01-23,124,1614.4,Acordo Firmado,65.0,Nordeste
CONTR_2026_00786,Fenix Recuperacao de Credito,2026-03-20,58,1300.12,Ajuizado,55.0,Nordeste
CONTR_2026_00787,Nexus Mediacao Financeira,2026-02-05,79,1427.38,Acordo Firmado,51.0,Nordeste
CONTR_2026_00788,Vertice Asset e Cobranca,2026-04-01,82,6980.91,Em Aberto,51.0,Centro-Oeste
CONTR_2026_00789,Vertice Asset e Cobranca,2026-01-06,71,7404.55,Acordo Firmado,73.0,Nordeste
CONTR_2026_00790,Fenix Recuperacao de Credito,2026-02-04,145,7637.28,Em Aberto,21.0,Sudeste
CONTR_2026_00791,Fenix Recuperacao de Credito,2026-04-13,102,6174.5,Acordo Firmado,47.0,Sul
CONTR_2026_00792,Nexus Mediacao Financeira,2026-02-07,99,2880.8,Em Aberto,51.0,Sudeste
CONTR_2026_00793,Nexus Mediacao Financeira,2026-02-04,76,2114.38,Em Aberto,29.0,Norte
CONTR_2026_00794,Nexus Mediacao Financeira,2026-04-10,115,14345.62,Em Aberto,40.0,Norte
CONTR_2026_00795,Fenix Recuperacao de Credito,2026-03-15,155,13417.3,Ajuizado,3.0,Sudeste
CONTR_2026_00796,Acerta Credito Integrado,2026-04-04,92,2588.57,Acordo Firmado,49.0,Sul
CONTR_2026_00797,Fenix Recuperacao de Credito,2026-02-22,82,2119.24,Ajuizado,25.0,Sudeste
CONTR_2026_00798,Nexus Mediacao Financeira,2026-04-15,87,3552.75,Em Aberto,82.0,Sudeste
CONTR_2026_00799,Nexus Mediacao Financeira,2026-02-07,80,1448.09,Em Aberto,11.0,Nordeste
CONTR_2026_00800,Fenix Recuperacao de Credito,2026-04-03,89,2084.52,Insucesso,94.0,Sudeste
CONTR_2026_00801,Acerta Credito Integrado,2026-04-26,71,3592.59,Acordo Firmado,89.0,Nordeste
CONTR_2026_00802,Fenix Recuperacao de Credito,2026-02-28,63,2563.93,Em Aberto,75.0,Nordeste
CONTR_2026_00803,Nexus Mediacao Financeira,2026-02-12,89,7874.59,Insucesso,98.0,Nordeste
CONTR_2026_00804,Nexus Mediacao Financeira,2026-04-13,92,12967.27,Insucesso,88.0,Sul
CONTR_2026_00805,Vertice Asset e Cobranca,2026-04-24,81,13192.19,Acordo Firmado,48.0,Nordeste
CONTR_2026_00806,Acerta Credito Integrado,2026-01-04,133,5835.21,Acordo Firmado,32.0,Sul
CONTR_2026_00807,Fenix Recuperacao de Credito,2026-01-05,102,7278.37,Em Aberto,3.0,Centro-Oeste
CONTR_2026_00808,Fenix Recuperacao de Credito,2026-03-09,112,4606.4,Ajuizado,45.0,Nordeste
CONTR_2026_00809,Vertice Asset e Cobranca,2026-04-10,113,1993.15,Em Aberto,89.0,Sul
CONTR_2026_00810,Fenix Recuperacao de Credito,2026-02-14,93,6239.78,Insucesso,20.0,Sudeste
CONTR_2026_00811,Vertice Asset e Cobranca,2026-03-21,96,3353.56,Acordo Firmado,20.0,Sul
CONTR_2026_00812,Acerta Credito Integrado,2026-01-25,64,1229.05,Em Aberto,51.0,Nordeste
CONTR_2026_00813,Fenix Recuperacao de Credito,2026-03-19,109,5477.79,Em Aberto,81.0,Norte
CONTR_2026_00814,Fenix Recuperacao de Credito,2026-01-11,80,2305.53,Acordo Firmado,20.0,Sudeste
CONTR_2026_00815,Acerta Credito Integrado,2026-01-29,70,12080.01,Em Aberto,82.0,Sudeste
CONTR_2026_00816,Nexus Mediacao Financeira,2026-02-03,129,14786.32,Insucesso,14.0,Nordeste
CONTR_2026_00817,Nexus Mediacao Financeira,2026-03-27,50,2084.72,Em Aberto,98.0,Sudeste
CONTR_2026_00818,Vertice Asset e Cobranca,2026-01-14,141,1349.27,Acordo Firmado,80.0,Sudeste
CONTR_2026_00819,Fenix Recuperacao de Credito,2026-04-30,139,1220.26,Acordo Firmado,32.0,Nordeste
CONTR_2026_00820,Vertice Asset e Cobranca,2026-01-24,83,13411.74,Acordo Firmado,72.0,Sul
CONTR_2026_00821,Acerta Credito Integrado,2026-02-28,143,2024.48,Acordo Firmado,42.0,Sul
CONTR_2026_00822,Fenix Recuperacao de Credito,2026-02-08,63,4057.59,Em Aberto,80.0,Sul
CONTR_2026_00823,Vertice Asset e Cobranca,2026-01-26,119,1494.3,Acordo Firmado,39.0,Sudeste
CONTR_2026_00824,Vertice Asset e Cobranca,2026-02-12,90,3536.8,Em Aberto,38.0,Norte
CONTR_2026_00825,Nexus Mediacao Financeira,2026-02-05,35,8895.48,Em Aberto,64.0,Sudeste
CONTR_2026_00826,Fenix Recuperacao de Credito,2026-02-08,71,3810.01,Em Aberto,4.0,Sudeste
CONTR_2026_00827,Vertice Asset e Cobranca,2026-03-02,84,8671.18,Acordo Firmado,99.0,Nordeste
CONTR_2026_00828,Vertice Asset e Cobranca,2026-01-16,113,7037.23,Em Aberto,92.0,Nordeste
CONTR_2026_00829,Acerta Credito Integrado,2026-04-12,75,4841.88,Em Aberto,63.0,Nordeste
CONTR_2026_00830,Vertice Asset e Cobranca,2026-02-28,81,7891.52,Em Aberto,61.0,Sudeste
CONTR_2026_00831,Fenix Recuperacao de Credito,2026-04-06,106,11764.54,Em Aberto,78.0,Sudeste
CONTR_2026_00832,Vertice Asset e Cobranca,2026-01-06,104,9075.46,Insucesso,5.0,Sudeste
CONTR_2026_00833,Fenix Recuperacao de Credito,2026-04-08,87,7083.9,Ajuizado,66.0,Norte
CONTR_2026_00834,Fenix Recuperacao de Credito,2026-02-25,80,7250.33,Em Aberto,45.0,Sudeste
CONTR_2026_00835,Vertice Asset e Cobranca,2026-01-08,118,2078.31,Acordo Firmado,50.0,Nordeste
CONTR_2026_00836,Vertice Asset e Cobranca,2026-04-04,80,16246.32,Ajuizado,88.0,Sudeste
CONTR_2026_00837,Fenix Recuperacao de Credito,2026-01-27,54,2351.25,Em Aberto,3.0,Sudeste
CONTR_2026_00838,Vertice Asset e Cobranca,2026-03-12,78,3345.86,Acordo Firmado,23.0,Sudeste
CONTR_2026_00839,Nexus Mediacao Financeira,2026-01-27,106,4848.92,Insucesso,11.0,Nordeste
CONTR_2026_00840,Nexus Mediacao Financeira,2026-03-30,85,1874.41,Acordo Firmado,38.0,Nordeste
CONTR_2026_00841,Fenix Recuperacao de Credito,2026-04-30,74,5701.79,Insucesso,56.0,Nordeste
CONTR_2026_00842,Nexus Mediacao Financeira,2026-02-15,52,2208.61,Em Aberto,51.0,Norte
CONTR_2026_00843,Fenix Recuperacao de Credito,2026-02-10,85,14043.68,Insucesso,65.0,Sudeste
CONTR_2026_00844,Vertice Asset e Cobranca,2026-03-20,96,12176.56,Ajuizado,6.0,Sudeste
CONTR_2026_00845,Fenix Recuperacao de Credito,2026-01-25,59,5130.98,Ajuizado,70.0,Sul
CONTR_2026_00846,Vertice Asset e Cobranca,2026-03-27,84,4184.43,Em Aberto,40.0,Nordeste
CONTR_2026_00847,Fenix Recuperacao de Credito,2026-01-18,57,1741.28,Acordo Firmado,90.0,Sudeste
CONTR_2026_00848,Vertice Asset e Cobranca,2026-01-12,86,9866.52,Acordo Firmado,35.0,Sudeste
CONTR_2026_00849,Nexus Mediacao Financeira,2026-03-28,141,3585.1,Acordo Firmado,13.0,Nordeste
CONTR_2026_00850,Nexus Mediacao Financeira,2026-02-20,95,2613.96,Em Aberto,25.0,Nordeste
CONTR_2026_00851,Fenix Recuperacao de Credito,2026-04-19,42,27998.86,Em Aberto,86.0,Sudeste
CONTR_2026_00852,Acerta Credito Integrado,2026-02-08,99,6717.58,Em Aberto,81.0,Sul
CONTR_2026_00853,Fenix Recuperacao de Credito,2026-03-30,129,1583.66,Acordo Firmado,78.0,Sul
CONTR_2026_00854,Acerta Credito Integrado,2026-01-10,48,9279.69,Acordo Firmado,67.0,Centro-Oeste
CONTR_2026_00855,Fenix Recuperacao de Credito,2026-04-04,58,8139.52,Em Aberto,68.0,Centro-Oeste
CONTR_2026_00856,Fenix Recuperacao de Credito,2026-03-15,97,3764.14,Em Aberto,99.0,Sudeste
CONTR_2026_00857,Fenix Recuperacao de Credito,2026-04-08,87,1860.17,Insucesso,47.0,Sudeste
CONTR_2026_00858,Vertice Asset e Cobranca,2026-04-20,126,4640.25,Em Aberto,55.0,Centro-Oeste
CONTR_2026_00859,Nexus Mediacao Financeira,2026-03-18,84,8405.21,Em Aberto,92.0,Sul
CONTR_2026_00860,Fenix Recuperacao de Credito,2026-02-23,114,1595.3,Em Aberto,43.0,Sudeste
CONTR_2026_00861,Acerta Credito Integrado,2026-01-29,135,2092.29,Em Aberto,2.0,Sudeste
CONTR_2026_00862,Vertice Asset e Cobranca,2026-04-12,63,6023.81,Em Aberto,45.0,Sudeste
CONTR_2026_00863,Nexus Mediacao Financeira,2026-02-10,112,5299.73,Em Aberto,48.0,Sudeste
CONTR_2026_00864,Vertice Asset e Cobranca,2026-04-19,77,12974.01,Acordo Firmado,62.0,Sudeste
CONTR_2026_00865,Vertice Asset e Cobranca,2026-01-09,23,9631.38,Acordo Firmado,38.0,Nordeste
CONTR_2026_00866,Nexus Mediacao Financeira,2026-03-04,104,13756.03,Acordo Firmado,47.0,Sudeste
CONTR_2026_00867,Fenix Recuperacao de Credito,2026-03-18,107,4336.41,Em Aberto,4.0,Centro-Oeste
CONTR_2026_00868,Fenix Recuperacao de Credito,2026-02-06,43,8951.15,Acordo Firmado,60.0,Sudeste
CONTR_2026_00869,Acerta Credito Integrado,2026-01-14,76,1449.72,Em Aberto,49.0,Nordeste
CONTR_2026_00870,Fenix Recuperacao de Credito,2026-04-11,71,2944.18,Ajuizado,76.0,Sul
CONTR_2026_00871,Vertice Asset e Cobranca,2026-03-14,114,6367.95,Em Aberto,34.0,Sul
CONTR_2026_00872,Vertice Asset e Cobranca,2026-03-13,43,8412.92,Insucesso,44.0,Sul
CONTR_2026_00873,Nexus Mediacao Financeira,2026-02-08,93,5425.58,Acordo Firmado,94.0,Sudeste
CONTR_2026_00874,Vertice Asset e Cobranca,2026-02-09,19,4476.71,Acordo Firmado,85.0,Sul
CONTR_2026_00875,Fenix Recuperacao de Credito,2026-02-23,101,2528.08,Acordo Firmado,56.0,Sul
CONTR_2026_00876,Fenix Recuperacao de Credito,2026-01-03,93,2156.93,Em Aberto,92.0,Centro-Oeste
CONTR_2026_00877,Acerta Credito Integrado,2026-02-24,74,11616.54,Acordo Firmado,42.0,Sudeste
CONTR_2026_00878,Nexus Mediacao Financeira,2026-04-30,132,1966.99,Insucesso,50.0,Sudeste
CONTR_2026_00879,Fenix Recuperacao de Credito,2026-04-21,15,4057.19,Acordo Firmado,69.0,Nordeste
CONTR_2026_00880,Fenix Recuperacao de Credito,2026-04-14,89,12167.81,Insucesso,33.0,Sul
CONTR_2026_00881,Fenix Recuperacao de Credito,2026-02-02,125,1999.15,Em Aberto,98.0,Nordeste
CONTR_2026_00882,Nexus Mediacao Financeira,2026-04-06,93,1882.23,Acordo Firmado,96.0,Centro-Oeste
CONTR_2026_00883,Fenix Recuperacao de Credito,2026-03-12,130,7096.55,Acordo Firmado,91.0,Sudeste
CONTR_2026_00884,Fenix Recuperacao de Credito,2026-01-19,76,3214.16,Em Aberto,67.0,Centro-Oeste
CONTR_2026_00885,Acerta Credito Integrado,2026-02-03,84,4060.9,Em Aberto,42.0,Sudeste
CONTR_2026_00886,Fenix Recuperacao de Credito,2026-03-19,126,6112.07,Insucesso,44.0,Sudeste
CONTR_2026_00887,Nexus Mediacao Financeira,2026-02-19,116,3581.93,Acordo Firmado,68.0,Sudeste
CONTR_2026_00888,Fenix Recuperacao de Credito,2026-02-16,161,9243.23,Ajuizado,100.0,Nordeste
CONTR_2026_00889,Fenix Recuperacao de Credito,2026-02-15,93,18566.37,Acordo Firmado,57.0,Nordeste
CONTR_2026_00890,Fenix Recuperacao de Credito,2026-02-25,96,14719.85,Acordo Firmado,36.0,Sudeste
CONTR_2026_00891,Acerta Credito Integrado,2026-02-26,76,5142.26,Em Aberto,41.0,Centro-Oeste
CONTR_2026_00892,Acerta Credito Integrado,2026-03-24,83,3391.1,Acordo Firmado,56.0,Sudeste
CONTR_2026_00893,Acerta Credito Integrado,2026-02-20,122,4043.44,Em Aberto,3.0,Centro-Oeste
CONTR_2026_00894,Vertice Asset e Cobranca,2026-02-23,89,3203.56,Acordo Firmado,56.0,Nordeste
CONTR_2026_00895,Nexus Mediacao Financeira,2026-03-31,65,4114.51,Insucesso,56.0,Nordeste
CONTR_2026_00896,Fenix Recuperacao de Credito,2026-03-22,78,1265.29,Insucesso,65.0,Sudeste
CONTR_2026_00897,Vertice Asset e Cobranca,2026-04-28,87,1483.99,Acordo Firmado,39.0,Sudeste
CONTR_2026_00898,Acerta Credito Integrado,2026-01-28,67,8577.53,Em Aberto,40.0,Nordeste
CONTR_2026_00899,Fenix Recuperacao de Credito,2026-01-19,76,3238.44,Em Aberto,39.0,Nordeste
CONTR_2026_00900,Fenix Recuperacao de Credito,2026-01-27,60,9109.26,Em Aberto,27.0,Nordeste
CONTR_2026_00901,Fenix Recuperacao de Credito,2026-02-17,77,4469.1,Acordo Firmado,67.0,Sul
CONTR_2026_00902,Fenix Recuperacao de Credito,2026-04-26,124,9397.36,Insucesso,100.0,Sudeste
CONTR_2026_00903,Fenix Recuperacao de Credito,2026-01-19,91,6647.04,Ajuizado,51.0,Nordeste
CONTR_2026_00904,Nexus Mediacao Financeira,2026-04-07,163,2321.98,Acordo Firmado,65.0,Centro-Oeste
CONTR_2026_00905,Vertice Asset e Cobranca,2026-02-20,67,4168.52,Insucesso,74.0,Nordeste
CONTR_2026_00906,Acerta Credito Integrado,2026-01-07,104,7292.6,Insucesso,3.0,Sul
CONTR_2026_00907,Acerta Credito Integrado,2026-01-29,96,3206.99,Em Aberto,3.0,Norte
CONTR_2026_00908,Vertice Asset e Cobranca,2026-04-29,109,2274.03,Acordo Firmado,37.0,Sudeste
CONTR_2026_00909,Vertice Asset e Cobranca,2026-02-12,71,5081.13,Em Aberto,98.0,Sudeste
CONTR_2026_00910,Vertice Asset e Cobranca,2026-03-10,78,2798.6,Em Aberto,20.0,Nordeste
CONTR_2026_00911,Nexus Mediacao Financeira,2026-04-04,102,5711.23,Acordo Firmado,11.0,Sudeste
CONTR_2026_00912,Vertice Asset e Cobranca,2026-04-23,74,2785.45,Ajuizado,83.0,Sudeste
CONTR_2026_00913,Nexus Mediacao Financeira,2026-04-17,36,13053.21,Acordo Firmado,91.0,Sul
CONTR_2026_00914,Vertice Asset e Cobranca,2026-04-30,129,3307.23,Insucesso,24.0,Sul
CONTR_2026_00915,Nexus Mediacao Financeira,2026-02-27,116,13100.05,Acordo Firmado,70.0,Nordeste
CONTR_2026_00916,Vertice Asset e Cobranca,2026-01-08,77,2838.92,Em Aberto,65.0,Sudeste
CONTR_2026_00917,Vertice Asset e Cobranca,2026-02-11,96,5837.45,Em Aberto,83.0,Centro-Oeste
CONTR_2026_00918,Fenix Recuperacao de Credito,2026-03-17,120,1897.57,Em Aberto,74.0,Sudeste
CONTR_2026_00919,Acerta Credito Integrado,2026-02-11,130,8733.77,Ajuizado,32.0,Sudeste
CONTR_2026_00920,Fenix Recuperacao de Credito,2026-01-13,93,2317.08,Insucesso,62.0,Centro-Oeste
CONTR_2026_00921,Acerta Credito Integrado,2026-01-26,72,11176.26,Em Aberto,55.0,Norte
CONTR_2026_00922,Vertice Asset e Cobranca,2026-01-18,133,4211.47,Ajuizado,36.0,Nordeste
CONTR_2026_00923,Acerta Credito Integrado,2026-02-11,92,1696.56,Acordo Firmado,66.0,Nordeste
CONTR_2026_00924,Acerta Credito Integrado,2026-02-20,85,3459.16,Em Aberto,37.0,Centro-Oeste
CONTR_2026_00925,Vertice Asset e Cobranca,2026-04-26,97,8764.41,Insucesso,14.0,Nordeste
CONTR_2026_00926,Fenix Recuperacao de Credito,2026-04-23,124,1596.81,Em Aberto,46.0,Sul
CONTR_2026_00927,Vertice Asset e Cobranca,2026-03-25,88,6113.88,Acordo Firmado,77.0,Nordeste
CONTR_2026_00928,Nexus Mediacao Financeira,2026-01-16,119,4738.93,Acordo Firmado,51.0,Nordeste
CONTR_2026_00929,Nexus Mediacao Financeira,2026-04-11,83,3054.37,Ajuizado,50.0,Sudeste
CONTR_2026_00930,Vertice Asset e Cobranca,2026-01-03,108,8245.1,Insucesso,51.0,Nordeste
CONTR_2026_00931,Fenix Recuperacao de Credito,2026-04-01,61,1469.33,Acordo Firmado,17.0,Nordeste
CONTR_2026_00932,Acerta Credito Integrado,2026-03-20,122,4642.21,Acordo Firmado,27.0,Sudeste
CONTR_2026_00933,Vertice Asset e Cobranca,2026-04-08,69,4734.84,Acordo Firmado,54.0,Nordeste
CONTR_2026_00934,Nexus Mediacao Financeira,2026-02-14,103,1651.85,Em Aberto,29.0,Nordeste
CONTR_2026_00935,Fenix Recuperacao de Credito,2026-01-22,45,1931.04,Em Aberto,13.0,Nordeste
CONTR_2026_00936,Vertice Asset e Cobranca,2026-04-14,90,3835.24,Ajuizado,49.0,Sudeste
CONTR_2026_00937,Fenix Recuperacao de Credito,2026-01-23,95,5044.99,Em Aberto,25.0,Norte
CONTR_2026_00938,Fenix Recuperacao de Credito,2026-02-28,69,1473.31,Acordo Firmado,88.0,Nordeste
CONTR_2026_00939,Fenix Recuperacao de Credito,2026-03-03,86,1259.13,Em Aberto,100.0,Sudeste
CONTR_2026_00940,Nexus Mediacao Financeira,2026-04-23,97,2269.71,Em Aberto,23.0,Sudeste
CONTR_2026_00941,Vertice Asset e Cobranca,2026-03-09,106,4545.29,Acordo Firmado,26.0,Nordeste
CONTR_2026_00942,Nexus Mediacao Financeira,2026-04-25,93,1405.56,Acordo Firmado,48.0,Nordeste
CONTR_2026_00943,Nexus Mediacao Financeira,2026-02-23,129,7806.94,Acordo Firmado,36.0,Nordeste
CONTR_2026_00944,Acerta Credito Integrado,2026-02-26,9999,2023.95,Acordo Firmado,6.0,Sudeste
CONTR_2026_00945,Fenix Recuperacao de Credito,2026-04-15,89,8605.47,Em Aberto,80.0,Norte
CONTR_2026_00946,Fenix Recuperacao de Credito,2026-01-23,50,2345.39,Acordo Firmado,74.0,Sudeste
CONTR_2026_00947,Fenix Recuperacao de Credito,2026-04-21,75,3327.98,Em Aberto,39.0,Nordeste
CONTR_2026_00948,Fenix Recuperacao de Credito,2026-03-01,23,4460.92,Em Aberto,57.0,Nordeste
CONTR_2026_00949,Acerta Credito Integrado,2026-03-14,84,3332.96,Em Aberto,91.0,Norte
CONTR_2026_00950,Nexus Mediacao Financeira,2026-03-29,-999,1319.51,Em Aberto,66.0,Nordeste
CONTR_2026_00951,Nexus Mediacao Financeira,2026-03-26,113,13161.13,Em Aberto,10.0,Sudeste
CONTR_2026_00952,Nexus Mediacao Financeira,2026-04-15,92,2887.63,Em Aberto,72.0,Nordeste
CONTR_2026_00953,Fenix Recuperacao de Credito,2026-04-20,68,1931.12,Em Aberto,51.0,Nordeste
CONTR_2026_00954,Fenix Recuperacao de Credito,2026-02-24,93,1910.8,Em Aberto,77.0,Nordeste
CONTR_2026_00955,Vertice Asset e Cobranca,2026-04-27,153,19567.49,Acordo Firmado,72.0,Norte
CONTR_2026_00956,Vertice Asset e Cobranca,2026-03-21,134,1856.57,Acordo Firmado,27.0,Sul
CONTR_2026_00957,Nexus Mediacao Financeira,2026-03-04,85,3327.43,Insucesso,46.0,Nordeste
CONTR_2026_00958,Fenix Recuperacao de Credito,2026-02-25,45,1550.08,Insucesso,63.0,Nordeste
CONTR_2026_00959,Fenix Recuperacao de Credito,2026-02-24,156,7849.06,Insucesso,42.0,Sudeste
CONTR_2026_00960,Acerta Credito Integrado,2026-01-25,68,5741.01,Acordo Firmado,85.0,Nordeste
CONTR_2026_00961,Fenix Recuperacao de Credito,2026-01-26,105,5013.22,Em Aberto,41.0,Sudeste
CONTR_2026_00962,Nexus Mediacao Financeira,2026-02-18,43,10884.17,Insucesso,34.0,Sul
CONTR_2026_00963,Fenix Recuperacao de Credito,2026-03-04,80,5458.8,Acordo Firmado,93.0,Sudeste
CONTR_2026_00964,Vertice Asset e Cobranca,2026-02-14,43,16764.81,Acordo Firmado,30.0,Centro-Oeste
CONTR_2026_00965,Vertice Asset e Cobranca,2026-03-14,55,6074.63,Ajuizado,44.0,Sul
CONTR_2026_00966,Vertice Asset e Cobranca,2026-03-20,62,3387.41,Acordo Firmado,80.0,Sudeste
CONTR_2026_00967,Acerta Credito Integrado,2026-02-08,104,1387.2,Acordo Firmado,1.0,Sul
CONTR_2026_00968,Vertice Asset e Cobranca,2026-04-07,87,7659.93,Em Aberto,45.0,Nordeste
CONTR_2026_00969,Nexus Mediacao Financeira,2026-03-06,171,3539.19,Em Aberto,47.0,Nordeste
CONTR_2026_00970,Vertice Asset e Cobranca,2026-03-10,124,5771.49,Acordo Firmado,93.0,Sul
CONTR_2026_00971,Nexus Mediacao Financeira,2026-02-25,124,11651.43,Acordo Firmado,30.0,Nordeste
CONTR_2026_00972,Fenix Recuperacao de Credito,2026-01-09,105,1238.44,Insucesso,22.0,Nordeste
CONTR_2026_00973,Acerta Credito Integrado,2026-04-18,98,8327.51,Ajuizado,15.0,Sudeste
CONTR_2026_00974,Fenix Recuperacao de Credito,2026-03-11,125,4057.17,Insucesso,84.0,Centro-Oeste
CONTR_2026_00975,Fenix Recuperacao de Credito,2026-01-28,18,1862.29,Insucesso,38.0,Sudeste
CONTR_2026_00976,Vertice Asset e Cobranca,2026-02-14,71,5566.85,Acordo Firmado,23.0,Sudeste
CONTR_2026_00977,Nexus Mediacao Financeira,2026-01-26,49,5003.01,Acordo Firmado,31.0,Norte
CONTR_2026_00978,Fenix Recuperacao de Credito,2026-01-28,33,10435.56,Ajuizado,57.0,Sul
CONTR_2026_00979,Vertice Asset e Cobranca,2026-02-09,66,4886.15,Em Aberto,81.0,Nordeste
CONTR_2026_00980,Nexus Mediacao Financeira,2026-01-15,55,9982.5,Em Aberto,35.0,Sudeste
CONTR_2026_00981,Vertice Asset e Cobranca,2026-01-06,125,5131.68,Ajuizado,66.0,Sudeste
CONTR_2026_00982,Acerta Credito Integrado,2026-01-27,92,4161.49,Insucesso,53.0,Nordeste
CONTR_2026_00983,Fenix Recuperacao de Credito,2026-02-07,29,3519.58,Insucesso,31.0,Nordeste
CONTR_2026_00984,Fenix Recuperacao de Credito,2026-03-09,99,2153.97,Em Aberto,26.0,Sul
CONTR_2026_00985,Acerta Credito Integrado,2026-03-16,59,5585.72,Em Aberto,31.0,Nordeste
CONTR_2026_00986,Vertice Asset e Cobranca,2026-03-26,91,5129.06,Em Aberto,72.0,Centro-Oeste
CONTR_2026_00987,Nexus Mediacao Financeira,2026-03-05,101,19794.56,Em Aberto,80.0,Sudeste
CONTR_2026_00988,Vertice Asset e Cobranca,2026-01-30,67,3858.62,Em Aberto,12.0,Nordeste
CONTR_2026_00989,Fenix Recuperacao de Credito,2026-03-23,96,3936.78,Em Aberto,53.0,Nordeste
CONTR_2026_00990,Acerta Credito Integrado,2026-04-09,102,2094.86,Acordo Firmado,56.0,Sudeste
CONTR_2026_00991,Acerta Credito Integrado,2026-01-03,85,5751.19,Em Aberto,83.0,Sudeste
CONTR_2026_00992,Nexus Mediacao Financeira,2026-03-03,68,10614.52,Insucesso,62.0,Nordeste
CONTR_2026_00993,Vertice Asset e Cobranca,2026-01-12,90,2624.58,Acordo Firmado,44.0,Sudeste
CONTR_2026_00994,Nexus Mediacao Financeira,2026-04-01,85,1245.6,Em Aberto,58.0,Sudeste
CONTR_2026_00995,Vertice Asset e Cobranca,2026-04-27,99,7079.74,Ajuizado,77.0,Sul
CONTR_2026_00996,Fenix Recuperacao de Credito,2026-01-30,82,1359.38,Insucesso,65.0,Sudeste
CONTR_2026_00997,Fenix Recuperacao de Credito,2026-03-26,54,3832.03,Insucesso,13.0,Norte
CONTR_2026_00998,Fenix Recuperacao de Credito,2026-02-07,84,5942.91,Acordo Firmado,61.0,Sudeste
CONTR_2026_00999,Vertice Asset e Cobranca,2026-03-26,99,3638.9,Insucesso,68.0,Nordeste
CONTR_2026_01000,Vertice Asset e Cobranca,2026-03-01,95,2709.43,Acordo Firmado,51.0,Sudeste
CONTR_2026_01001,Fenix Recuperacao de Credito,2026-02-07,86,9228.89,Em Aberto,62.0,Sul
CONTR_2026_01002,Nexus Mediacao Financeira,2026-04-14,75,2990.04,Acordo Firmado,48.0,Nordeste
CONTR_2026_01003,Acerta Credito Integrado,2026-01-15,73,2192.54,Acordo Firmado,95.0,Sudeste
CONTR_2026_01004,Acerta Credito Integrado,2026-01-18,76,3658.36,Acordo Firmado,63.0,Nordeste
CONTR_2026_01005,Acerta Credito Integrado,2026-02-21,122,1905.89,Acordo Firmado,72.0,Norte
CONTR_2026_01006,Nexus Mediacao Financeira,2026-01-29,61,7062.32,Em Aberto,91.0,Sudeste
CONTR_2026_01007,Nexus Mediacao Financeira,2026-04-22,92,7390.76,Em Aberto,72.0,Nordeste
CONTR_2026_01008,Acerta Credito Integrado,2026-04-12,52,1274.44,Acordo Firmado,51.0,Nordeste
CONTR_2026_01009,Fenix Recuperacao de Credito,2026-03-01,112,7135.03,Em Aberto,24.0,Centro-Oeste
CONTR_2026_01010,Vertice Asset e Cobranca,2026-01-21,73,2976.15,Em Aberto,86.0,Centro-Oeste
CONTR_2026_01011,Fenix Recuperacao de Credito,2026-01-17,65,6538.53,Em Aberto,40.0,Sudeste
CONTR_2026_01012,Vertice Asset e Cobranca,2026-04-15,96,7329.12,Em Aberto,29.0,Nordeste
CONTR_2026_01013,Fenix Recuperacao de Credito,2026-04-25,16,2827.14,Acordo Firmado,73.0,Sudeste
CONTR_2026_01014,Fenix Recuperacao de Credito,2026-01-18,51,2225.2,Em Aberto,17.0,Sul
CONTR_2026_01015,Acerta Credito Integrado,2026-02-26,100,9953.82,Acordo Firmado,1.0,Sudeste
CONTR_2026_01016,Fenix Recuperacao de Credito,2026-04-29,120,7919.71,Em Aberto,96.0,Centro-Oeste
CONTR_2026_01017,Fenix Recuperacao de Credito,2026-02-06,103,10274.39,Insucesso,51.0,Sul
CONTR_2026_01018,Nexus Mediacao Financeira,2026-03-01,94,4061.02,Em Aberto,1.0,Nordeste
CONTR_2026_01019,Fenix Recuperacao de Credito,2026-02-07,162,4247.42,Em Aberto,25.0,Nordeste
CONTR_2026_01020,Fenix Recuperacao de Credito,2026-01-12,104,3309.25,Acordo Firmado,41.0,Sudeste
CONTR_2026_01021,Nexus Mediacao Financeira,2026-03-16,58,4656.37,Acordo Firmado,91.0,Nordeste
CONTR_2026_01022,Vertice Asset e Cobranca,2026-04-22,120,6400.35,Acordo Firmado,23.0,Centro-Oeste
CONTR_2026_01023,Fenix Recuperacao de Credito,2026-04-26,70,9624.71,Insucesso,18.0,Nordeste
CONTR_2026_01024,Vertice Asset e Cobranca,2026-04-23,68,2211.63,Em Aberto,95.0,Sudeste
CONTR_2026_01025,Fenix Recuperacao de Credito,2026-03-25,48,3799.48,Acordo Firmado,28.0,Nordeste
CONTR_2026_01026,Vertice Asset e Cobranca,2026-03-14,77,4292.07,Em Aberto,85.0,Nordeste
CONTR_2026_01027,Acerta Credito Integrado,2026-01-01,53,4547.1,Em Aberto,12.0,Nordeste
CONTR_2026_01028,Acerta Credito Integrado,2026-02-27,106,5104.13,Acordo Firmado,88.0,Nordeste
CONTR_2026_01029,Vertice Asset e Cobranca,2026-01-03,86,9291.06,Em Aberto,49.0,Nordeste
CONTR_2026_01030,Acerta Credito Integrado,2026-03-04,49,12068.79,Em Aberto,97.0,Sudeste
CONTR_2026_01031,Fenix Recuperacao de Credito,2026-01-21,87,2066.76,Acordo Firmado,81.0,Nordeste
CONTR_2026_01032,Nexus Mediacao Financeira,2026-01-23,119,7435.83,Em Aberto,97.0,Nordeste
CONTR_2026_01033,Fenix Recuperacao de Credito,2026-01-09,138,4461.07,Acordo Firmado,16.0,Sudeste
CONTR_2026_01034,Fenix Recuperacao de Credito,2026-04-28,36,3903.99,Em Aberto,27.0,Centro-Oeste
CONTR_2026_01035,Fenix Recuperacao de Credito,2026-03-24,66,1801.49,Insucesso,53.0,Sul
CONTR_2026_01036,Nexus Mediacao Financeira,2026-04-19,51,1531.42,Acordo Firmado,92.0,Centro-Oeste
CONTR_2026_01037,Vertice Asset e Cobranca,2026-02-24,100,20240.79,Acordo Firmado,36.0,Nordeste
CONTR_2026_01038,Acerta Credito Integrado,2026-04-20,47,6341.26,Acordo Firmado,7.0,Nordeste
CONTR_2026_01039,Fenix Recuperacao de Credito,2026-04-26,121,4211.29,Acordo Firmado,34.0,Sudeste
CONTR_2026_01040,Vertice Asset e Cobranca,2026-01-19,126,8372.46,Em Aberto,65.0,Nordeste
CONTR_2026_01041,Nexus Mediacao Financeira,2026-03-03,114,1677.78,Ajuizado,4.0,Norte
CONTR_2026_01042,Acerta Credito Integrado,2026-03-28,68,5875.41,Acordo Firmado,26.0,Nordeste
CONTR_2026_01043,Vertice Asset e Cobranca,2026-04-01,70,6603.05,Acordo Firmado,20.0,Nordeste
CONTR_2026_01044,Nexus Mediacao Financeira,2026-04-01,76,4207.9,Insucesso,51.0,Norte
CONTR_2026_01045,Acerta Credito Integrado,2026-02-08,123,2655.76,Em Aberto,77.0,Centro-Oeste
CONTR_2026_01046,Nexus Mediacao Financeira,2026-04-10,39,16659.55,Em Aberto,99.0,Nordeste
CONTR_2026_01047,Fenix Recuperacao de Credito,2026-03-17,101,2991.49,Em Aberto,10.0,Nordeste
CONTR_2026_01048,Fenix Recuperacao de Credito,2026-04-29,61,1866.5,Insucesso,8.0,Sul
CONTR_2026_01049,Acerta Credito Integrado,2026-01-27,77,6177.67,Em Aberto,18.0,Nordeste
CONTR_2026_01050,Fenix Recuperacao de Credito,2026-02-15,112,5470.37,Ajuizado,17.0,Centro-Oeste
CONTR_2026_01051,Acerta Credito Integrado,2026-02-03,44,8227.85,Ajuizado,69.0,Centro-Oeste
CONTR_2026_01052,Nexus Mediacao Financeira,2026-02-02,81,8207.71,Acordo Firmado,30.0,Nordeste
CONTR_2026_01053,Fenix Recuperacao de Credito,2026-04-02,86,6041.03,Em Aberto,95.0,Nordeste
CONTR_2026_01054,Acerta Credito Integrado,2026-04-05,88,2363.04,Em Aberto,39.0,Nordeste
CONTR_2026_01055,Vertice Asset e Cobranca,2026-04-06,86,12108.28,Em Aberto,61.0,Nordeste
CONTR_2026_01056,Vertice Asset e Cobranca,2026-02-19,106,2626.98,Insucesso,24.0,Sudeste
CONTR_2026_01057,Acerta Credito Integrado,2026-01-20,76,1693.49,Em Aberto,81.0,Sul
CONTR_2026_01058,Vertice Asset e Cobranca,2026-02-09,100,2994.09,Insucesso,98.0,Sudeste
CONTR_2026_01059,Vertice Asset e Cobranca,2026-04-09,99,4500.81,Em Aberto,35.0,Sudeste
CONTR_2026_01060,Nexus Mediacao Financeira,2026-04-05,98,2360.81,Insucesso,79.0,Nordeste
CONTR_2026_01061,Acerta Credito Integrado,2026-02-27,105,3229.86,Em Aberto,61.0,Nordeste
CONTR_2026_01062,Vertice Asset e Cobranca,2026-01-31,98,4804.58,Em Aberto,75.0,Sudeste
CONTR_2026_01063,Acerta Credito Integrado,2026-02-07,87,3149.97,Em Aberto,98.0,Centro-Oeste
CONTR_2026_01064,Vertice Asset e Cobranca,2026-03-27,51,1667.8,Em Aberto,72.0,Sudeste
CONTR_2026_01065,Vertice Asset e Cobranca,2026-02-14,130,2298.33,Acordo Firmado,15.0,Norte
CONTR_2026_01066,Acerta Credito Integrado,2026-02-10,140,9104.42,Acordo Firmado,36.0,Nordeste
CONTR_2026_01067,Fenix Recuperacao de Credito,2026-01-09,79,16631.75,Em Aberto,55.0,Sul
CONTR_2026_01068,Fenix Recuperacao de Credito,2026-04-26,103,2003.41,Em Aberto,37.0,Nordeste
CONTR_2026_01069,Vertice Asset e Cobranca,2026-01-09,73,6913.12,Insucesso,87.0,Centro-Oeste
CONTR_2026_01070,Vertice Asset e Cobranca,2026-03-04,68,13000.0,Em Aberto,62.0,Centro-Oeste
CONTR_2026_01071,Vertice Asset e Cobranca,2026-03-20,91,2977.26,Em Aberto,64.0,Sul
CONTR_2026_01072,Fenix Recuperacao de Credito,2026-03-18,174,10043.98,Acordo Firmado,39.0,Sudeste
CONTR_2026_01073,Fenix Recuperacao de Credito,2026-01-22,137,12966.01,Acordo Firmado,90.0,Sudeste
CONTR_2026_01074,Fenix Recuperacao de Credito,2026-01-16,133,2979.79,Em Aberto,98.0,Sudeste
CONTR_2026_01075,Vertice Asset e Cobranca,2026-02-01,105,1492.07,Em Aberto,75.0,Sudeste
CONTR_2026_01076,Vertice Asset e Cobranca,2026-03-07,62,13632.12,Insucesso,12.0,Sul
CONTR_2026_01077,Vertice Asset e Cobranca,2026-03-31,121,3205.99,Ajuizado,72.0,Sul
CONTR_2026_01078,Nexus Mediacao Financeira,2026-01-14,15,1269.17,Acordo Firmado,8.0,Nordeste
CONTR_2026_01079,Fenix Recuperacao de Credito,2026-02-07,101,4421.02,Em Aberto,41.0,Nordeste
CONTR_2026_01080,Fenix Recuperacao de Credito,2026-04-08,122,1815.79,Insucesso,69.0,Sudeste
CONTR_2026_01081,Acerta Credito Integrado,2026-01-08,94,12798.75,Ajuizado,74.0,Sudeste
CONTR_2026_01082,Fenix Recuperacao de Credito,2026-04-10,139,2042.07,Acordo Firmado,3.0,Nordeste
CONTR_2026_01083,Vertice Asset e Cobranca,2026-01-21,47,3015.04,Acordo Firmado,43.0,Nordeste
CONTR_2026_01084,Acerta Credito Integrado,2026-02-25,138,9013.97,Insucesso,37.0,Sudeste
CONTR_2026_01085,Fenix Recuperacao de Credito,2026-02-15,85,9408.44,Em Aberto,86.0,Sudeste
CONTR_2026_01086,Vertice Asset e Cobranca,2026-02-12,133,12777.34,Em Aberto,57.0,Centro-Oeste
CONTR_2026_01087,Nexus Mediacao Financeira,2026-04-30,120,4639.77,Insucesso,25.0,Sul
CONTR_2026_01088,Fenix Recuperacao de Credito,2026-04-02,135,22807.72,Acordo Firmado,4.0,Sudeste
CONTR_2026_01089,Vertice Asset e Cobranca,2026-02-15,119,4830.3,Insucesso,58.0,Sul
CONTR_2026_01090,Fenix Recuperacao de Credito,2026-04-18,110,9020.12,Acordo Firmado,37.0,Sul
CONTR_2026_01091,Fenix Recuperacao de Credito,2026-02-17,130,3446.32,Em Aberto,8.0,Sudeste
CONTR_2026_01092,Nexus Mediacao Financeira,2026-03-11,91,15375.84,Em Aberto,94.0,Nordeste
CONTR_2026_01093,Nexus Mediacao Financeira,2026-03-25,108,6976.17,Em Aberto,9.0,Norte
CONTR_2026_01094,Nexus Mediacao Financeira,2026-01-31,89,1601.16,Insucesso,79.0,Norte
CONTR_2026_01095,Fenix Recuperacao de Credito,2026-02-02,69,1774.36,Ajuizado,1.0,Nordeste
CONTR_2026_01096,Fenix Recuperacao de Credito,2026-02-13,105,12273.35,Ajuizado,13.0,Sul
CONTR_2026_01097,Fenix Recuperacao de Credito,2026-03-12,95,9492.05,Acordo Firmado,68.0,Nordeste
CONTR_2026_01098,Fenix Recuperacao de Credito,2026-01-08,127,3203.09,Em Aberto,16.0,Nordeste
CONTR_2026_01099,Acerta Credito Integrado,2026-03-14,84,4886.5,Em Aberto,44.0,Sudeste
CONTR_2026_01100,Vertice Asset e Cobranca,2026-01-02,67,10778.06,Em Aberto,65.0,Sudeste
CONTR_2026_01101,Fenix Recuperacao de Credito,2026-01-17,127,1745.9,Insucesso,14.0,Sudeste
CONTR_2026_01102,Vertice Asset e Cobranca,2026-02-21,91,1943.31,Em Aberto,91.0,Sudeste
CONTR_2026_01103,Acerta Credito Integrado,2026-02-14,66,7485.58,Ajuizado,26.0,Nordeste
CONTR_2026_01104,Fenix Recuperacao de Credito,2026-02-06,131,1628.91,Ajuizado,32.0,Nordeste
CONTR_2026_01105,Vertice Asset e Cobranca,2026-02-11,117,3373.7,Em Aberto,2.0,Sul
CONTR_2026_01106,Fenix Recuperacao de Credito,2026-02-13,145,2650.48,Insucesso,16.0,Nordeste
CONTR_2026_01107,Vertice Asset e Cobranca,2026-03-22,79,8341.54,Insucesso,92.0,Sudeste
CONTR_2026_01108,Acerta Credito Integrado,2026-04-27,75,1212.25,Acordo Firmado,49.0,Sudeste
CONTR_2026_01109,Nexus Mediacao Financeira,2026-02-07,57,1813.01,Acordo Firmado,90.0,Sul
CONTR_2026_01110,Fenix Recuperacao de Credito,2026-04-09,72,1721.29,Acordo Firmado,75.0,Sudeste
CONTR_2026_01111,Acerta Credito Integrado,2026-04-21,78,3114.19,Acordo Firmado,23.0,Nordeste
CONTR_2026_01112,Fenix Recuperacao de Credito,2026-04-13,110,2522.95,Acordo Firmado,94.0,Centro-Oeste
CONTR_2026_01113,Fenix Recuperacao de Credito,2026-04-04,62,2495.69,Insucesso,60.0,Nordeste
CONTR_2026_01114,Nexus Mediacao Financeira,2026-01-06,70,3513.3,Em Aberto,95.0,Nordeste
CONTR_2026_01115,Nexus Mediacao Financeira,2026-03-09,140,2404.3,Em Aberto,66.0,Sul
CONTR_2026_01116,Nexus Mediacao Financeira,2026-02-20,15,1761.45,Acordo Firmado,20.0,Sul
CONTR_2026_01117,Fenix Recuperacao de Credito,2026-04-11,104,5576.36,Em Aberto,93.0,Centro-Oeste
CONTR_2026_01118,Acerta Credito Integrado,2026-02-04,51,16355.52,Insucesso,74.0,Nordeste
CONTR_2026_01119,Vertice Asset e Cobranca,2026-02-27,65,5871.83,Acordo Firmado,18.0,Centro-Oeste
CONTR_2026_01120,Fenix Recuperacao de Credito,2026-02-26,132,8273.89,Acordo Firmado,59.0,Sul
CONTR_2026_01121,Acerta Credito Integrado,2026-03-14,92,19109.43,Insucesso,31.0,Sudeste
CONTR_2026_01122,Vertice Asset e Cobranca,2026-01-06,169,2031.23,Em Aberto,4.0,Nordeste
CONTR_2026_01123,Acerta Credito Integrado,2026-01-13,108,4279.17,Em Aberto,27.0,Sudeste
CONTR_2026_01124,Acerta Credito Integrado,2026-02-28,65,5559.54,Insucesso,18.0,Nordeste
CONTR_2026_01125,Nexus Mediacao Financeira,2026-03-27,106,3143.87,Acordo Firmado,63.0,Norte
CONTR_2026_01126,Nexus Mediacao Financeira,2026-04-02,123,5948.33,Insucesso,95.0,Sul
CONTR_2026_01127,Fenix Recuperacao de Credito,2026-01-30,105,6088.44,Insucesso,71.0,Sudeste
CONTR_2026_01128,Vertice Asset e Cobranca,2026-04-26,83,10433.06,Em Aberto,19.0,Sul
CONTR_2026_01129,Vertice Asset e Cobranca,2026-04-10,39,10134.32,Acordo Firmado,39.0,Sudeste
CONTR_2026_01130,Vertice Asset e Cobranca,2026-01-02,80,1968.8,Ajuizado,66.0,Nordeste
CONTR_2026_01131,Acerta Credito Integrado,2026-02-27,140,2124.98,Em Aberto,78.0,Nordeste
CONTR_2026_01132,Vertice Asset e Cobranca,2026-02-05,66,2457.54,Acordo Firmado,100.0,Sudeste
CONTR_2026_01133,Fenix Recuperacao de Credito,2026-03-13,77,2713.84,Em Aberto,46.0,Centro-Oeste
CONTR_2026_01134,Fenix Recuperacao de Credito,2026-02-14,119,5356.23,Acordo Firmado,92.0,Centro-Oeste
CONTR_2026_01135,Nexus Mediacao Financeira,2026-04-16,108,3183.69,Em Aberto,38.0,Nordeste
CONTR_2026_01136,Fenix Recuperacao de Credito,2026-04-24,50,16484.07,Acordo Firmado,67.0,Nordeste
CONTR_2026_01137,Acerta Credito Integrado,2026-01-09,86,1829.53,Insucesso,29.0,Nordeste
CONTR_2026_01138,Vertice Asset e Cobranca,2026-03-06,132,2615.03,Insucesso,91.0,Sul
CONTR_2026_01139,Vertice Asset e Cobranca,2026-03-18,90,11336.81,Ajuizado,57.0,Nordeste
CONTR_2026_01140,Nexus Mediacao Financeira,2026-02-19,132,5589.33,Em Aberto,48.0,Sudeste
CONTR_2026_01141,Acerta Credito Integrado,2026-03-20,134,5164.05,Acordo Firmado,52.0,Nordeste
CONTR_2026_01142,Vertice Asset e Cobranca,2026-02-01,62,5711.26,Acordo Firmado,48.0,Norte
CONTR_2026_01143,Nexus Mediacao Financeira,2026-04-08,81,2653.53,Em Aberto,61.0,Sudeste
CONTR_2026_01144,Nexus Mediacao Financeira,2026-02-12,109,8365.82,Em Aberto,67.0,Sul
CONTR_2026_01145,Vertice Asset e Cobranca,2026-04-05,43,4631.18,Em Aberto,48.0,Sudeste
CONTR_2026_01146,Acerta Credito Integrado,2026-03-19,83,1417.65,Em Aberto,94.0,Sudeste
CONTR_2026_01147,Acerta Credito Integrado,2026-02-23,106,2174.96,Insucesso,82.0,Sudeste
CONTR_2026_01148,Nexus Mediacao Financeira,2026-02-16,71,9681.09,Acordo Firmado,8.0,Nordeste
CONTR_2026_01149,Acerta Credito Integrado,2026-01-14,107,3315.94,Insucesso,74.0,Nordeste
CONTR_2026_01150,Acerta Credito Integrado,2026-02-17,71,8623.82,Em Aberto,86.0,Nordeste
CONTR_2026_01151,Acerta Credito Integrado,2026-02-24,71,6643.95,Em Aberto,88.0,Sudeste
CONTR_2026_01152,Acerta Credito Integrado,2026-01-29,112,2993.81,Ajuizado,67.0,Sudeste
CONTR_2026_01153,Nexus Mediacao Financeira,2026-02-16,131,1879.3,Acordo Firmado,14.0,Sudeste
CONTR_2026_01154,Nexus Mediacao Financeira,2026-03-04,68,9423.91,Acordo Firmado,47.0,Sul
CONTR_2026_01155,Nexus Mediacao Financeira,2026-01-19,53,6351.32,Acordo Firmado,24.0,Nordeste
CONTR_2026_01156,Acerta Credito Integrado,2026-04-01,88,2989.07,Em Aberto,91.0,Sudeste
CONTR_2026_01157,Fenix Recuperacao de Credito,2026-01-09,104,4904.08,Insucesso,62.0,Sudeste
CONTR_2026_01158,Acerta Credito Integrado,2026-04-11,68,5932.5,Acordo Firmado,58.0,Nordeste
CONTR_2026_01159,Acerta Credito Integrado,2026-02-06,139,1210.6,Insucesso,34.0,Nordeste
CONTR_2026_01160,Fenix Recuperacao de Credito,2026-04-17,85,6751.1,Ajuizado,31.0,Nordeste
CONTR_2026_01161,Acerta Credito Integrado,2026-04-02,68,6536.7,Acordo Firmado,48.0,Sul
CONTR_2026_01162,Fenix Recuperacao de Credito,2026-02-21,147,1630.94,Acordo Firmado,91.0,Nordeste
CONTR_2026_01163,Vertice Asset e Cobranca,2026-02-26,127,8950.03,Ajuizado,45.0,Sudeste
CONTR_2026_01164,Acerta Credito Integrado,2026-03-29,68,9917.39,Insucesso,29.0,Sudeste
CONTR_2026_01165,Fenix Recuperacao de Credito,2026-01-28,122,2913.6,Em Aberto,29.0,Norte
CONTR_2026_01166,Acerta Credito Integrado,2026-02-05,70,2084.95,Em Aberto,63.0,Sul
CONTR_2026_01167,Acerta Credito Integrado,2026-04-26,113,6999.48,Ajuizado,48.0,Nordeste
CONTR_2026_01168,Nexus Mediacao Financeira,2026-03-05,143,1858.24,Em Aberto,12.0,Nordeste
CONTR_2026_01169,Fenix Recuperacao de Credito,2026-01-18,53,10961.13,Acordo Firmado,78.0,Nordeste
CONTR_2026_01170,Vertice Asset e Cobranca,2026-03-30,73,4470.88,Ajuizado,27.0,Nordeste
CONTR_2026_01171,Nexus Mediacao Financeira,2026-02-04,74,13229.13,Em Aberto,47.0,Nordeste
CONTR_2026_01172,Vertice Asset e Cobranca,2026-03-09,97,6338.48,Acordo Firmado,66.0,Nordeste
CONTR_2026_01173,Nexus Mediacao Financeira,2026-03-19,104,2878.01,Insucesso,37.0,Nordeste
CONTR_2026_01174,Vertice Asset e Cobranca,2026-02-08,87,4355.91,Em Aberto,45.0,Sudeste
CONTR_2026_01175,Nexus Mediacao Financeira,2026-03-31,39,4968.17,Acordo Firmado,57.0,Sul
CONTR_2026_01176,Nexus Mediacao Financeira,2026-01-08,53,9641.29,Acordo Firmado,18.0,Sul
CONTR_2026_01177,Acerta Credito Integrado,2026-03-29,63,11097.26,Insucesso,13.0,Sudeste
CONTR_2026_01178,Fenix Recuperacao de Credito,2026-03-21,106,6944.45,Acordo Firmado,73.0,Sudeste
CONTR_2026_01179,Acerta Credito Integrado,2026-03-25,48,2942.1,Em Aberto,29.0,Sudeste
CONTR_2026_01180,Nexus Mediacao Financeira,2026-01-15,-999,4959.91,Em Aberto,56.0,Sudeste
CONTR_2026_01181,Vertice Asset e Cobranca,2026-01-07,55,1899.89,Em Aberto,74.0,Sudeste
CONTR_2026_01182,Vertice Asset e Cobranca,2026-01-17,100,2507.53,Acordo Firmado,20.0,Sudeste
CONTR_2026_01183,Nexus Mediacao Financeira,2026-03-27,123,3005.27,Em Aberto,29.0,Sudeste
CONTR_2026_01184,Fenix Recuperacao de Credito,2026-03-27,94,1577.71,Acordo Firmado,6.0,Nordeste
CONTR_2026_01185,Fenix Recuperacao de Credito,2026-04-28,149,12013.62,Em Aberto,26.0,Sudeste
CONTR_2026_01186,Fenix Recuperacao de Credito,2026-03-05,94,1854.21,Em Aberto,61.0,Sul
CONTR_2026_01187,Nexus Mediacao Financeira,2026-01-12,87,7167.45,Acordo Firmado,86.0,Centro-Oeste
CONTR_2026_01188,Fenix Recuperacao de Credito,2026-03-23,66,4722.68,Em Aberto,43.0,Nordeste
CONTR_2026_01189,Vertice Asset e Cobranca,2026-02-25,96,10112.05,Acordo Firmado,47.0,Sudeste
CONTR_2026_01190,Acerta Credito Integrado,2026-02-15,65,7955.33,Em Aberto,26.0,Sudeste
CONTR_2026_01191,Fenix Recuperacao de Credito,2026-02-16,60,8330.13,Em Aberto,81.0,Centro-Oeste
CONTR_2026_01192,Nexus Mediacao Financeira,2026-03-20,59,3909.4,Em Aberto,1.0,Nordeste
CONTR_2026_01193,Vertice Asset e Cobranca,2026-04-11,83,10178.12,Acordo Firmado,95.0,Nordeste
CONTR_2026_01194,Nexus Mediacao Financeira,2026-01-16,74,1697.68,Insucesso,73.0,Nordeste
CONTR_2026_01195,Fenix Recuperacao de Credito,2026-03-10,169,4138.7,Ajuizado,26.0,Nordeste
CONTR_2026_01196,Acerta Credito Integrado,2026-01-02,96,27319.82,Acordo Firmado,64.0,Centro-Oeste
CONTR_2026_01197,Vertice Asset e Cobranca,2026-04-26,95,15993.58,Em Aberto,62.0,Sudeste
CONTR_2026_01198,Vertice Asset e Cobranca,2026-04-02,73,1628.95,Em Aberto,6.0,Sudeste
CONTR_2026_01199,Acerta Credito Integrado,2026-04-15,181,5454.69,Em Aberto,62.0,Centro-Oeste
CONTR_2026_01200,Fenix Recuperacao de Credito,2026-02-23,62,3096.43,Em Aberto,66.0,Nordeste
CONTR_2026_01201,Acerta Credito Integrado,2026-01-27,75,7718.46,Em Aberto,42.0,Centro-Oeste
CONTR_2026_01202,Fenix Recuperacao de Credito,2026-01-31,119,7855.01,Em Aberto,27.0,Sul
CONTR_2026_01203,Fenix Recuperacao de Credito,2026-02-10,96,1200.47,Em Aberto,65.0,Nordeste
CONTR_2026_01204,Vertice Asset e Cobranca,2026-02-05,51,10548.15,Em Aberto,30.0,Sudeste
CONTR_2026_01205,Vertice Asset e Cobranca,2026-02-16,90,2465.33,Em Aberto,82.0,Sul
CONTR_2026_01206,Acerta Credito Integrado,2026-02-12,110,18093.26,Em Aberto,98.0,Sudeste
CONTR_2026_01207,Nexus Mediacao Financeira,2026-03-06,105,12992.14,Insucesso,85.0,Sudeste
CONTR_2026_01208,Vertice Asset e Cobranca,2026-02-19,109,2257.68,Insucesso,65.0,Sul
CONTR_2026_01209,Vertice Asset e Cobranca,2026-04-03,155,6257.62,Acordo Firmado,47.0,Sul
CONTR_2026_01210,Vertice Asset e Cobranca,2026-01-01,98,2957.38,Insucesso,32.0,Nordeste
CONTR_2026_01211,Vertice Asset e Cobranca,2026-03-13,113,1743.41,Acordo Firmado,34.0,Nordeste
CONTR_2026_01212,Vertice Asset e Cobranca,2026-02-26,17,11557.46,Acordo Firmado,47.0,Sudeste
CONTR_2026_01213,Fenix Recuperacao de Credito,2026-01-16,145,2197.3,Em Aberto,14.0,Sudeste
CONTR_2026_01214,Acerta Credito Integrado,2026-01-28,91,3931.98,Em Aberto,5.0,Nordeste
CONTR_2026_01215,Nexus Mediacao Financeira,2026-03-27,63,14097.57,Em Aberto,36.0,Centro-Oeste
CONTR_2026_01216,Fenix Recuperacao de Credito,2026-03-23,84,1591.72,Em Aberto,96.0,Centro-Oeste
CONTR_2026_01217,Fenix Recuperacao de Credito,2026-01-22,109,5199.04,Em Aberto,9.0,Sudeste
CONTR_2026_01218,Nexus Mediacao Financeira,2026-02-10,121,5444.85,Em Aberto,35.0,Sudeste
CONTR_2026_01219,Nexus Mediacao Financeira,2026-03-17,87,8399.88,Acordo Firmado,25.0,Sudeste
CONTR_2026_01220,Vertice Asset e Cobranca,2026-01-19,-999,9976.1,Acordo Firmado,75.0,Nordeste
CONTR_2026_01221,Vertice Asset e Cobranca,2026-03-30,82,3959.49,Em Aberto,46.0,Nordeste
CONTR_2026_01222,Fenix Recuperacao de Credito,2026-02-19,104,8006.7,Acordo Firmado,13.0,Sul
CONTR_2026_01223,Vertice Asset e Cobranca,2026-02-28,96,13264.19,Em Aberto,61.0,Sudeste
CONTR_2026_01224,Fenix Recuperacao de Credito,2026-03-10,99,12069.47,Em Aberto,30.0,Sudeste
CONTR_2026_01225,Vertice Asset e Cobranca,2026-02-03,80,4683.96,Acordo Firmado,98.0,Sudeste
CONTR_2026_01226,Nexus Mediacao Financeira,2026-02-08,102,5870.1,Insucesso,32.0,Sudeste
CONTR_2026_01227,Vertice Asset e Cobranca,2026-03-15,65,6786.05,Ajuizado,30.0,Nordeste
CONTR_2026_01228,Vertice Asset e Cobranca,2026-04-21,95,9749.3,Acordo Firmado,82.0,Sul
CONTR_2026_01229,Vertice Asset e Cobranca,2026-01-07,70,4743.67,Em Aberto,56.0,Sudeste
CONTR_2026_01230,Vertice Asset e Cobranca,2026-04-11,60,1793.35,Em Aberto,67.0,Nordeste
CONTR_2026_01231,Acerta Credito Integrado,2026-04-21,68,3633.12,Acordo Firmado,71.0,Nordeste
CONTR_2026_01232,Fenix Recuperacao de Credito,2026-02-21,83,7568.44,Em Aberto,55.0,Nordeste
CONTR_2026_01233,Fenix Recuperacao de Credito,2026-03-01,74,6088.16,Acordo Firmado,98.0,Nordeste
CONTR_2026_01234,Fenix Recuperacao de Credito,2026-02-21,101,8201.8,Ajuizado,8.0,Nordeste
CONTR_2026_01235,Nexus Mediacao Financeira,2026-03-20,92,4665.27,Insucesso,43.0,Nordeste
CONTR_2026_01236,Vertice Asset e Cobranca,2026-04-16,120,2158.25,Acordo Firmado,48.0,Nordeste
CONTR_2026_01237,Acerta Credito Integrado,2026-01-24,87,1812.01,Ajuizado,58.0,Sudeste
CONTR_2026_01238,Vertice Asset e Cobranca,2026-01-26,95,4481.78,Acordo Firmado,32.0,Nordeste
CONTR_2026_01239,Vertice Asset e Cobranca,2026-03-31,145,2351.63,Em Aberto,78.0,Sudeste
CONTR_2026_01240,Fenix Recuperacao de Credito,2026-04-20,76,21361.61,Em Aberto,69.0,Sul
CONTR_2026_01241,Acerta Credito Integrado,2026-03-31,81,2307.93,Em Aberto,7.0,Sudeste
CONTR_2026_01242,Acerta Credito Integrado,2026-01-10,126,5382.6,Ajuizado,74.0,Sul
CONTR_2026_01243,Acerta Credito Integrado,2026-01-17,61,1208.85,Acordo Firmado,20.0,Nordeste
CONTR_2026_01244,Acerta Credito Integrado,2026-04-27,129,2662.77,Acordo Firmado,62.0,Nordeste
CONTR_2026_01245,Acerta Credito Integrado,2026-03-19,82,2699.71,Ajuizado,21.0,Sudeste
CONTR_2026_01246,Nexus Mediacao Financeira,2026-01-02,65,7896.81,Acordo Firmado,92.0,Norte
CONTR_2026_01247,Fenix Recuperacao de Credito,2026-04-22,117,4622.19,Insucesso,29.0,Sudeste
CONTR_2026_01248,Fenix Recuperacao de Credito,2026-03-18,82,1260.83,Em Aberto,70.0,Sudeste
CONTR_2026_01249,Fenix Recuperacao de Credito,2026-01-27,144,3583.5,Insucesso,51.0,Nordeste
CONTR_2026_01250,Nexus Mediacao Financeira,2026-03-14,92,6375.11,Ajuizado,42.0,Sudeste
CONTR_2026_01251,Acerta Credito Integrado,2026-03-12,92,6262.73,Insucesso,3.0,Sudeste
CONTR_2026_01252,Vertice Asset e Cobranca,2026-02-17,72,1476.98,Acordo Firmado,37.0,Nordeste
CONTR_2026_01253,Fenix Recuperacao de Credito,2026-03-15,85,14419.25,Em Aberto,17.0,Sudeste
CONTR_2026_01254,Fenix Recuperacao de Credito,2026-04-30,81,2618.39,Em Aberto,51.0,Sul
CONTR_2026_01255,Nexus Mediacao Financeira,2026-04-28,129,12306.23,Em Aberto,10.0,Nordeste
CONTR_2026_01256,Vertice Asset e Cobranca,2026-01-09,98,2400.27,Acordo Firmado,37.0,Sul
CONTR_2026_01257,Fenix Recuperacao de Credito,2026-03-27,111,5394.92,Em Aberto,33.0,Sul
CONTR_2026_01258,Vertice Asset e Cobranca,2026-01-23,92,3805.06,Acordo Firmado,28.0,Centro-Oeste
CONTR_2026_01259,Fenix Recuperacao de Credito,2026-03-12,77,5553.59,Acordo Firmado,87.0,Nordeste
CONTR_2026_01260,Nexus Mediacao Financeira,2026-04-22,101,4644.41,Em Aberto,42.0,Nordeste
CONTR_2026_01261,Vertice Asset e Cobranca,2026-03-14,137,1210.25,Em Aberto,58.0,Norte
CONTR_2026_01262,Acerta Credito Integrado,2026-01-27,58,3364.17,Em Aberto,48.0,Nordeste
CONTR_2026_01263,Vertice Asset e Cobranca,2026-03-29,102,1256.4,Em Aberto,51.0,Sudeste
CONTR_2026_01264,Vertice Asset e Cobranca,2026-04-03,134,6950.05,Acordo Firmado,10.0,Nordeste
CONTR_2026_01265,Fenix Recuperacao de Credito,2026-03-22,65,10803.51,Em Aberto,8.0,Sul
CONTR_2026_01266,Fenix Recuperacao de Credito,2026-03-25,117,3628.34,Em Aberto,16.0,Nordeste
CONTR_2026_01267,Vertice Asset e Cobranca,2026-03-12,117,4920.12,Ajuizado,96.0,Nordeste
CONTR_2026_01268,Vertice Asset e Cobranca,2026-02-12,51,1540.52,Insucesso,62.0,Sudeste
CONTR_2026_01269,Nexus Mediacao Financeira,2026-04-14,123,3632.27,Em Aberto,49.0,Nordeste
CONTR_2026_01270,Vertice Asset e Cobranca,2026-01-07,72,1947.49,Insucesso,89.0,Sudeste
CONTR_2026_01271,Nexus Mediacao Financeira,2026-04-02,100,1534.45,Insucesso,15.0,Sudeste
CONTR_2026_01272,Acerta Credito Integrado,2026-03-24,120,2143.91,Acordo Firmado,16.0,Sudeste
CONTR_2026_01273,Acerta Credito Integrado,2026-03-04,126,11433.67,Em Aberto,81.0,Sul
CONTR_2026_01274,Fenix Recuperacao de Credito,2026-03-25,43,21344.02,Em Aberto,27.0,Sudeste
CONTR_2026_01275,Vertice Asset e Cobranca,2026-02-13,143,11768.68,Ajuizado,47.0,Nordeste
CONTR_2026_01276,Fenix Recuperacao de Credito,2026-02-08,132,18678.17,Acordo Firmado,26.0,Nordeste
CONTR_2026_01277,Fenix Recuperacao de Credito,2026-02-09,121,7761.63,Acordo Firmado,72.0,Sul
CONTR_2026_01278,Vertice Asset e Cobranca,2026-01-07,100,2070.01,Insucesso,41.0,Sul
CONTR_2026_01279,Fenix Recuperacao de Credito,2026-03-11,76,5341.06,Acordo Firmado,11.0,Centro-Oeste
CONTR_2026_01280,Vertice Asset e Cobranca,2026-01-25,57,7776.31,Em Aberto,91.0,Nordeste
CONTR_2026_01281,Nexus Mediacao Financeira,2026-04-15,41,4802.21,Ajuizado,9.0,Nordeste
CONTR_2026_01282,Acerta Credito Integrado,2026-02-28,109,5244.67,Em Aberto,54.0,Sudeste
CONTR_2026_01283,Nexus Mediacao Financeira,2026-01-13,121,5611.74,Em Aberto,11.0,Nordeste
CONTR_2026_01284,Fenix Recuperacao de Credito,2026-04-13,87,4344.73,Em Aberto,7.0,Nordeste
CONTR_2026_01285,Vertice Asset e Cobranca,2026-04-14,76,2916.6,Insucesso,28.0,Sul
CONTR_2026_01286,Nexus Mediacao Financeira,2026-03-27,92,6267.11,Ajuizado,94.0,Nordeste
CONTR_2026_01287,Fenix Recuperacao de Credito,2026-04-23,70,1474.97,Em Aberto,62.0,Nordeste
CONTR_2026_01288,Vertice Asset e Cobranca,2026-03-22,90,2137.24,Em Aberto,55.0,Sudeste
CONTR_2026_01289,Fenix Recuperacao de Credito,2026-04-22,69,14168.8,Em Aberto,36.0,Nordeste
CONTR_2026_01290,Fenix Recuperacao de Credito,2026-03-27,108,4555.13,Acordo Firmado,73.0,Nordeste
CONTR_2026_01291,Vertice Asset e Cobranca,2026-04-08,127,9820.98,Acordo Firmado,99.0,Nordeste
CONTR_2026_01292,Fenix Recuperacao de Credito,2026-03-03,105,7683.01,Em Aberto,63.0,Sudeste
CONTR_2026_01293,Nexus Mediacao Financeira,2026-01-08,87,3133.53,Em Aberto,51.0,Sudeste
CONTR_2026_01294,Nexus Mediacao Financeira,2026-04-23,119,9339.26,Insucesso,77.0,Nordeste
CONTR_2026_01295,Acerta Credito Integrado,2026-02-14,90,1678.82,Em Aberto,48.0,Nordeste
CONTR_2026_01296,Fenix Recuperacao de Credito,2026-01-18,118,11596.34,Em Aberto,68.0,Sudeste
CONTR_2026_01297,Fenix Recuperacao de Credito,2026-03-29,70,6905.93,Acordo Firmado,10.0,Sul
CONTR_2026_01298,Fenix Recuperacao de Credito,2026-03-01,74,14291.43,Acordo Firmado,26.0,Norte
CONTR_2026_01299,Nexus Mediacao Financeira,2026-04-28,60,12493.34,Em Aberto,51.0,Nordeste
CONTR_2026_01300,Acerta Credito Integrado,2026-03-01,76,3592.29,Acordo Firmado,53.0,Sul
CONTR_2026_01301,Fenix Recuperacao de Credito,2026-04-16,119,10918.7,Em Aberto,43.0,Nordeste
CONTR_2026_01302,Fenix Recuperacao de Credito,2026-01-02,63,5339.29,Em Aberto,17.0,Nordeste
CONTR_2026_01303,Fenix Recuperacao de Credito,2026-03-07,20,2054.62,Acordo Firmado,27.0,Nordeste
CONTR_2026_01304,Nexus Mediacao Financeira,2026-04-01,77,10046.59,Acordo Firmado,22.0,Sudeste
CONTR_2026_01305,Acerta Credito Integrado,2026-01-14,54,13125.47,Acordo Firmado,36.0,Sudeste
CONTR_2026_01306,Acerta Credito Integrado,2026-02-17,74,1641.68,Em Aberto,72.0,Nordeste
CONTR_2026_01307,Acerta Credito Integrado,2026-04-13,153,14535.95,Acordo Firmado,33.0,Centro-Oeste
CONTR_2026_01308,Acerta Credito Integrado,2026-04-27,63,5797.29,Insucesso,90.0,Nordeste
CONTR_2026_01309,Vertice Asset e Cobranca,2026-04-27,109,1331.19,Ajuizado,95.0,Nordeste
CONTR_2026_01310,Acerta Credito Integrado,2026-02-25,87,5102.19,Em Aberto,53.0,Sudeste
CONTR_2026_01311,Fenix Recuperacao de Credito,2026-01-12,101,9166.57,Em Aberto,11.0,Norte
CONTR_2026_01312,Acerta Credito Integrado,2026-04-06,74,5009.07,Acordo Firmado,93.0,Nordeste
CONTR_2026_01313,Nexus Mediacao Financeira,2026-04-02,124,7342.12,Acordo Firmado,29.0,Nordeste
CONTR_2026_01314,Acerta Credito Integrado,2026-02-24,102,11783.96,Acordo Firmado,38.0,Nordeste
CONTR_2026_01315,Vertice Asset e Cobranca,2026-01-28,103,11391.94,Em Aberto,58.0,Sudeste
CONTR_2026_01316,Nexus Mediacao Financeira,2026-04-20,92,2185.37,Em Aberto,15.0,Sudeste
CONTR_2026_01317,Nexus Mediacao Financeira,2026-03-30,127,3985.48,Ajuizado,54.0,Sudeste
CONTR_2026_01318,Acerta Credito Integrado,2026-01-04,106,1789.22,Acordo Firmado,62.0,Nordeste
CONTR_2026_01319,Fenix Recuperacao de Credito,2026-03-31,101,5720.55,Em Aberto,57.0,Nordeste
CONTR_2026_01320,Fenix Recuperacao de Credito,2026-02-05,109,16675.19,Acordo Firmado,79.0,Nordeste
CONTR_2026_01321,Fenix Recuperacao de Credito,2026-02-19,37,2203.53,Acordo Firmado,71.0,Sul
CONTR_2026_01322,Fenix Recuperacao de Credito,2026-01-03,95,3784.47,Acordo Firmado,58.0,Sudeste
CONTR_2026_01323,Acerta Credito Integrado,2026-01-01,88,16598.48,Acordo Firmado,49.0,Centro-Oeste
CONTR_2026_01324,Fenix Recuperacao de Credito,2026-01-17,125,8133.84,Acordo Firmado,53.0,Nordeste
CONTR_2026_01325,Vertice Asset e Cobranca,2026-03-12,68,1569.14,Ajuizado,29.0,Sul
CONTR_2026_01326,Vertice Asset e Cobranca,2026-03-03,96,3996.72,Em Aberto,33.0,Nordeste
CONTR_2026_01327,Fenix Recuperacao de Credito,2026-02-17,147,23266.85,Acordo Firmado,46.0,Sul
CONTR_2026_01328,Acerta Credito Integrado,2026-03-03,89,4218.75,Acordo Firmado,54.0,Centro-Oeste
CONTR_2026_01329,Nexus Mediacao Financeira,2026-03-10,50,6163.18,Insucesso,80.0,Nordeste
CONTR_2026_01330,Vertice Asset e Cobranca,2026-01-19,155,7236.17,Acordo Firmado,98.0,Nordeste
CONTR_2026_01331,Nexus Mediacao Financeira,2026-04-13,68,6652.2,Em Aberto,85.0,Nordeste
CONTR_2026_01332,Acerta Credito Integrado,2026-04-20,58,4856.51,Acordo Firmado,7.0,Centro-Oeste
CONTR_2026_01333,Fenix Recuperacao de Credito,2026-02-03,59,1912.4,Acordo Firmado,29.0,Nordeste
CONTR_2026_01334,Vertice Asset e Cobranca,2026-04-09,111,7362.12,Em Aberto,9.0,Nordeste
CONTR_2026_01335,Vertice Asset e Cobranca,2026-02-18,128,14739.84,Em Aberto,49.0,Norte
CONTR_2026_01336,Nexus Mediacao Financeira,2026-03-21,142,15410.48,Em Aberto,71.0,Sudeste
CONTR_2026_01337,Fenix Recuperacao de Credito,2026-04-14,90,5699.5,Em Aberto,78.0,Sul
CONTR_2026_01338,Nexus Mediacao Financeira,2026-04-24,60,4588.31,Em Aberto,94.0,Sul
CONTR_2026_01339,Fenix Recuperacao de Credito,2026-02-16,72,3232.04,Insucesso,88.0,Sudeste
CONTR_2026_01340,Fenix Recuperacao de Credito,2026-04-13,91,1746.67,Em Aberto,51.0,Centro-Oeste
CONTR_2026_01341,Vertice Asset e Cobranca,2026-04-01,89,11932.94,Em Aberto,98.0,Sudeste
CONTR_2026_01342,Vertice Asset e Cobranca,2026-04-15,129,1937.01,Insucesso,8.0,Sudeste
CONTR_2026_01343,Acerta Credito Integrado,2026-04-12,50,2898.01,Ajuizado,55.0,Nordeste
CONTR_2026_01344,Acerta Credito Integrado,2026-04-24,56,7943.04,Acordo Firmado,65.0,Sudeste
CONTR_2026_01345,Acerta Credito Integrado,2026-02-19,80,7299.9,Acordo Firmado,98.0,Centro-Oeste
CONTR_2026_01346,Vertice Asset e Cobranca,2026-03-30,101,6913.02,Em Aberto,84.0,Nordeste
CONTR_2026_01347,Vertice Asset e Cobranca,2026-01-26,76,7968.3,Ajuizado,95.0,Nordeste
CONTR_2026_01348,Vertice Asset e Cobranca,2026-02-25,74,5104.18,Insucesso,79.0,Sul
CONTR_2026_01349,Vertice Asset e Cobranca,2026-03-19,125,2041.8,Acordo Firmado,15.0,Nordeste
CONTR_2026_01350,Fenix Recuperacao de Credito,2026-01-14,104,33259.24,Acordo Firmado,51.0,Nordeste
CONTR_2026_01351,Acerta Credito Integrado,2026-03-19,60,12334.59,Acordo Firmado,34.0,Sudeste
CONTR_2026_01352,Nexus Mediacao Financeira,2026-01-25,74,4020.71,Em Aberto,69.0,Nordeste
CONTR_2026_01353,Vertice Asset e Cobranca,2026-04-10,105,4978.58,Acordo Firmado,86.0,Centro-Oeste
CONTR_2026_01354,Acerta Credito Integrado,2026-01-04,52,3700.67,Acordo Firmado,12.0,Centro-Oeste
CONTR_2026_01355,Vertice Asset e Cobranca,2026-04-21,105,6280.25,Em Aberto,45.0,Norte
CONTR_2026_01356,Acerta Credito Integrado,2026-03-20,79,7767.82,Acordo Firmado,31.0,Nordeste
CONTR_2026_01357,Fenix Recuperacao de Credito,2026-02-01,100,2516.98,Ajuizado,54.0,Nordeste
CONTR_2026_01358,Vertice Asset e Cobranca,2026-03-23,93,4035.19,Acordo Firmado,93.0,Sudeste
CONTR_2026_01359,Vertice Asset e Cobranca,2026-03-19,56,6311.52,Em Aberto,22.0,Sul
CONTR_2026_01360,Nexus Mediacao Financeira,2026-03-06,70,23322.47,Insucesso,72.0,Nordeste
CONTR_2026_01361,Fenix Recuperacao de Credito,2026-04-16,133,3164.28,Acordo Firmado,64.0,Nordeste
CONTR_2026_01362,Fenix Recuperacao de Credito,2026-03-02,161,8032.47,Acordo Firmado,60.0,Sudeste
CONTR_2026_01363,Nexus Mediacao Financeira,2026-01-20,37,3328.38,Acordo Firmado,28.0,Sudeste
CONTR_2026_01364,Nexus Mediacao Financeira,2026-03-15,121,1684.43,Em Aberto,21.0,Sudeste
CONTR_2026_01365,Acerta Credito Integrado,2026-01-10,98,8551.55,Acordo Firmado,75.0,Sudeste
CONTR_2026_01366,Fenix Recuperacao de Credito,2026-03-29,152,6439.22,Em Aberto,75.0,Sul
CONTR_2026_01367,Acerta Credito Integrado,2026-02-03,73,4811.23,Ajuizado,87.0,Sudeste
CONTR_2026_01368,Fenix Recuperacao de Credito,2026-03-02,116,6820.2,Acordo Firmado,77.0,Sudeste
CONTR_2026_01369,Fenix Recuperacao de Credito,2026-04-02,80,11772.24,Acordo Firmado,43.0,Sul
CONTR_2026_01370,Fenix Recuperacao de Credito,2026-01-27,128,8263.41,Acordo Firmado,27.0,Nordeste
CONTR_2026_01371,Vertice Asset e Cobranca,2026-02-09,159,10953.22,Acordo Firmado,23.0,Centro-Oeste
CONTR_2026_01372,Fenix Recuperacao de Credito,2026-03-06,96,2912.58,Ajuizado,97.0,Sudeste
CONTR_2026_01373,Acerta Credito Integrado,2026-02-02,55,9259.29,Acordo Firmado,90.0,Nordeste
CONTR_2026_01374,Vertice Asset e Cobranca,2026-03-09,132,3431.51,Em Aberto,36.0,Sudeste
CONTR_2026_01375,Fenix Recuperacao de Credito,2026-03-12,106,1304.34,Em Aberto,97.0,Nordeste
CONTR_2026_01376,Acerta Credito Integrado,2026-01-09,101,1420.72,Ajuizado,38.0,Nordeste
CONTR_2026_01377,Vertice Asset e Cobranca,2026-01-16,137,7753.24,Insucesso,16.0,Nordeste
CONTR_2026_01378,Nexus Mediacao Financeira,2026-01-05,55,2786.65,Acordo Firmado,51.0,Sudeste
CONTR_2026_01379,Vertice Asset e Cobranca,2026-04-08,68,3037.84,Em Aberto,51.0,Centro-Oeste
CONTR_2026_01380,Nexus Mediacao Financeira,2026-01-23,107,6071.96,Acordo Firmado,41.0,Sudeste
CONTR_2026_01381,Fenix Recuperacao de Credito,2026-02-12,67,7964.48,Acordo Firmado,44.0,Sudeste
CONTR_2026_01382,Vertice Asset e Cobranca,2026-04-24,80,5292.24,Ajuizado,52.0,Sul
CONTR_2026_01383,Vertice Asset e Cobranca,2026-03-30,128,7327.21,Ajuizado,17.0,Norte
CONTR_2026_01384,Vertice Asset e Cobranca,2026-02-26,102,15355.57,Acordo Firmado,52.0,Nordeste
CONTR_2026_01385,Nexus Mediacao Financeira,2026-02-20,54,10826.22,Ajuizado,43.0,Sudeste
CONTR_2026_01386,Vertice Asset e Cobranca,2026-01-13,102,2577.47,Em Aberto,23.0,Nordeste
CONTR_2026_01387,Acerta Credito Integrado,2026-01-24,127,13064.59,Em Aberto,1.0,Nordeste
CONTR_2026_01388,Fenix Recuperacao de Credito,2026-01-11,95,2963.87,Em Aberto,93.0,Nordeste
CONTR_2026_01389,Vertice Asset e Cobranca,2026-02-21,116,6602.71,Ajuizado,25.0,Nordeste
CONTR_2026_01390,Vertice Asset e Cobranca,2026-04-25,74,11585.87,Insucesso,6.0,Centro-Oeste
CONTR_2026_01391,Fenix Recuperacao de Credito,2026-01-17,97,6083.47,Acordo Firmado,74.0,Sul
CONTR_2026_01392,Fenix Recuperacao de Credito,2026-02-06,42,9404.54,Ajuizado,54.0,Nordeste
CONTR_2026_01393,Fenix Recuperacao de Credito,2026-01-13,108,14310.31,Acordo Firmado,78.0,Nordeste
CONTR_2026_01394,Nexus Mediacao Financeira,2026-03-03,100,18246.71,Acordo Firmado,23.0,Sudeste
CONTR_2026_01395,Vertice Asset e Cobranca,2026-04-01,51,3843.53,Em Aberto,19.0,Sul
CONTR_2026_01396,Acerta Credito Integrado,2026-03-25,135,25846.34,Acordo Firmado,56.0,Sul
CONTR_2026_01397,Vertice Asset e Cobranca,2026-04-07,107,2785.08,Em Aberto,53.0,Nordeste
CONTR_2026_01398,Fenix Recuperacao de Credito,2026-04-16,69,4301.22,Em Aberto,51.0,Sul
CONTR_2026_01399,Nexus Mediacao Financeira,2026-04-06,109,8350.3,Insucesso,51.0,Centro-Oeste
CONTR_2026_01400,Acerta Credito Integrado,2026-01-08,60,18758.45,Insucesso,19.0,Nordeste
CONTR_2026_01401,Fenix Recuperacao de Credito,2026-02-25,64,1471.97,Ajuizado,1.0,Sul
CONTR_2026_01402,Fenix Recuperacao de Credito,2026-04-03,60,15760.79,Ajuizado,77.0,Nordeste
CONTR_2026_01403,Fenix Recuperacao de Credito,2026-04-14,59,34333.59,Acordo Firmado,50.0,Nordeste
CONTR_2026_01404,Acerta Credito Integrado,2026-03-24,103,13216.42,Insucesso,51.0,Sudeste
CONTR_2026_01405,Nexus Mediacao Financeira,2026-03-11,92,1773.6,Em Aberto,58.0,Sudeste
CONTR_2026_01406,Vertice Asset e Cobranca,2026-02-13,112,10384.84,Insucesso,81.0,Sudeste
CONTR_2026_01407,Acerta Credito Integrado,2026-03-01,15,6304.95,Insucesso,32.0,Centro-Oeste
CONTR_2026_01408,Acerta Credito Integrado,2026-04-13,78,1247.86,Acordo Firmado,49.0,Nordeste
CONTR_2026_01409,Nexus Mediacao Financeira,2026-04-22,78,21994.8,Acordo Firmado,98.0,Sudeste
CONTR_2026_01410,Acerta Credito Integrado,2026-02-10,91,2015.68,Em Aberto,97.0,Sudeste
CONTR_2026_01411,Fenix Recuperacao de Credito,2026-01-21,90,3727.71,Insucesso,51.0,Centro-Oeste
CONTR_2026_01412,Fenix Recuperacao de Credito,2026-03-27,96,1353.7,Acordo Firmado,44.0,Nordeste
CONTR_2026_01413,Vertice Asset e Cobranca,2026-02-11,92,3051.83,Acordo Firmado,29.0,Nordeste
CONTR_2026_01414,Fenix Recuperacao de Credito,2026-03-15,76,5400.42,Acordo Firmado,88.0,Nordeste
CONTR_2026_01415,Nexus Mediacao Financeira,2026-03-15,78,14557.61,Insucesso,48.0,Sudeste
CONTR_2026_01416,Fenix Recuperacao de Credito,2026-04-26,88,24411.52,Em Aberto,80.0,Centro-Oeste
CONTR_2026_01417,Fenix Recuperacao de Credito,2026-01-29,105,3952.67,Em Aberto,77.0,Sudeste
CONTR_2026_01418,Fenix Recuperacao de Credito,2026-03-21,92,3994.69,Em Aberto,26.0,Sudeste
CONTR_2026_01419,Vertice Asset e Cobranca,2026-03-06,66,2073.81,Acordo Firmado,7.0,Sudeste
CONTR_2026_01420,Fenix Recuperacao de Credito,2026-01-17,64,4649.35,Acordo Firmado,44.0,Sudeste
CONTR_2026_01421,Vertice Asset e Cobranca,2026-01-30,105,15273.81,Acordo Firmado,14.0,Nordeste
CONTR_2026_01422,Nexus Mediacao Financeira,2026-01-26,112,2103.99,Em Aberto,52.0,Nordeste
CONTR_2026_01423,Fenix Recuperacao de Credito,2026-02-22,122,2749.46,Ajuizado,32.0,Sudeste
CONTR_2026_01424,Fenix Recuperacao de Credito,2026-04-20,75,12296.64,Em Aberto,75.0,Nordeste
CONTR_2026_01425,Vertice Asset e Cobranca,2026-01-19,33,6123.26,Insucesso,51.0,Sul
CONTR_2026_01426,Vertice Asset e Cobranca,2026-02-22,101,3206.17,Ajuizado,75.0,Nordeste
CONTR_2026_01427,Fenix Recuperacao de Credito,2026-03-26,68,9576.42,Em Aberto,84.0,Sul
CONTR_2026_01428,Vertice Asset e Cobranca,2026-01-17,86,1776.85,Em Aberto,57.0,Nordeste
CONTR_2026_01429,Nexus Mediacao Financeira,2026-02-15,94,10972.03,Acordo Firmado,52.0,Sul
CONTR_2026_01430,Acerta Credito Integrado,2026-04-14,106,4849.07,Em Aberto,34.0,Sudeste
CONTR_2026_01431,Vertice Asset e Cobranca,2026-03-26,116,8272.12,Acordo Firmado,61.0,Nordeste
CONTR_2026_01432,Nexus Mediacao Financeira,2026-02-22,125,4853.12,Em Aberto,62.0,Sudeste
CONTR_2026_01433,Vertice Asset e Cobranca,2026-04-15,129,2613.62,Acordo Firmado,86.0,Centro-Oeste
CONTR_2026_01434,Nexus Mediacao Financeira,2026-04-14,93,6320.06,Acordo Firmado,87.0,Nordeste
CONTR_2026_01435,Fenix Recuperacao de Credito,2026-03-05,39,2040.86,Acordo Firmado,93.0,Sudeste
CONTR_2026_01436,Fenix Recuperacao de Credito,2026-02-14,71,2505.98,Em Aberto,76.0,Nordeste
CONTR_2026_01437,Vertice Asset e Cobranca,2026-02-18,132,5185.05,Em Aberto,31.0,Sul
CONTR_2026_01438,Acerta Credito Integrado,2026-01-19,94,3671.35,Ajuizado,29.0,Nordeste
CONTR_2026_01439,Fenix Recuperacao de Credito,2026-03-12,155,8036.43,Em Aberto,31.0,Sudeste
CONTR_2026_01440,Nexus Mediacao Financeira,2026-03-22,78,5580.21,Em Aberto,12.0,Sudeste
CONTR_2026_01441,Vertice Asset e Cobranca,2026-03-06,159,3600.96,Acordo Firmado,35.0,Sudeste
CONTR_2026_01442,Fenix Recuperacao de Credito,2026-02-06,89,3178.04,Insucesso,57.0,Nordeste
CONTR_2026_01443,Nexus Mediacao Financeira,2026-03-11,77,13423.21,Em Aberto,41.0,Sudeste
CONTR_2026_01444,Vertice Asset e Cobranca,2026-01-26,68,1404.54,Acordo Firmado,27.0,Sudeste
CONTR_2026_01445,Acerta Credito Integrado,2026-01-02,109,7072.57,Acordo Firmado,15.0,Sudeste
CONTR_2026_01446,Fenix Recuperacao de Credito,2026-02-28,47,3687.07,Em Aberto,94.0,Sudeste
CONTR_2026_01447,Nexus Mediacao Financeira,2026-04-06,73,3568.92,Insucesso,71.0,Nordeste
CONTR_2026_01448,Acerta Credito Integrado,2026-04-22,88,6475.99,Ajuizado,36.0,Sudeste
CONTR_2026_01449,Fenix Recuperacao de Credito,2026-04-28,22,10701.12,Em Aberto,24.0,Sul
CONTR_2026_01450,Nexus Mediacao Financeira,2026-01-05,87,7644.25,Em Aberto,82.0,Sudeste
CONTR_2026_01451,Vertice Asset e Cobranca,2026-02-06,141,6745.0,Em Aberto,24.0,Sudeste
CONTR_2026_01452,Nexus Mediacao Financeira,2026-01-31,102,4627.9,Insucesso,96.0,Nordeste
CONTR_2026_01453,Acerta Credito Integrado,2026-03-17,70,4366.65,Acordo Firmado,76.0,Sudeste
CONTR_2026_01454,Nexus Mediacao Financeira,2026-04-09,75,4287.56,Insucesso,28.0,Nordeste
CONTR_2026_01455,Fenix Recuperacao de Credito,2026-04-04,100,1985.89,Acordo Firmado,75.0,Sudeste
CONTR_2026_01456,Fenix Recuperacao de Credito,2026-02-17,74,5299.26,Em Aberto,3.0,Nordeste
CONTR_2026_01457,Nexus Mediacao Financeira,2026-01-06,104,3095.07,Em Aberto,3.0,Nordeste
CONTR_2026_01458,Nexus Mediacao Financeira,2026-01-15,73,6014.66,Acordo Firmado,29.0,Nordeste
CONTR_2026_01459,Fenix Recuperacao de Credito,2026-01-15,59,5021.45,Em Aberto,32.0,Sudeste
CONTR_2026_01460,Nexus Mediacao Financeira,2026-03-02,125,15260.74,Em Aberto,54.0,Centro-Oeste
CONTR_2026_01461,Vertice Asset e Cobranca,2026-01-16,111,4054.03,Em Aberto,38.0,Sudeste
CONTR_2026_01462,Nexus Mediacao Financeira,2026-01-20,33,6659.13,Acordo Firmado,51.0,Sul
CONTR_2026_01463,Fenix Recuperacao de Credito,2026-03-18,79,5692.29,Em Aberto,56.0,Nordeste
CONTR_2026_01464,Nexus Mediacao Financeira,2026-02-13,121,6966.32,Insucesso,65.0,Nordeste
CONTR_2026_01465,Vertice Asset e Cobranca,2026-02-11,85,2752.88,Acordo Firmado,21.0,Sudeste
CONTR_2026_01466,Fenix Recuperacao de Credito,2026-02-15,72,2686.97,Em Aberto,41.0,Centro-Oeste
CONTR_2026_01467,Vertice Asset e Cobranca,2026-04-05,82,5301.24,Acordo Firmado,20.0,Sudeste
CONTR_2026_01468,Vertice Asset e Cobranca,2026-02-03,93,10654.42,Acordo Firmado,60.0,Sudeste
CONTR_2026_01469,Acerta Credito Integrado,2026-03-05,84,7564.98,Acordo Firmado,75.0,Nordeste
CONTR_2026_01470,Acerta Credito Integrado,2026-01-29,87,4556.29,Em Aberto,59.0,Sul
CONTR_2026_01471,Nexus Mediacao Financeira,2026-01-03,85,2672.49,Em Aberto,74.0,Centro-Oeste
CONTR_2026_01472,Acerta Credito Integrado,2026-01-09,60,8322.0,Acordo Firmado,55.0,Sudeste
CONTR_2026_01473,Acerta Credito Integrado,2026-03-16,59,14235.11,Em Aberto,3.0,Nordeste
CONTR_2026_01474,Vertice Asset e Cobranca,2026-03-16,57,2397.76,Em Aberto,14.0,Nordeste
CONTR_2026_01475,Vertice Asset e Cobranca,2026-01-25,92,9224.58,Em Aberto,45.0,Sul
CONTR_2026_01476,Nexus Mediacao Financeira,2026-03-27,107,2146.4,Acordo Firmado,95.0,Sudeste
CONTR_2026_01477,Acerta Credito Integrado,2026-02-11,61,12752.23,Ajuizado,99.0,Sudeste
CONTR_2026_01478,Acerta Credito Integrado,2026-02-15,44,6336.81,Em Aberto,60.0,Sudeste
CONTR_2026_01479,Acerta Credito Integrado,2026-03-14,63,2198.42,Em Aberto,49.0,Centro-Oeste
CONTR_2026_01480,Vertice Asset e Cobranca,2026-03-25,132,1384.67,Em Aberto,9.0,Nordeste
CONTR_2026_01481,Acerta Credito Integrado,2026-02-28,80,7130.93,Acordo Firmado,54.0,Sudeste
CONTR_2026_01482,Fenix Recuperacao de Credito,2026-01-21,83,5858.31,Ajuizado,70.0,Nordeste
CONTR_2026_01483,Nexus Mediacao Financeira,2026-03-15,66,5924.97,Acordo Firmado,93.0,Sul
CONTR_2026_01484,Fenix Recuperacao de Credito,2026-01-22,107,4491.43,Em Aberto,51.0,Nordeste
CONTR_2026_01485,Vertice Asset e Cobranca,2026-01-29,86,5965.33,Insucesso,63.0,Sul
CONTR_2026_01486,Vertice Asset e Cobranca,2026-03-04,68,11526.63,Acordo Firmado,52.0,Nordeste
CONTR_2026_01487,Vertice Asset e Cobranca,2026-03-14,59,16382.94,Acordo Firmado,22.0,Centro-Oeste
CONTR_2026_01488,Nexus Mediacao Financeira,2026-03-02,101,3311.85,Acordo Firmado,55.0,Norte
CONTR_2026_01489,Vertice Asset e Cobranca,2026-03-05,97,4545.9,Em Aberto,3.0,Sudeste
CONTR_2026_01490,Vertice Asset e Cobranca,2026-03-10,52,2794.34,Acordo Firmado,2.0,Sudeste
CONTR_2026_01491,Fenix Recuperacao de Credito,2026-02-09,126,3851.62,Em Aberto,59.0,Sudeste
CONTR_2026_01492,Vertice Asset e Cobranca,2026-03-16,70,9145.45,Em Aberto,28.0,Norte
CONTR_2026_01493,Fenix Recuperacao de Credito,2026-01-01,23,3966.83,Em Aberto,37.0,Sudeste
CONTR_2026_01494,Fenix Recuperacao de Credito,2026-04-27,135,3684.95,Acordo Firmado,69.0,Nordeste
CONTR_2026_01495,Nexus Mediacao Financeira,2026-04-16,86,10689.3,Insucesso,9.0,Sudeste
CONTR_2026_01496,Nexus Mediacao Financeira,2026-03-06,103,1206.37,Em Aberto,51.0,Sudeste
CONTR_2026_01497,Nexus Mediacao Financeira,2026-03-03,140,10759.07,Insucesso,32.0,Sul
CONTR_2026_01498,Vertice Asset e Cobranca,2026-02-23,59,2200.85,Acordo Firmado,81.0,Nordeste
CONTR_2026_01499,Vertice Asset e Cobranca,2026-04-13,104,2804.55,Ajuizado,75.0,Centro-Oeste
CONTR_2026_01500,Acerta Credito Integrado,2026-03-01,125,3444.02,Em Aberto,35.0,Sul
CONTR_2026_01501,Nexus Mediacao Financeira,2026-02-15,61,11828.57,Em Aberto,47.0,Nordeste
CONTR_2026_01502,Vertice Asset e Cobranca,2026-01-05,133,13167.01,Acordo Firmado,18.0,Sudeste
CONTR_2026_01503,Fenix Recuperacao de Credito,2026-04-23,47,6611.41,Insucesso,36.0,Sudeste
CONTR_2026_01504,Vertice Asset e Cobranca,2026-01-22,87,4094.12,Acordo Firmado,19.0,Nordeste
CONTR_2026_01505,Vertice Asset e Cobranca,2026-03-31,57,4829.67,Acordo Firmado,25.0,Sudeste
CONTR_2026_01506,Vertice Asset e Cobranca,2026-02-22,110,5542.29,Acordo Firmado,46.0,Sudeste
CONTR_2026_01507,Nexus Mediacao Financeira,2026-03-11,61,16594.57,Insucesso,60.0,Nordeste
CONTR_2026_01508,Nexus Mediacao Financeira,2026-02-01,71,18595.88,Acordo Firmado,95.0,Sudeste
CONTR_2026_01509,Nexus Mediacao Financeira,2026-04-22,63,10597.48,Acordo Firmado,23.0,Nordeste
CONTR_2026_01510,Acerta Credito Integrado,2026-01-11,53,5582.09,Em Aberto,78.0,Norte
CONTR_2026_01511,Acerta Credito Integrado,2026-01-10,66,3677.51,Insucesso,27.0,Nordeste
CONTR_2026_01512,Acerta Credito Integrado,2026-04-21,88,2508.64,Em Aberto,35.0,Nordeste
CONTR_2026_01513,Vertice Asset e Cobranca,2026-02-08,86,5022.74,Acordo Firmado,77.0,Norte
CONTR_2026_01514,Fenix Recuperacao de Credito,2026-04-29,83,3320.42,Em Aberto,55.0,Sudeste
CONTR_2026_01515,Fenix Recuperacao de Credito,2026-04-08,70,1577.63,Em Aberto,51.0,Centro-Oeste
CONTR_2026_01516,Fenix Recuperacao de Credito,2026-01-31,79,4433.42,Em Aberto,88.0,Nordeste
CONTR_2026_01517,Nexus Mediacao Financeira,2026-01-12,42,5432.5,Em Aberto,97.0,Nordeste
CONTR_2026_01518,Acerta Credito Integrado,2026-04-25,69,5924.93,Acordo Firmado,71.0,Nordeste
CONTR_2026_01519,Fenix Recuperacao de Credito,2026-04-18,83,1583.4,Insucesso,9.0,Norte
CONTR_2026_01520,Fenix Recuperacao de Credito,2026-03-21,98,4499.63,Insucesso,21.0,Nordeste
CONTR_2026_01521,Fenix Recuperacao de Credito,2026-02-07,95,6534.3,Em Aberto,32.0,Sudeste
CONTR_2026_01522,Fenix Recuperacao de Credito,2026-03-08,53,17429.19,Em Aberto,66.0,Sudeste
CONTR_2026_01523,Vertice Asset e Cobranca,2026-03-07,102,1326.82,Acordo Firmado,44.0,Centro-Oeste
CONTR_2026_01524,Fenix Recuperacao de Credito,2026-02-21,93,6839.42,Em Aberto,89.0,Nordeste
CONTR_2026_01525,Vertice Asset e Cobranca,2026-01-05,133,1521.83,Insucesso,51.0,Nordeste
CONTR_2026_01526,Vertice Asset e Cobranca,2026-01-11,45,2064.89,Ajuizado,75.0,Sul
CONTR_2026_01527,Vertice Asset e Cobranca,2026-01-25,85,2151.62,Ajuizado,80.0,Sudeste
CONTR_2026_01528,Vertice Asset e Cobranca,2026-02-04,120,3193.98,Acordo Firmado,87.0,Sudeste
CONTR_2026_01529,Acerta Credito Integrado,2026-02-04,81,10098.14,Insucesso,51.0,Nordeste
CONTR_2026_01530,Nexus Mediacao Financeira,2026-01-22,62,10897.95,Acordo Firmado,27.0,Centro-Oeste
CONTR_2026_01531,Vertice Asset e Cobranca,2026-02-06,65,3549.63,Insucesso,16.0,Nordeste
CONTR_2026_01532,Nexus Mediacao Financeira,2026-03-27,113,4022.04,Insucesso,46.0,Nordeste
CONTR_2026_01533,Acerta Credito Integrado,2026-02-24,43,2423.31,Em Aberto,97.0,Nordeste
CONTR_2026_01534,Vertice Asset e Cobranca,2026-03-16,80,4032.69,Insucesso,72.0,Nordeste
CONTR_2026_01535,Vertice Asset e Cobranca,2026-04-06,63,2806.78,Em Aberto,48.0,Centro-Oeste
CONTR_2026_01536,Fenix Recuperacao de Credito,2026-04-09,65,2161.15,Ajuizado,65.0,Sul
CONTR_2026_01537,Fenix Recuperacao de Credito,2026-04-05,103,2062.66,Em Aberto,19.0,Nordeste
CONTR_2026_01538,Nexus Mediacao Financeira,2026-04-19,78,8672.68,Em Aberto,90.0,Sul
CONTR_2026_01539,Fenix Recuperacao de Credito,2026-04-27,96,1821.85,Ajuizado,37.0,Sudeste
CONTR_2026_01540,Nexus Mediacao Financeira,2026-03-13,52,5986.01,Insucesso,58.0,Sudeste
CONTR_2026_01541,Acerta Credito Integrado,2026-03-05,114,2116.5,Em Aberto,55.0,Nordeste
CONTR_2026_01542,Fenix Recuperacao de Credito,2026-01-20,96,10295.84,Acordo Firmado,53.0,Sudeste
CONTR_2026_01543,Nexus Mediacao Financeira,2026-04-16,127,2804.24,Acordo Firmado,47.0,Sul
CONTR_2026_01544,Vertice Asset e Cobranca,2026-04-08,77,1429.66,Insucesso,3.0,Sudeste
CONTR_2026_01545,Vertice Asset e Cobranca,2026-01-04,103,4208.07,Acordo Firmado,88.0,Sudeste
CONTR_2026_01546,Vertice Asset e Cobranca,2026-01-18,113,43714.3,Insucesso,51.0,Sul
CONTR_2026_01547,Acerta Credito Integrado,2026-02-20,102,9586.9,Insucesso,51.0,Nordeste
CONTR_2026_01548,Nexus Mediacao Financeira,2026-03-09,140,5422.9,Insucesso,1.0,Nordeste
CONTR_2026_01549,Fenix Recuperacao de Credito,2026-01-20,40,2250.14,Acordo Firmado,39.0,Sudeste
CONTR_2026_01550,Nexus Mediacao Financeira,2026-01-09,95,1825.01,Em Aberto,73.0,Sudeste
CONTR_2026_01551,Vertice Asset e Cobranca,2026-03-21,77,10317.82,Acordo Firmado,51.0,Centro-Oeste
CONTR_2026_01552,Nexus Mediacao Financeira,2026-01-26,75,8948.95,Ajuizado,23.0,Nordeste
CONTR_2026_01553,Acerta Credito Integrado,2026-04-12,134,4301.24,Insucesso,34.0,Nordeste
CONTR_2026_01554,Acerta Credito Integrado,2026-01-25,71,3935.8,Ajuizado,49.0,Sudeste
CONTR_2026_01555,Fenix Recuperacao de Credito,2026-03-09,115,8105.0,Acordo Firmado,49.0,Sudeste
CONTR_2026_01556,Fenix Recuperacao de Credito,2026-02-10,58,5039.76,Em Aberto,99.0,Norte
CONTR_2026_01557,Nexus Mediacao Financeira,2026-02-28,120,3788.99,Acordo Firmado,49.0,Centro-Oeste
CONTR_2026_01558,Vertice Asset e Cobranca,2026-02-14,89,2649.9,Acordo Firmado,10.0,Sudeste
CONTR_2026_01559,Acerta Credito Integrado,2026-02-10,81,1853.75,Em Aberto,96.0,Sudeste
CONTR_2026_01560,Fenix Recuperacao de Credito,2026-02-07,43,5716.79,Acordo Firmado,66.0,Sudeste
CONTR_2026_01561,Vertice Asset e Cobranca,2026-04-27,81,9944.9,Em Aberto,71.0,Sul
CONTR_2026_01562,Fenix Recuperacao de Credito,2026-01-19,69,8055.71,Insucesso,88.0,Sudeste
CONTR_2026_01563,Acerta Credito Integrado,2026-01-14,142,7158.88,Em Aberto,67.0,Nordeste
CONTR_2026_01564,Vertice Asset e Cobranca,2026-01-21,91,14414.97,Acordo Firmado,76.0,Sul
CONTR_2026_01565,Acerta Credito Integrado,2026-01-15,72,3708.64,Acordo Firmado,39.0,Centro-Oeste
CONTR_2026_01566,Vertice Asset e Cobranca,2026-01-03,70,1937.96,Insucesso,42.0,Sul
CONTR_2026_01567,Nexus Mediacao Financeira,2026-02-06,49,1737.64,Insucesso,100.0,Nordeste
CONTR_2026_01568,Fenix Recuperacao de Credito,2026-04-27,135,16706.81,Acordo Firmado,91.0,Sul
CONTR_2026_01569,Nexus Mediacao Financeira,2026-04-24,127,5645.38,Acordo Firmado,1.0,Sudeste
CONTR_2026_01570,Vertice Asset e Cobranca,2026-02-15,87,9524.57,Em Aberto,46.0,Sudeste
CONTR_2026_01571,Nexus Mediacao Financeira,2026-01-16,155,5034.61,Em Aberto,36.0,Nordeste
CONTR_2026_01572,Fenix Recuperacao de Credito,2026-01-14,89,3741.6,Em Aberto,96.0,Nordeste
CONTR_2026_01573,Acerta Credito Integrado,2026-01-09,122,2317.4,Ajuizado,91.0,Sudeste
CONTR_2026_01574,Acerta Credito Integrado,2026-04-21,106,10903.91,Acordo Firmado,44.0,Sudeste
CONTR_2026_01575,Fenix Recuperacao de Credito,2026-01-07,72,1528.11,Ajuizado,31.0,Centro-Oeste
CONTR_2026_01576,Fenix Recuperacao de Credito,2026-01-14,95,12724.58,Ajuizado,97.0,Sudeste
CONTR_2026_01577,Fenix Recuperacao de Credito,2026-01-06,101,2347.15,Em Aberto,58.0,Nordeste
CONTR_2026_01578,Nexus Mediacao Financeira,2026-03-26,50,1247.88,Em Aberto,96.0,Sudeste
CONTR_2026_01579,Nexus Mediacao Financeira,2026-01-15,98,1748.5,Acordo Firmado,4.0,Nordeste
CONTR_2026_01580,Nexus Mediacao Financeira,2026-02-21,124,11949.69,Insucesso,53.0,Nordeste
CONTR_2026_01581,Fenix Recuperacao de Credito,2026-03-13,69,1582.82,Ajuizado,89.0,Sul
CONTR_2026_01582,Vertice Asset e Cobranca,2026-02-03,83,3394.39,Acordo Firmado,93.0,Nordeste
CONTR_2026_01583,Nexus Mediacao Financeira,2026-04-14,56,2640.52,Insucesso,57.0,Nordeste
CONTR_2026_01584,Vertice Asset e Cobranca,2026-01-01,75,1387.75,Em Aberto,73.0,Sudeste
CONTR_2026_01585,Vertice Asset e Cobranca,2026-04-06,77,4990.74,Em Aberto,78.0,Sudeste
CONTR_2026_01586,Fenix Recuperacao de Credito,2026-04-23,137,33183.39,Em Aberto,50.0,Sul
CONTR_2026_01587,Nexus Mediacao Financeira,2026-04-25,80,10786.87,Em Aberto,5.0,Nordeste
CONTR_2026_01588,Vertice Asset e Cobranca,2026-03-10,74,2124.98,Em Aberto,52.0,Sudeste
CONTR_2026_01589,Vertice Asset e Cobranca,2026-04-04,87,11984.47,Em Aberto,17.0,Sudeste
CONTR_2026_01590,Acerta Credito Integrado,2026-03-27,38,4205.52,Em Aberto,32.0,Nordeste
CONTR_2026_01591,Nexus Mediacao Financeira,2026-01-20,19,2795.87,Em Aberto,6.0,Nordeste
CONTR_2026_01592,Vertice Asset e Cobranca,2026-03-21,48,6312.51,Em Aberto,69.0,Sudeste
CONTR_2026_01593,Fenix Recuperacao de Credito,2026-01-07,99,2421.16,Em Aberto,51.0,Nordeste
CONTR_2026_01594,Fenix Recuperacao de Credito,2026-01-07,89,11786.83,Ajuizado,92.0,Sudeste
CONTR_2026_01595,Acerta Credito Integrado,2026-02-19,116,6093.28,Em Aberto,61.0,Sudeste
CONTR_2026_01596,Nexus Mediacao Financeira,2026-04-24,44,1931.04,Acordo Firmado,10.0,Sudeste
CONTR_2026_01597,Vertice Asset e Cobranca,2026-01-02,83,5427.4,Em Aberto,23.0,Sul
CONTR_2026_01598,Fenix Recuperacao de Credito,2026-02-16,42,4770.54,Acordo Firmado,53.0,Sudeste
CONTR_2026_01599,Fenix Recuperacao de Credito,2026-01-14,98,4388.14,Acordo Firmado,61.0,Nordeste
CONTR_2026_01600,Acerta Credito Integrado,2026-01-31,48,3470.46,Acordo Firmado,19.0,Nordeste
CONTR_2026_01601,Fenix Recuperacao de Credito,2026-02-19,82,4414.22,Acordo Firmado,4.0,Sudeste
CONTR_2026_01602,Vertice Asset e Cobranca,2026-03-02,96,5609.59,Em Aberto,46.0,Nordeste
CONTR_2026_01603,Fenix Recuperacao de Credito,2026-02-10,78,7813.21,Ajuizado,32.0,Nordeste
CONTR_2026_01604,Vertice Asset e Cobranca,2026-01-14,22,13697.6,Insucesso,84.0,Sul
CONTR_2026_01605,Fenix Recuperacao de Credito,2026-01-05,139,1427.0,Em Aberto,46.0,Nordeste
CONTR_2026_01606,Nexus Mediacao Financeira,2026-03-16,75,5412.23,Insucesso,62.0,Sudeste
CONTR_2026_01607,Fenix Recuperacao de Credito,2026-04-14,41,8171.11,Em Aberto,92.0,Nordeste
CONTR_2026_01608,Acerta Credito Integrado,2026-01-05,112,1813.97,Acordo Firmado,54.0,Sudeste
CONTR_2026_01609,Fenix Recuperacao de Credito,2026-03-05,113,13323.64,Acordo Firmado,100.0,Sudeste
CONTR_2026_01610,Nexus Mediacao Financeira,2026-01-29,80,2605.12,Ajuizado,87.0,Norte
CONTR_2026_01611,Acerta Credito Integrado,2026-03-16,136,10158.75,Em Aberto,67.0,Norte
CONTR_2026_01612,Nexus Mediacao Financeira,2026-01-05,67,6623.65,Em Aberto,24.0,Sudeste
CONTR_2026_01613,Nexus Mediacao Financeira,2026-04-23,95,5299.75,Em Aberto,66.0,Nordeste
CONTR_2026_01614,Vertice Asset e Cobranca,2026-04-28,105,11372.05,Insucesso,18.0,Sudeste
CONTR_2026_01615,Vertice Asset e Cobranca,2026-04-06,135,18606.81,Em Aberto,96.0,Nordeste
CONTR_2026_01616,Nexus Mediacao Financeira,2026-02-05,31,30468.73,Acordo Firmado,48.0,Nordeste
CONTR_2026_01617,Vertice Asset e Cobranca,2026-03-20,158,6948.7,Acordo Firmado,46.0,Nordeste
CONTR_2026_01618,Nexus Mediacao Financeira,2026-01-19,125,3271.0,Acordo Firmado,48.0,Sudeste
CONTR_2026_01619,Nexus Mediacao Financeira,2026-03-05,103,11585.19,Acordo Firmado,62.0,Nordeste
CONTR_2026_01620,Acerta Credito Integrado,2026-01-22,66,6511.62,Em Aberto,94.0,Norte
CONTR_2026_01621,Vertice Asset e Cobranca,2026-02-03,63,3152.85,Em Aberto,27.0,Sudeste
CONTR_2026_01622,Fenix Recuperacao de Credito,2026-02-25,98,14668.12,Em Aberto,62.0,Nordeste
CONTR_2026_01623,Nexus Mediacao Financeira,2026-01-17,104,8084.7,Em Aberto,78.0,Sudeste
CONTR_2026_01624,Vertice Asset e Cobranca,2026-03-17,100,4214.96,Acordo Firmado,65.0,Sudeste
CONTR_2026_01625,Fenix Recuperacao de Credito,2026-03-30,94,4230.18,Em Aberto,52.0,Sul
CONTR_2026_01626,Nexus Mediacao Financeira,2026-02-25,102,28718.81,Em Aberto,1.0,Nordeste
CONTR_2026_01627,Fenix Recuperacao de Credito,2026-01-17,24,3539.7,Em Aberto,50.0,Sudeste
CONTR_2026_01628,Nexus Mediacao Financeira,2026-03-15,82,1694.03,Acordo Firmado,40.0,Sul
CONTR_2026_01629,Fenix Recuperacao de Credito,2026-04-02,48,5067.03,Em Aberto,72.0,Sudeste
CONTR_2026_01630,Vertice Asset e Cobranca,2026-03-23,88,12007.77,Em Aberto,17.0,Sudeste
CONTR_2026_01631,Acerta Credito Integrado,2026-04-25,129,5591.6,Ajuizado,51.0,Nordeste
CONTR_2026_01632,Vertice Asset e Cobranca,2026-01-18,62,9077.3,Em Aberto,78.0,Sul
CONTR_2026_01633,Nexus Mediacao Financeira,2026-02-14,68,1482.14,Em Aberto,77.0,Nordeste
CONTR_2026_01634,Acerta Credito Integrado,2026-04-06,64,6795.01,Acordo Firmado,30.0,Centro-Oeste
CONTR_2026_01635,Fenix Recuperacao de Credito,2026-03-19,68,1612.53,Acordo Firmado,77.0,Nordeste
CONTR_2026_01636,Fenix Recuperacao de Credito,2026-02-25,106,5263.67,Insucesso,67.0,Nordeste
CONTR_2026_01637,Vertice Asset e Cobranca,2026-03-21,113,4643.46,Insucesso,22.0,Sudeste
CONTR_2026_01638,Fenix Recuperacao de Credito,2026-02-19,134,15757.36,Acordo Firmado,35.0,Sudeste
CONTR_2026_01639,Vertice Asset e Cobranca,2026-02-27,59,1910.49,Em Aberto,56.0,Nordeste
CONTR_2026_01640,Fenix Recuperacao de Credito,2026-01-18,110,1247.68,Acordo Firmado,14.0,Sudeste
CONTR_2026_01641,Nexus Mediacao Financeira,2026-03-21,115,1938.76,Em Aberto,45.0,Sudeste
CONTR_2026_01642,Acerta Credito Integrado,2026-03-22,139,2135.9,Insucesso,86.0,Sudeste
CONTR_2026_01643,Nexus Mediacao Financeira,2026-01-07,62,2644.49,Acordo Firmado,33.0,Sudeste
CONTR_2026_01644,Nexus Mediacao Financeira,2026-03-17,29,9639.4,Acordo Firmado,12.0,Nordeste
CONTR_2026_01645,Fenix Recuperacao de Credito,2026-04-08,81,3565.09,Acordo Firmado,24.0,Centro-Oeste
CONTR_2026_01646,Acerta Credito Integrado,2026-01-10,174,10386.64,Acordo Firmado,69.0,Sul
CONTR_2026_01647,Fenix Recuperacao de Credito,2026-03-10,57,2786.82,Acordo Firmado,57.0,Sul
CONTR_2026_01648,Acerta Credito Integrado,2026-03-26,104,11049.93,Em Aberto,9.0,Sudeste
CONTR_2026_01649,Acerta Credito Integrado,2026-01-03,23,1240.62,Acordo Firmado,2.0,Sul
CONTR_2026_01650,Acerta Credito Integrado,2026-03-24,144,14831.23,Insucesso,59.0,Sudeste
CONTR_2026_01651,Fenix Recuperacao de Credito,2026-04-19,33,8053.07,Em Aberto,95.0,Sudeste
CONTR_2026_01652,Vertice Asset e Cobranca,2026-02-13,18,3861.36,Insucesso,29.0,Sul
CONTR_2026_01653,Vertice Asset e Cobranca,2026-04-09,92,5505.88,Insucesso,93.0,Sudeste
CONTR_2026_01654,Vertice Asset e Cobranca,2026-03-11,93,14716.57,Insucesso,100.0,Nordeste
CONTR_2026_01655,Fenix Recuperacao de Credito,2026-01-14,132,5568.08,Ajuizado,55.0,Nordeste
CONTR_2026_01656,Fenix Recuperacao de Credito,2026-01-04,115,2497.54,Insucesso,94.0,Sudeste
CONTR_2026_01657,Nexus Mediacao Financeira,2026-04-19,29,5453.38,Em Aberto,22.0,Sudeste
CONTR_2026_01658,Vertice Asset e Cobranca,2026-04-25,85,11457.08,Acordo Firmado,85.0,Sudeste
CONTR_2026_01659,Vertice Asset e Cobranca,2026-01-18,69,23090.16,Acordo Firmado,49.0,Nordeste
CONTR_2026_01660,Vertice Asset e Cobranca,2026-04-03,49,5586.35,Em Aberto,12.0,Sul
CONTR_2026_01661,Nexus Mediacao Financeira,2026-04-09,103,2045.91,Insucesso,71.0,Sudeste
CONTR_2026_01662,Nexus Mediacao Financeira,2026-02-21,121,8586.62,Acordo Firmado,89.0,Sul
CONTR_2026_01663,Fenix Recuperacao de Credito,2026-02-07,65,30100.1,Acordo Firmado,8.0,Sudeste
CONTR_2026_01664,Vertice Asset e Cobranca,2026-03-21,80,4408.81,Insucesso,97.0,Sul
CONTR_2026_01665,Vertice Asset e Cobranca,2026-01-20,82,3620.37,Em Aberto,16.0,Sul
CONTR_2026_01666,Acerta Credito Integrado,2026-03-29,70,5220.4,Em Aberto,40.0,Nordeste
CONTR_2026_01667,Fenix Recuperacao de Credito,2026-04-09,77,2100.22,Em Aberto,45.0,Nordeste
CONTR_2026_01668,Fenix Recuperacao de Credito,2026-02-13,-999,18951.4,Em Aberto,64.0,Centro-Oeste
CONTR_2026_01669,Fenix Recuperacao de Credito,2026-02-20,93,10311.14,Em Aberto,63.0,Nordeste
CONTR_2026_01670,Acerta Credito Integrado,2026-01-19,72,1799.5,Acordo Firmado,51.0,Centro-Oeste
CONTR_2026_01671,Vertice Asset e Cobranca,2026-04-30,102,15709.52,Em Aberto,10.0,Sudeste
CONTR_2026_01672,Acerta Credito Integrado,2026-03-09,72,15507.71,Insucesso,76.0,Sudeste
CONTR_2026_01673,Acerta Credito Integrado,2026-04-07,109,3101.58,Ajuizado,86.0,Nordeste
CONTR_2026_01674,Acerta Credito Integrado,2026-03-07,71,6026.64,Em Aberto,71.0,Sudeste
CONTR_2026_01675,Acerta Credito Integrado,2026-01-13,108,1786.91,Ajuizado,45.0,Nordeste
CONTR_2026_01676,Vertice Asset e Cobranca,2026-03-03,64,1639.74,Em Aberto,85.0,Nordeste
CONTR_2026_01677,Fenix Recuperacao de Credito,2026-03-02,116,4683.71,Em Aberto,56.0,Sul
CONTR_2026_01678,Vertice Asset e Cobranca,2026-04-19,36,1454.77,Ajuizado,86.0,Nordeste
CONTR_2026_01679,Fenix Recuperacao de Credito,2026-01-30,89,11592.87,Insucesso,73.0,Sudeste
CONTR_2026_01680,Nexus Mediacao Financeira,2026-04-08,72,14362.07,Insucesso,84.0,Sudeste
CONTR_2026_01681,Vertice Asset e Cobranca,2026-01-30,88,1548.39,Acordo Firmado,13.0,Norte
CONTR_2026_01682,Vertice Asset e Cobranca,2026-02-20,54,1442.2,Acordo Firmado,64.0,Centro-Oeste
CONTR_2026_01683,Nexus Mediacao Financeira,2026-04-28,84,2451.4,Acordo Firmado,88.0,Sudeste
CONTR_2026_01684,Acerta Credito Integrado,2026-03-29,56,14493.33,Acordo Firmado,30.0,Sul
CONTR_2026_01685,Fenix Recuperacao de Credito,2026-02-17,82,8527.0,Acordo Firmado,52.0,Sul
CONTR_2026_01686,Acerta Credito Integrado,2026-04-18,80,6842.75,Em Aberto,54.0,Nordeste
CONTR_2026_01687,Fenix Recuperacao de Credito,2026-02-02,99,8688.3,Em Aberto,51.0,Centro-Oeste
CONTR_2026_01688,Vertice Asset e Cobranca,2026-04-15,91,2312.45,Insucesso,18.0,Sudeste
CONTR_2026_01689,Nexus Mediacao Financeira,2026-04-23,146,2682.53,Em Aberto,25.0,Sudeste
CONTR_2026_01690,Acerta Credito Integrado,2026-03-15,74,3110.91,Em Aberto,53.0,Sul
CONTR_2026_01691,Fenix Recuperacao de Credito,2026-03-23,86,5845.18,Insucesso,20.0,Nordeste
CONTR_2026_01692,Nexus Mediacao Financeira,2026-01-19,185,5885.27,Ajuizado,11.0,Nordeste
CONTR_2026_01693,Vertice Asset e Cobranca,2026-03-12,83,2369.81,Insucesso,40.0,Nordeste
CONTR_2026_01694,Fenix Recuperacao de Credito,2026-02-26,118,4069.96,Em Aberto,98.0,Sul
CONTR_2026_01695,Vertice Asset e Cobranca,2026-01-19,107,7056.24,Acordo Firmado,23.0,Sudeste
CONTR_2026_01696,Fenix Recuperacao de Credito,2026-03-29,160,3052.56,Ajuizado,90.0,Sudeste
CONTR_2026_01697,Fenix Recuperacao de Credito,2026-03-20,47,1592.39,Acordo Firmado,87.0,Nordeste
CONTR_2026_01698,Fenix Recuperacao de Credito,2026-02-10,43,2299.43,Em Aberto,42.0,Sul
CONTR_2026_01699,Vertice Asset e Cobranca,2026-02-11,56,2100.03,Em Aberto,47.0,Sudeste
CONTR_2026_01700,Nexus Mediacao Financeira,2026-03-28,95,6197.58,Acordo Firmado,56.0,Sudeste
CONTR_2026_01701,Vertice Asset e Cobranca,2026-02-21,59,1555.06,Acordo Firmado,33.0,Nordeste
CONTR_2026_01702,Vertice Asset e Cobranca,2026-04-26,25,12003.24,Acordo Firmado,89.0,Sudeste
CONTR_2026_01703,Vertice Asset e Cobranca,2026-01-04,62,1640.81,Ajuizado,98.0,Nordeste
CONTR_2026_01704,Nexus Mediacao Financeira,2026-04-12,101,5755.39,Em Aberto,26.0,Sul
CONTR_2026_01705,Vertice Asset e Cobranca,2026-01-04,62,14463.03,Acordo Firmado,69.0,Nordeste
CONTR_2026_01706,Fenix Recuperacao de Credito,2026-01-05,124,1522.28,Ajuizado,29.0,Nordeste
CONTR_2026_01707,Nexus Mediacao Financeira,2026-02-10,56,3615.28,Em Aberto,94.0,Centro-Oeste
CONTR_2026_01708,Fenix Recuperacao de Credito,2026-04-18,90,3187.08,Em Aberto,60.0,Nordeste
CONTR_2026_01709,Nexus Mediacao Financeira,2026-03-28,78,3309.56,Acordo Firmado,91.0,Nordeste
CONTR_2026_01710,Nexus Mediacao Financeira,2026-04-14,95,5785.35,Em Aberto,37.0,Nordeste
CONTR_2026_01711,Fenix Recuperacao de Credito,2026-04-27,98,2719.76,Acordo Firmado,25.0,Sul
CONTR_2026_01712,Fenix Recuperacao de Credito,2026-04-11,137,1338.52,Em Aberto,74.0,Sul
CONTR_2026_01713,Acerta Credito Integrado,2026-03-02,110,17587.17,Acordo Firmado,44.0,Norte
CONTR_2026_01714,Vertice Asset e Cobranca,2026-03-16,77,8107.05,Insucesso,34.0,Sudeste
CONTR_2026_01715,Fenix Recuperacao de Credito,2026-02-24,108,1925.87,Insucesso,12.0,Nordeste
CONTR_2026_01716,Vertice Asset e Cobranca,2026-03-16,112,4236.29,Insucesso,93.0,Nordeste
CONTR_2026_01717,Fenix Recuperacao de Credito,2026-01-13,151,1523.88,Acordo Firmado,39.0,Sul
CONTR_2026_01718,Nexus Mediacao Financeira,2026-01-14,85,1341.26,Em Aberto,19.0,Centro-Oeste
CONTR_2026_01719,Vertice Asset e Cobranca,2026-03-01,87,1443.39,Insucesso,19.0,Centro-Oeste
CONTR_2026_01720,Fenix Recuperacao de Credito,2026-03-13,129,8248.38,Acordo Firmado,29.0,Sul
CONTR_2026_01721,Fenix Recuperacao de Credito,2026-01-25,30,4143.25,Acordo Firmado,66.0,Sul
CONTR_2026_01722,Fenix Recuperacao de Credito,2026-03-23,83,10502.23,Em Aberto,90.0,Sudeste
CONTR_2026_01723,Vertice Asset e Cobranca,2026-04-25,110,3020.76,Em Aberto,98.0,Sul
CONTR_2026_01724,Fenix Recuperacao de Credito,2026-02-13,121,8665.43,Em Aberto,94.0,Nordeste
CONTR_2026_01725,Nexus Mediacao Financeira,2026-04-18,23,1605.7,Acordo Firmado,76.0,Nordeste
CONTR_2026_01726,Fenix Recuperacao de Credito,2026-03-23,49,6240.77,Insucesso,20.0,Sudeste
CONTR_2026_01727,Nexus Mediacao Financeira,2026-01-10,15,3436.14,Acordo Firmado,57.0,Sudeste
CONTR_2026_01728,Vertice Asset e Cobranca,2026-03-12,116,2819.83,Acordo Firmado,97.0,Sudeste
CONTR_2026_01729,Acerta Credito Integrado,2026-02-19,96,9639.95,Ajuizado,9.0,Sudeste
CONTR_2026_01730,Nexus Mediacao Financeira,2026-02-13,132,1466.59,Em Aberto,2.0,Sudeste
CONTR_2026_01731,Vertice Asset e Cobranca,2026-01-14,90,16132.03,Em Aberto,28.0,Sudeste
CONTR_2026_01732,Nexus Mediacao Financeira,2026-01-15,157,8898.29,Ajuizado,34.0,Nordeste
CONTR_2026_01733,Nexus Mediacao Financeira,2026-01-16,61,3397.25,Insucesso,21.0,Norte
CONTR_2026_01734,Vertice Asset e Cobranca,2026-01-02,78,24941.16,Acordo Firmado,83.0,Centro-Oeste
CONTR_2026_01735,Fenix Recuperacao de Credito,2026-01-30,102,2331.3,Em Aberto,78.0,Nordeste
CONTR_2026_01736,Acerta Credito Integrado,2026-01-30,68,3774.29,Em Aberto,81.0,Sudeste
CONTR_2026_01737,Vertice Asset e Cobranca,2026-03-23,102,12008.88,Insucesso,56.0,Sul
CONTR_2026_01738,Fenix Recuperacao de Credito,2026-01-31,86,29934.1,Em Aberto,5.0,Sudeste
CONTR_2026_01739,Vertice Asset e Cobranca,2026-04-18,84,2566.35,Ajuizado,85.0,Sudeste
CONTR_2026_01740,Vertice Asset e Cobranca,2026-04-22,86,7995.6,Acordo Firmado,22.0,Sul
CONTR_2026_01741,Acerta Credito Integrado,2026-03-18,-999,3024.47,Acordo Firmado,51.0,Sudeste
CONTR_2026_01742,Acerta Credito Integrado,2026-01-20,79,8472.28,Em Aberto,40.0,Nordeste
CONTR_2026_01743,Acerta Credito Integrado,2026-02-18,56,1869.28,Em Aberto,84.0,Sudeste
CONTR_2026_01744,Fenix Recuperacao de Credito,2026-04-24,92,3248.65,Em Aberto,92.0,Nordeste
CONTR_2026_01745,Vertice Asset e Cobranca,2026-02-04,70,1589.81,Acordo Firmado,63.0,Sudeste
CONTR_2026_01746,Vertice Asset e Cobranca,2026-01-23,60,4585.35,Acordo Firmado,32.0,Sul
CONTR_2026_01747,Fenix Recuperacao de Credito,2026-04-16,38,7244.94,Ajuizado,45.0,Nordeste
CONTR_2026_01748,Vertice Asset e Cobranca,2026-04-07,117,3579.03,Em Aberto,83.0,Nordeste
CONTR_2026_01749,Acerta Credito Integrado,2026-04-12,109,5968.88,Acordo Firmado,92.0,Sul
CONTR_2026_01750,Fenix Recuperacao de Credito,2026-04-09,132,5409.24,Ajuizado,87.0,Sudeste
CONTR_2026_01751,Nexus Mediacao Financeira,2026-04-25,90,2944.93,Acordo Firmado,33.0,Nordeste
CONTR_2026_01752,Fenix Recuperacao de Credito,2026-04-10,122,4535.24,Insucesso,82.0,Sudeste
CONTR_2026_01753,Fenix Recuperacao de Credito,2026-03-02,61,1557.58,Acordo Firmado,35.0,Sudeste
CONTR_2026_01754,Fenix Recuperacao de Credito,2026-03-25,32,4280.13,Acordo Firmado,46.0,Sudeste
CONTR_2026_01755,Vertice Asset e Cobranca,2026-02-24,67,4264.19,Ajuizado,36.0,Sudeste
CONTR_2026_01756,Acerta Credito Integrado,2026-03-08,83,1345.69,Ajuizado,62.0,Sudeste
CONTR_2026_01757,Vertice Asset e Cobranca,2026-01-08,100,4806.43,Em Aberto,83.0,Centro-Oeste
CONTR_2026_01758,Vertice Asset e Cobranca,2026-02-09,128,7891.21,Em Aberto,90.0,Nordeste
CONTR_2026_01759,Fenix Recuperacao de Credito,2026-02-28,99,4209.7,Acordo Firmado,100.0,Nordeste
CONTR_2026_01760,Nexus Mediacao Financeira,2026-02-01,157,6392.65,Acordo Firmado,26.0,Sul
CONTR_2026_01761,Vertice Asset e Cobranca,2026-04-03,93,5000.93,Insucesso,7.0,Nordeste
CONTR_2026_01762,Acerta Credito Integrado,2026-01-07,93,8889.75,Em Aberto,87.0,Sudeste
CONTR_2026_01763,Fenix Recuperacao de Credito,2026-01-02,100,4812.42,Em Aberto,5.0,Sudeste
CONTR_2026_01764,Vertice Asset e Cobranca,2026-03-26,101,3214.41,Em Aberto,87.0,Sul
CONTR_2026_01765,Fenix Recuperacao de Credito,2026-01-06,100,9988.78,Insucesso,100.0,Sudeste
CONTR_2026_01766,Vertice Asset e Cobranca,2026-04-02,53,1550.08,Em Aberto,32.0,Sul
CONTR_2026_01767,Acerta Credito Integrado,2026-04-22,115,2908.62,Insucesso,79.0,Sudeste
CONTR_2026_01768,Vertice Asset e Cobranca,2026-04-16,165,5676.13,Acordo Firmado,91.0,Sudeste
CONTR_2026_01769,Vertice Asset e Cobranca,2026-02-05,63,10890.63,Em Aberto,81.0,Sudeste
CONTR_2026_01770,Vertice Asset e Cobranca,2026-02-01,88,1574.38,Em Aberto,84.0,Centro-Oeste
CONTR_2026_01771,Vertice Asset e Cobranca,2026-02-14,48,1704.92,Em Aberto,57.0,Nordeste
CONTR_2026_01772,Acerta Credito Integrado,2026-02-11,112,2859.11,Em Aberto,80.0,Nordeste
CONTR_2026_01773,Acerta Credito Integrado,2026-02-22,112,3312.33,Insucesso,62.0,Sudeste
CONTR_2026_01774,Vertice Asset e Cobranca,2026-04-20,44,10474.72,Acordo Firmado,28.0,Nordeste
CONTR_2026_01775,Acerta Credito Integrado,2026-01-09,50,17159.13,Em Aberto,95.0,Sudeste
CONTR_2026_01776,Vertice Asset e Cobranca,2026-03-16,27,1286.89,Acordo Firmado,80.0,Nordeste
CONTR_2026_01777,Nexus Mediacao Financeira,2026-03-28,137,1277.38,Insucesso,78.0,Sudeste
CONTR_2026_01778,Vertice Asset e Cobranca,2026-04-24,64,11205.38,Acordo Firmado,74.0,Sudeste
CONTR_2026_01779,Vertice Asset e Cobranca,2026-03-16,85,1928.7,Acordo Firmado,66.0,Nordeste
CONTR_2026_01780,Acerta Credito Integrado,2026-02-18,79,3272.55,Ajuizado,97.0,Centro-Oeste
CONTR_2026_01781,Fenix Recuperacao de Credito,2026-01-02,119,2809.39,Em Aberto,41.0,Sul
CONTR_2026_01782,Fenix Recuperacao de Credito,2026-03-08,109,2855.51,Insucesso,86.0,Sul
CONTR_2026_01783,Vertice Asset e Cobranca,2026-01-11,108,3191.89,Acordo Firmado,66.0,Sudeste
CONTR_2026_01784,Nexus Mediacao Financeira,2026-02-19,65,3247.71,Em Aberto,64.0,Nordeste
CONTR_2026_01785,Nexus Mediacao Financeira,2026-02-04,110,6039.97,Insucesso,7.0,Sudeste
CONTR_2026_01786,Acerta Credito Integrado,2026-01-15,117,6154.86,Acordo Firmado,41.0,Sul
CONTR_2026_01787,Nexus Mediacao Financeira,2026-04-17,109,4900.06,Em Aberto,45.0,Nordeste
CONTR_2026_01788,Nexus Mediacao Financeira,2026-03-16,51,10978.75,Em Aberto,44.0,Sudeste
CONTR_2026_01789,Fenix Recuperacao de Credito,2026-01-31,56,10543.37,Acordo Firmado,30.0,Centro-Oeste
CONTR_2026_01790,Nexus Mediacao Financeira,2026-04-02,142,2424.5,Em Aberto,38.0,Sul
CONTR_2026_01791,Fenix Recuperacao de Credito,2026-03-03,148,5122.36,Em Aberto,39.0,Sudeste
CONTR_2026_01792,Acerta Credito Integrado,2026-01-28,87,8858.61,Acordo Firmado,19.0,Nordeste
CONTR_2026_01793,Nexus Mediacao Financeira,2026-04-06,87,11282.31,Em Aberto,47.0,Sudeste
CONTR_2026_01794,Nexus Mediacao Financeira,2026-01-25,94,2673.1,Em Aberto,38.0,Sul
CONTR_2026_01795,Fenix Recuperacao de Credito,2026-03-25,107,4607.08,Ajuizado,17.0,Sudeste
CONTR_2026_01796,Fenix Recuperacao de Credito,2026-04-02,46,4922.49,Em Aberto,74.0,Sul
CONTR_2026_01797,Acerta Credito Integrado,2026-01-25,96,7213.84,Acordo Firmado,79.0,Nordeste
CONTR_2026_01798,Fenix Recuperacao de Credito,2026-03-16,59,3204.32,Em Aberto,69.0,Sudeste
CONTR_2026_01799,Fenix Recuperacao de Credito,2026-03-24,89,2936.82,Em Aberto,99.0,Sudeste
CONTR_2026_01800,Fenix Recuperacao de Credito,2026-04-02,63,7314.04,Em Aberto,4.0,Nordeste
CONTR_2026_01801,Vertice Asset e Cobranca,2026-01-01,70,3748.59,Acordo Firmado,35.0,Nordeste
CONTR_2026_01802,Acerta Credito Integrado,2026-02-28,95,1220.16,Em Aberto,1.0,Nordeste
CONTR_2026_01803,Vertice Asset e Cobranca,2026-03-10,71,15090.75,Em Aberto,81.0,Nordeste
CONTR_2026_01804,Vertice Asset e Cobranca,2026-03-15,57,2010.51,Ajuizado,85.0,Nordeste
CONTR_2026_01805,Vertice Asset e Cobranca,2026-02-11,133,2004.57,Em Aberto,58.0,Sudeste
CONTR_2026_01806,Acerta Credito Integrado,2026-04-20,57,9728.8,Em Aberto,22.0,Sudeste
CONTR_2026_01807,Nexus Mediacao Financeira,2026-02-03,20,3243.62,Em Aberto,5.0,Nordeste
CONTR_2026_01808,Fenix Recuperacao de Credito,2026-04-10,107,3188.79,Insucesso,60.0,Norte
CONTR_2026_01809,Fenix Recuperacao de Credito,2026-03-07,81,6069.54,Ajuizado,36.0,Sudeste
CONTR_2026_01810,Fenix Recuperacao de Credito,2026-01-18,89,1504.27,Acordo Firmado,9.0,Sudeste
CONTR_2026_01811,Nexus Mediacao Financeira,2026-03-18,94,2552.24,Acordo Firmado,84.0,Nordeste
CONTR_2026_01812,Acerta Credito Integrado,2026-04-25,128,1473.71,Acordo Firmado,57.0,Sudeste
CONTR_2026_01813,Vertice Asset e Cobranca,2026-01-05,145,2923.09,Em Aberto,78.0,Sudeste
CONTR_2026_01814,Fenix Recuperacao de Credito,2026-01-20,97,11398.42,Acordo Firmado,84.0,Nordeste
CONTR_2026_01815,Fenix Recuperacao de Credito,2026-03-07,54,13202.78,Acordo Firmado,90.0,Nordeste
CONTR_2026_01816,Vertice Asset e Cobranca,2026-03-16,94,3051.24,Acordo Firmado,4.0,Nordeste
CONTR_2026_01817,Vertice Asset e Cobranca,2026-03-03,107,2238.73,Em Aberto,51.0,Sudeste
CONTR_2026_01818,Acerta Credito Integrado,2026-04-04,120,1926.72,Em Aberto,39.0,Nordeste
CONTR_2026_01819,Nexus Mediacao Financeira,2026-04-06,94,3707.84,Em Aberto,84.0,Nordeste
CONTR_2026_01820,Vertice Asset e Cobranca,2026-02-01,73,9955.19,Acordo Firmado,52.0,Sul
CONTR_2026_01821,Fenix Recuperacao de Credito,2026-02-27,62,10775.18,Acordo Firmado,75.0,Nordeste
CONTR_2026_01822,Fenix Recuperacao de Credito,2026-02-19,86,1435.08,Insucesso,71.0,Nordeste
CONTR_2026_01823,Nexus Mediacao Financeira,2026-02-07,44,2373.73,Insucesso,55.0,Nordeste
CONTR_2026_01824,Acerta Credito Integrado,2026-02-24,101,2335.57,Ajuizado,31.0,Sudeste
CONTR_2026_01825,Nexus Mediacao Financeira,2026-01-28,95,10013.82,Acordo Firmado,50.0,Nordeste
CONTR_2026_01826,Nexus Mediacao Financeira,2026-03-15,95,4246.72,Em Aberto,8.0,Sudeste
CONTR_2026_01827,Fenix Recuperacao de Credito,2026-03-27,111,3497.46,Em Aberto,87.0,Sudeste
CONTR_2026_01828,Vertice Asset e Cobranca,2026-04-29,133,16887.16,Em Aberto,15.0,Norte
CONTR_2026_01829,Acerta Credito Integrado,2026-03-22,87,14175.21,Insucesso,65.0,Centro-Oeste
CONTR_2026_01830,Vertice Asset e Cobranca,2026-01-22,92,4100.05,Acordo Firmado,10.0,Nordeste
CONTR_2026_01831,Vertice Asset e Cobranca,2026-02-12,78,1886.73,Em Aberto,41.0,Nordeste
CONTR_2026_01832,Nexus Mediacao Financeira,2026-03-24,106,2137.7,Em Aberto,88.0,Sudeste
CONTR_2026_01833,Nexus Mediacao Financeira,2026-03-22,89,1794.39,Acordo Firmado,79.0,Nordeste
CONTR_2026_01834,Acerta Credito Integrado,2026-03-29,124,6905.05,Acordo Firmado,48.0,Centro-Oeste
CONTR_2026_01835,Acerta Credito Integrado,2026-02-05,124,5244.89,Acordo Firmado,21.0,Sul
CONTR_2026_01836,Nexus Mediacao Financeira,2026-04-06,99,5266.92,Ajuizado,86.0,Norte
CONTR_2026_01837,Fenix Recuperacao de Credito,2026-04-30,87,1717.8,Acordo Firmado,24.0,Sudeste
CONTR_2026_01838,Vertice Asset e Cobranca,2026-04-20,81,9081.83,Em Aberto,74.0,Sudeste
CONTR_2026_01839,Fenix Recuperacao de Credito,2026-02-21,104,5034.75,Em Aberto,23.0,Sudeste
CONTR_2026_01840,Fenix Recuperacao de Credito,2026-02-05,104,1676.88,Acordo Firmado,51.0,Nordeste
CONTR_2026_01841,Vertice Asset e Cobranca,2026-01-28,81,8074.41,Em Aberto,69.0,Sudeste
CONTR_2026_01842,Vertice Asset e Cobranca,2026-03-19,98,21095.65,Em Aberto,33.0,Nordeste
CONTR_2026_01843,Vertice Asset e Cobranca,2026-02-27,66,4109.64,Acordo Firmado,36.0,Sudeste
CONTR_2026_01844,Nexus Mediacao Financeira,2026-02-05,103,1814.54,Acordo Firmado,25.0,Nordeste
CONTR_2026_01845,Fenix Recuperacao de Credito,2026-03-11,69,1734.58,Insucesso,51.0,Sul
CONTR_2026_01846,Fenix Recuperacao de Credito,2026-01-09,113,1331.1,Acordo Firmado,90.0,Nordeste
CONTR_2026_01847,Fenix Recuperacao de Credito,2026-01-21,80,8557.04,Insucesso,66.0,Sudeste
CONTR_2026_01848,Fenix Recuperacao de Credito,2026-03-05,140,7120.87,Insucesso,98.0,Sul
CONTR_2026_01849,Acerta Credito Integrado,2026-03-17,91,5588.23,Acordo Firmado,31.0,Nordeste
CONTR_2026_01850,Nexus Mediacao Financeira,2026-03-02,97,8454.26,Em Aberto,44.0,Nordeste
CONTR_2026_01851,Vertice Asset e Cobranca,2026-04-04,48,37505.52,Em Aberto,63.0,Nordeste
CONTR_2026_01852,Acerta Credito Integrado,2026-04-05,132,3769.55,Acordo Firmado,45.0,Centro-Oeste
CONTR_2026_01853,Acerta Credito Integrado,2026-02-09,88,7317.65,Insucesso,83.0,Nordeste
CONTR_2026_01854,Acerta Credito Integrado,2026-02-25,142,3567.34,Acordo Firmado,82.0,Sudeste
CONTR_2026_01855,Fenix Recuperacao de Credito,2026-01-04,91,3369.77,Em Aberto,50.0,Nordeste
CONTR_2026_01856,Vertice Asset e Cobranca,2026-01-31,83,10716.36,Acordo Firmado,67.0,Sudeste
CONTR_2026_01857,Acerta Credito Integrado,2026-01-27,74,5475.54,Insucesso,71.0,Nordeste
CONTR_2026_01858,Vertice Asset e Cobranca,2026-02-27,109,1842.65,Em Aberto,87.0,Sul
CONTR_2026_01859,Acerta Credito Integrado,2026-01-25,105,3783.51,Em Aberto,1.0,Sudeste
CONTR_2026_01860,Acerta Credito Integrado,2026-03-10,49,9161.78,Em Aberto,71.0,Nordeste
CONTR_2026_01861,Acerta Credito Integrado,2026-03-11,72,15266.9,Ajuizado,86.0,Norte
CONTR_2026_01862,Nexus Mediacao Financeira,2026-01-05,111,5965.14,Insucesso,67.0,Centro-Oeste
CONTR_2026_01863,Fenix Recuperacao de Credito,2026-04-25,9999,3706.14,Acordo Firmado,83.0,Nordeste
CONTR_2026_01864,Nexus Mediacao Financeira,2026-04-01,65,2651.64,Ajuizado,94.0,Nordeste
CONTR_2026_01865,Vertice Asset e Cobranca,2026-01-08,95,3941.11,Acordo Firmado,9.0,Sudeste
CONTR_2026_01866,Fenix Recuperacao de Credito,2026-01-09,92,5369.57,Acordo Firmado,99.0,Sudeste
CONTR_2026_01867,Fenix Recuperacao de Credito,2026-01-15,76,1222.13,Acordo Firmado,35.0,Nordeste
CONTR_2026_01868,Fenix Recuperacao de Credito,2026-04-10,143,2764.51,Em Aberto,13.0,Sul
CONTR_2026_01869,Fenix Recuperacao de Credito,2026-04-15,85,6766.33,Insucesso,26.0,Nordeste
CONTR_2026_01870,Acerta Credito Integrado,2026-01-07,52,6792.49,Em Aberto,45.0,Sudeste
CONTR_2026_01871,Acerta Credito Integrado,2026-04-06,41,6492.25,Ajuizado,51.0,Sudeste
CONTR_2026_01872,Fenix Recuperacao de Credito,2026-03-13,120,16172.9,Ajuizado,92.0,Sul
CONTR_2026_01873,Nexus Mediacao Financeira,2026-04-21,57,5402.97,Insucesso,25.0,Centro-Oeste
CONTR_2026_01874,Acerta Credito Integrado,2026-04-25,90,2771.69,Em Aberto,56.0,Nordeste
CONTR_2026_01875,Acerta Credito Integrado,2026-01-15,63,9546.28,Insucesso,39.0,Nordeste
CONTR_2026_01876,Nexus Mediacao Financeira,2026-02-06,86,3666.38,Em Aberto,3.0,Sudeste
CONTR_2026_01877,Nexus Mediacao Financeira,2026-03-24,100,2567.52,Acordo Firmado,75.0,Sudeste
CONTR_2026_01878,Nexus Mediacao Financeira,2026-02-08,49,5268.1,Acordo Firmado,94.0,Sul
CONTR_2026_01879,Vertice Asset e Cobranca,2026-01-06,76,2905.66,Em Aberto,53.0,Nordeste
CONTR_2026_01880,Nexus Mediacao Financeira,2026-03-24,69,3722.23,Em Aberto,33.0,Sudeste
CONTR_2026_01881,Nexus Mediacao Financeira,2026-02-26,61,7107.1,Acordo Firmado,62.0,Nordeste
CONTR_2026_01882,Acerta Credito Integrado,2026-04-02,78,28742.87,Insucesso,98.0,Centro-Oeste
CONTR_2026_01883,Nexus Mediacao Financeira,2026-03-22,71,6374.41,Acordo Firmado,67.0,Nordeste
CONTR_2026_01884,Acerta Credito Integrado,2026-04-16,116,2818.13,Insucesso,69.0,Sudeste
CONTR_2026_01885,Fenix Recuperacao de Credito,2026-01-19,68,1674.11,Em Aberto,95.0,Nordeste
CONTR_2026_01886,Vertice Asset e Cobranca,2026-03-04,103,3446.83,Acordo Firmado,4.0,Sudeste
CONTR_2026_01887,Fenix Recuperacao de Credito,2026-01-31,102,1297.5,Insucesso,72.0,Sudeste
CONTR_2026_01888,Fenix Recuperacao de Credito,2026-03-16,44,4325.15,Acordo Firmado,59.0,Sul
CONTR_2026_01889,Acerta Credito Integrado,2026-03-20,74,6593.81,Acordo Firmado,17.0,Nordeste
CONTR_2026_01890,Vertice Asset e Cobranca,2026-01-10,86,4785.11,Em Aberto,22.0,Sudeste
CONTR_2026_01891,Fenix Recuperacao de Credito,2026-04-17,97,11222.87,Insucesso,38.0,Sudeste
CONTR_2026_01892,Vertice Asset e Cobranca,2026-03-28,82,4606.59,Insucesso,88.0,Sudeste
CONTR_2026_01893,Acerta Credito Integrado,2026-03-08,121,4303.02,Acordo Firmado,31.0,Sul
CONTR_2026_01894,Fenix Recuperacao de Credito,2026-03-03,93,3052.98,Acordo Firmado,49.0,Centro-Oeste
CONTR_2026_01895,Nexus Mediacao Financeira,2026-01-03,103,10288.89,Ajuizado,52.0,Nordeste
CONTR_2026_01896,Acerta Credito Integrado,2026-01-18,72,12896.18,Acordo Firmado,89.0,Sul
CONTR_2026_01897,Nexus Mediacao Financeira,2026-01-25,103,20265.13,Ajuizado,51.0,Nordeste
CONTR_2026_01898,Fenix Recuperacao de Credito,2026-04-17,148,21071.89,Acordo Firmado,96.0,Sudeste
CONTR_2026_01899,Vertice Asset e Cobranca,2026-01-20,105,20867.16,Acordo Firmado,49.0,Sudeste
CONTR_2026_01900,Acerta Credito Integrado,2026-02-27,123,7423.26,Acordo Firmado,90.0,Nordeste
CONTR_2026_01901,Nexus Mediacao Financeira,2026-04-03,81,5335.14,Em Aberto,100.0,Nordeste
CONTR_2026_01902,Fenix Recuperacao de Credito,2026-03-27,117,2145.79,Em Aberto,27.0,Norte
CONTR_2026_01903,Acerta Credito Integrado,2026-02-19,120,8484.94,Acordo Firmado,23.0,Nordeste
CONTR_2026_01904,Fenix Recuperacao de Credito,2026-03-20,97,7837.87,Insucesso,84.0,Nordeste
CONTR_2026_01905,Acerta Credito Integrado,2026-04-13,87,10438.54,Acordo Firmado,27.0,Sul
CONTR_2026_01906,Fenix Recuperacao de Credito,2026-01-10,45,4303.68,Insucesso,51.0,Sudeste
CONTR_2026_01907,Vertice Asset e Cobranca,2026-01-21,89,12347.67,Acordo Firmado,14.0,Sudeste
CONTR_2026_01908,Vertice Asset e Cobranca,2026-04-29,106,7541.21,Insucesso,3.0,Nordeste
CONTR_2026_01909,Vertice Asset e Cobranca,2026-04-26,67,2138.43,Ajuizado,27.0,Nordeste
CONTR_2026_01910,Fenix Recuperacao de Credito,2026-01-29,51,2359.05,Insucesso,62.0,Nordeste
CONTR_2026_01911,Vertice Asset e Cobranca,2026-04-06,93,9617.19,Acordo Firmado,14.0,Nordeste
CONTR_2026_01912,Acerta Credito Integrado,2026-01-10,96,3972.96,Insucesso,92.0,Nordeste
CONTR_2026_01913,Vertice Asset e Cobranca,2026-01-13,49,2631.83,Acordo Firmado,44.0,Nordeste
CONTR_2026_01914,Vertice Asset e Cobranca,2026-02-16,91,3945.9,Acordo Firmado,25.0,Sul
CONTR_2026_01915,Vertice Asset e Cobranca,2026-01-23,98,2079.97,Insucesso,61.0,Sudeste
CONTR_2026_01916,Acerta Credito Integrado,2026-02-19,129,12315.94,Em Aberto,75.0,Nordeste
CONTR_2026_01917,Acerta Credito Integrado,2026-03-28,75,1571.14,Acordo Firmado,52.0,Nordeste
CONTR_2026_01918,Nexus Mediacao Financeira,2026-04-05,152,3378.91,Insucesso,12.0,Norte
CONTR_2026_01919,Vertice Asset e Cobranca,2026-01-04,91,5270.12,Em Aberto,97.0,Nordeste
CONTR_2026_01920,Vertice Asset e Cobranca,2026-04-26,53,11543.32,Insucesso,84.0,Centro-Oeste
CONTR_2026_01921,Nexus Mediacao Financeira,2026-04-23,80,8805.97,Acordo Firmado,34.0,Sul
CONTR_2026_01922,Fenix Recuperacao de Credito,2026-03-08,56,1313.39,Ajuizado,23.0,Sudeste
CONTR_2026_01923,Nexus Mediacao Financeira,2026-03-26,84,9921.94,Acordo Firmado,19.0,Sudeste
CONTR_2026_01924,Vertice Asset e Cobranca,2026-02-22,104,6282.21,Acordo Firmado,100.0,Sudeste
CONTR_2026_01925,Acerta Credito Integrado,2026-01-02,98,1915.59,Acordo Firmado,1.0,Sudeste
CONTR_2026_01926,Fenix Recuperacao de Credito,2026-03-09,56,6004.84,Ajuizado,74.0,Sul
CONTR_2026_01927,Nexus Mediacao Financeira,2026-03-06,52,9715.84,Em Aberto,65.0,Sul
CONTR_2026_01928,Vertice Asset e Cobranca,2026-03-20,102,5807.92,Acordo Firmado,5.0,Sudeste
CONTR_2026_01929,Nexus Mediacao Financeira,2026-02-26,109,36532.26,Em Aberto,57.0,Sul
CONTR_2026_01930,Fenix Recuperacao de Credito,2026-04-07,75,4736.27,Insucesso,22.0,Sul
CONTR_2026_01931,Nexus Mediacao Financeira,2026-03-11,15,6790.98,Em Aberto,43.0,Nordeste
CONTR_2026_01932,Nexus Mediacao Financeira,2026-01-07,55,1564.86,Em Aberto,2.0,Sudeste
CONTR_2026_01933,Nexus Mediacao Financeira,2026-01-19,119,9588.53,Insucesso,73.0,Sudeste
CONTR_2026_01934,Nexus Mediacao Financeira,2026-02-13,67,6092.2,Acordo Firmado,7.0,Nordeste
CONTR_2026_01935,Nexus Mediacao Financeira,2026-03-04,79,5319.05,Em Aberto,21.0,Sudeste
CONTR_2026_01936,Acerta Credito Integrado,2026-03-06,106,7368.87,Acordo Firmado,71.0,Sudeste
CONTR_2026_01937,Vertice Asset e Cobranca,2026-02-08,80,5310.7,Em Aberto,59.0,Nordeste
CONTR_2026_01938,Acerta Credito Integrado,2026-03-24,131,8471.83,Insucesso,9.0,Nordeste
CONTR_2026_01939,Vertice Asset e Cobranca,2026-04-19,78,5579.53,Acordo Firmado,40.0,Nordeste
CONTR_2026_01940,Fenix Recuperacao de Credito,2026-01-26,64,4870.41,Em Aberto,73.0,Sul
CONTR_2026_01941,Fenix Recuperacao de Credito,2026-02-13,125,1925.24,Acordo Firmado,49.0,Nordeste
CONTR_2026_01942,Vertice Asset e Cobranca,2026-01-12,91,4391.69,Em Aberto,12.0,Sudeste
CONTR_2026_01943,Acerta Credito Integrado,2026-01-22,57,5063.49,Acordo Firmado,100.0,Nordeste
CONTR_2026_01944,Acerta Credito Integrado,2026-03-18,104,6098.47,Acordo Firmado,73.0,Nordeste
CONTR_2026_01945,Acerta Credito Integrado,2026-04-02,81,4243.04,Acordo Firmado,10.0,Sul
CONTR_2026_01946,Nexus Mediacao Financeira,2026-01-14,55,1992.89,Insucesso,74.0,Centro-Oeste
CONTR_2026_01947,Vertice Asset e Cobranca,2026-03-27,92,2014.73,Insucesso,17.0,Sudeste
CONTR_2026_01948,Fenix Recuperacao de Credito,2026-01-30,85,7582.5,Em Aberto,4.0,Centro-Oeste
CONTR_2026_01949,Vertice Asset e Cobranca,2026-02-13,39,6615.38,Em Aberto,64.0,Centro-Oeste
CONTR_2026_01950,Vertice Asset e Cobranca,2026-03-25,58,2702.14,Acordo Firmado,16.0,Nordeste
CONTR_2026_01951,Fenix Recuperacao de Credito,2026-04-18,145,4151.67,Acordo Firmado,49.0,Sudeste
CONTR_2026_01952,Fenix Recuperacao de Credito,2026-04-01,92,3033.32,Em Aberto,100.0,Sul
CONTR_2026_01953,Nexus Mediacao Financeira,2026-02-07,130,2198.5,Insucesso,27.0,Sudeste
CONTR_2026_01954,Acerta Credito Integrado,2026-02-28,99,3173.84,Insucesso,6.0,Sul
CONTR_2026_01955,Vertice Asset e Cobranca,2026-02-11,127,2723.73,Insucesso,9.0,Sudeste
CONTR_2026_01956,Fenix Recuperacao de Credito,2026-02-21,106,1630.12,Acordo Firmado,58.0,Nordeste
CONTR_2026_01957,Nexus Mediacao Financeira,2026-03-04,61,4710.8,Acordo Firmado,32.0,Sudeste
CONTR_2026_01958,Vertice Asset e Cobranca,2026-03-02,108,4197.23,Em Aberto,38.0,Sudeste
CONTR_2026_01959,Nexus Mediacao Financeira,2026-04-30,61,7469.46,Insucesso,30.0,Sudeste
CONTR_2026_01960,Acerta Credito Integrado,2026-04-15,117,6041.94,Em Aberto,78.0,Nordeste
CONTR_2026_01961,Fenix Recuperacao de Credito,2026-02-03,96,3303.24,Em Aberto,45.0,Nordeste
CONTR_2026_01962,Vertice Asset e Cobranca,2026-02-08,90,4628.91,Em Aberto,29.0,Sul
CONTR_2026_01963,Acerta Credito Integrado,2026-02-10,76,5040.25,Acordo Firmado,92.0,Sudeste
CONTR_2026_01964,Vertice Asset e Cobranca,2026-04-18,113,13677.73,Insucesso,22.0,Nordeste
CONTR_2026_01965,Nexus Mediacao Financeira,2026-02-06,85,21202.73,Em Aberto,31.0,Nordeste
CONTR_2026_01966,Nexus Mediacao Financeira,2026-03-06,32,9651.69,Em Aberto,81.0,Nordeste
CONTR_2026_01967,Fenix Recuperacao de Credito,2026-04-28,38,5328.88,Em Aberto,17.0,Nordeste
CONTR_2026_01968,Vertice Asset e Cobranca,2026-03-20,51,14362.87,Acordo Firmado,54.0,Sudeste
CONTR_2026_01969,Vertice Asset e Cobranca,2026-02-01,113,2180.76,Acordo Firmado,79.0,Sul
CONTR_2026_01970,Fenix Recuperacao de Credito,2026-01-08,115,7161.8,Em Aberto,47.0,Nordeste
CONTR_2026_01971,Fenix Recuperacao de Credito,2026-04-07,99,4285.26,Acordo Firmado,32.0,Sul
CONTR_2026_01972,Acerta Credito Integrado,2026-01-18,99,1981.8,Em Aberto,28.0,Sudeste
CONTR_2026_01973,Vertice Asset e Cobranca,2026-02-14,133,1590.94,Insucesso,11.0,Nordeste
CONTR_2026_01974,Nexus Mediacao Financeira,2026-04-03,100,4476.77,Em Aberto,39.0,Sul
CONTR_2026_01975,Vertice Asset e Cobranca,2026-04-06,109,2565.41,Acordo Firmado,17.0,Nordeste
CONTR_2026_01976,Fenix Recuperacao de Credito,2026-02-02,89,2641.79,Acordo Firmado,76.0,Sul
CONTR_2026_01977,Vertice Asset e Cobranca,2026-01-05,76,3129.91,Acordo Firmado,39.0,Centro-Oeste
CONTR_2026_01978,Vertice Asset e Cobranca,2026-03-23,81,7535.7,Acordo Firmado,73.0,Centro-Oeste
CONTR_2026_01979,Acerta Credito Integrado,2026-04-22,151,2096.17,Acordo Firmado,25.0,Sul
CONTR_2026_01980,Acerta Credito Integrado,2026-03-15,57,7521.37,Em Aberto,26.0,Norte
CONTR_2026_01981,Fenix Recuperacao de Credito,2026-02-05,99,8832.61,Em Aberto,68.0,Sul
CONTR_2026_01982,Acerta Credito Integrado,2026-04-07,44,5712.93,Acordo Firmado,62.0,Sudeste
CONTR_2026_01983,Vertice Asset e Cobranca,2026-01-23,9999,2622.15,Em Aberto,19.0,Nordeste
CONTR_2026_01984,Vertice Asset e Cobranca,2026-02-09,113,1464.54,Ajuizado,13.0,Nordeste
CONTR_2026_01985,Fenix Recuperacao de Credito,2026-01-05,35,3820.78,Acordo Firmado,29.0,Sul
CONTR_2026_01986,Fenix Recuperacao de Credito,2026-02-03,117,10601.16,Insucesso,54.0,Nordeste
CONTR_2026_01987,Acerta Credito Integrado,2026-01-24,151,1737.2,Acordo Firmado,73.0,Sul
CONTR_2026_01988,Vertice Asset e Cobranca,2026-01-17,100,8029.14,Em Aberto,42.0,Sudeste
CONTR_2026_01989,Vertice Asset e Cobranca,2026-04-05,127,4354.52,Em Aberto,62.0,Nordeste
CONTR_2026_01990,Acerta Credito Integrado,2026-03-12,97,12654.92,Em Aberto,71.0,Norte
CONTR_2026_01991,Acerta Credito Integrado,2026-03-22,111,3401.82,Acordo Firmado,71.0,Sudeste
CONTR_2026_01992,Fenix Recuperacao de Credito,2026-04-02,103,7299.64,Em Aberto,21.0,Sudeste
CONTR_2026_01993,Nexus Mediacao Financeira,2026-04-12,74,7937.66,Acordo Firmado,9.0,Centro-Oeste
CONTR_2026_01994,Fenix Recuperacao de Credito,2026-01-22,72,2307.86,Acordo Firmado,45.0,Norte
CONTR_2026_01995,Acerta Credito Integrado,2026-01-15,125,2060.75,Acordo Firmado,27.0,Sudeste
CONTR_2026_01996,Nexus Mediacao Financeira,2026-04-11,88,1686.58,Acordo Firmado,48.0,Sudeste
CONTR_2026_01997,Vertice Asset e Cobranca,2026-01-15,85,7246.31,Em Aberto,85.0,Nordeste
CONTR_2026_01998,Fenix Recuperacao de Credito,2026-04-24,85,5172.03,Em Aberto,69.0,Norte
CONTR_2026_01999,Fenix Recuperacao de Credito,2026-04-24,99,1653.56,Insucesso,5.0,Nordeste
CONTR_2026_02000,Vertice Asset e Cobranca,2026-01-25,54,3043.26,Insucesso,72.0,Centro-Oeste
CONTR_2026_02001,Vertice Asset e Cobranca,2026-02-22,84,1967.78,Em Aberto,15.0,Nordeste
CONTR_2026_02002,Fenix Recuperacao de Credito,2026-01-21,99,1686.31,Insucesso,77.0,Centro-Oeste
CONTR_2026_02003,Fenix Recuperacao de Credito,2026-04-29,51,2974.61,Acordo Firmado,97.0,Sudeste
CONTR_2026_02004,Fenix Recuperacao de Credito,2026-04-12,96,1706.27,Insucesso,44.0,Sudeste
CONTR_2026_02005,Vertice Asset e Cobranca,2026-03-07,63,2706.78,Acordo Firmado,47.0,Nordeste
CONTR_2026_02006,Acerta Credito Integrado,2026-04-01,99,5222.84,Em Aberto,32.0,Sudeste
CONTR_2026_02007,Vertice Asset e Cobranca,2026-04-23,154,5315.19,Em Aberto,36.0,Sudeste
CONTR_2026_02008,Acerta Credito Integrado,2026-02-01,86,2119.63,Acordo Firmado,49.0,Nordeste
CONTR_2026_02009,Fenix Recuperacao de Credito,2026-01-21,57,2259.87,Ajuizado,53.0,Sudeste
CONTR_2026_02010,Vertice Asset e Cobranca,2026-03-09,97,10854.13,Em Aberto,23.0,Sul
CONTR_2026_02011,Fenix Recuperacao de Credito,2026-02-13,104,2113.22,Acordo Firmado,34.0,Nordeste
CONTR_2026_02012,Fenix Recuperacao de Credito,2026-03-24,61,1434.1,Em Aberto,18.0,Sudeste
CONTR_2026_02013,Fenix Recuperacao de Credito,2026-03-07,38,2604.0,Insucesso,12.0,Nordeste
CONTR_2026_02014,Fenix Recuperacao de Credito,2026-03-31,61,5495.14,Acordo Firmado,87.0,Centro-Oeste
CONTR_2026_02015,Nexus Mediacao Financeira,2026-04-08,88,1236.25,Insucesso,2.0,Nordeste
CONTR_2026_02016,Vertice Asset e Cobranca,2026-01-14,76,22194.22,Em Aberto,27.0,Nordeste
CONTR_2026_02017,Vertice Asset e Cobranca,2026-01-15,122,2509.35,Em Aberto,50.0,Centro-Oeste
CONTR_2026_02018,Acerta Credito Integrado,2026-01-20,105,2559.81,Acordo Firmado,31.0,Sudeste
CONTR_2026_02019,Fenix Recuperacao de Credito,2026-02-03,93,7908.85,Em Aberto,48.0,Nordeste
CONTR_2026_02020,Nexus Mediacao Financeira,2026-02-05,37,2626.29,Ajuizado,86.0,Sudeste
CONTR_2026_02021,Vertice Asset e Cobranca,2026-03-24,108,3722.16,Insucesso,69.0,Sul
CONTR_2026_02022,Nexus Mediacao Financeira,2026-01-09,149,5125.42,Em Aberto,17.0,Sudeste
CONTR_2026_02023,Fenix Recuperacao de Credito,2026-03-12,115,1310.58,Em Aberto,43.0,Nordeste
CONTR_2026_02024,Fenix Recuperacao de Credito,2026-01-30,70,10279.01,Insucesso,71.0,Sudeste
CONTR_2026_02025,Vertice Asset e Cobranca,2026-03-18,85,4787.72,Em Aberto,18.0,Norte
CONTR_2026_02026,Vertice Asset e Cobranca,2026-04-01,103,3076.52,Acordo Firmado,66.0,Sudeste
CONTR_2026_02027,Acerta Credito Integrado,2026-03-04,131,3752.35,Ajuizado,31.0,Sudeste
CONTR_2026_02028,Vertice Asset e Cobranca,2026-04-18,68,1487.22,Acordo Firmado,63.0,Sul
CONTR_2026_02029,Vertice Asset e Cobranca,2026-02-04,76,7528.91,Em Aberto,28.0,Nordeste
CONTR_2026_02030,Nexus Mediacao Financeira,2026-01-13,88,5077.26,Acordo Firmado,67.0,Nordeste
CONTR_2026_02031,Fenix Recuperacao de Credito,2026-03-20,86,13466.54,Ajuizado,9.0,Nordeste
CONTR_2026_02032,Nexus Mediacao Financeira,2026-02-15,113,4319.85,Em Aberto,97.0,Sudeste
CONTR_2026_02033,Vertice Asset e Cobranca,2026-02-25,97,10012.99,Em Aberto,28.0,Sudeste
CONTR_2026_02034,Vertice Asset e Cobranca,2026-01-09,48,2243.3,Em Aberto,92.0,Sul
CONTR_2026_02035,Nexus Mediacao Financeira,2026-04-19,70,1490.84,Acordo Firmado,18.0,Sudeste
CONTR_2026_02036,Vertice Asset e Cobranca,2026-03-28,71,16025.06,Insucesso,15.0,Nordeste
CONTR_2026_02037,Fenix Recuperacao de Credito,2026-04-28,23,2685.01,Em Aberto,75.0,Nordeste
CONTR_2026_02038,Fenix Recuperacao de Credito,2026-02-05,117,10166.31,Em Aberto,89.0,Centro-Oeste
CONTR_2026_02039,Fenix Recuperacao de Credito,2026-04-27,93,2687.54,Em Aberto,5.0,Nordeste
CONTR_2026_02040,Vertice Asset e Cobranca,2026-04-14,73,2047.08,Acordo Firmado,41.0,Sudeste
CONTR_2026_02041,Acerta Credito Integrado,2026-01-03,117,7793.76,Acordo Firmado,91.0,Nordeste
CONTR_2026_02042,Nexus Mediacao Financeira,2026-04-08,99,8734.54,Em Aberto,76.0,Nordeste
CONTR_2026_02043,Nexus Mediacao Financeira,2026-01-19,51,10477.1,Ajuizado,74.0,Nordeste
CONTR_2026_02044,Fenix Recuperacao de Credito,2026-01-28,108,11207.54,Acordo Firmado,73.0,Norte
CONTR_2026_02045,Acerta Credito Integrado,2026-01-23,131,4499.83,Acordo Firmado,66.0,Nordeste
CONTR_2026_02046,Acerta Credito Integrado,2026-04-14,85,3755.94,Em Aberto,73.0,Nordeste
CONTR_2026_02047,Fenix Recuperacao de Credito,2026-04-23,87,8150.89,Em Aberto,51.0,Sudeste
CONTR_2026_02048,Acerta Credito Integrado,2026-04-19,93,5412.72,Em Aberto,16.0,Sudeste
CONTR_2026_02049,Nexus Mediacao Financeira,2026-01-07,53,18002.79,Ajuizado,65.0,Norte
CONTR_2026_02050,Fenix Recuperacao de Credito,2026-04-15,94,3556.71,Acordo Firmado,51.0,Nordeste
CONTR_2026_02051,Vertice Asset e Cobranca,2026-03-17,63,1419.11,Insucesso,57.0,Sul
CONTR_2026_02052,Vertice Asset e Cobranca,2026-01-14,89,5649.52,Em Aberto,37.0,Sudeste
CONTR_2026_02053,Fenix Recuperacao de Credito,2026-02-15,94,3380.68,Acordo Firmado,39.0,Sudeste
CONTR_2026_02054,Fenix Recuperacao de Credito,2026-01-15,105,3297.87,Insucesso,65.0,Nordeste
CONTR_2026_02055,Acerta Credito Integrado,2026-03-08,107,5356.52,Acordo Firmado,49.0,Nordeste
CONTR_2026_02056,Nexus Mediacao Financeira,2026-01-15,62,13941.23,Em Aberto,47.0,Nordeste
CONTR_2026_02057,Vertice Asset e Cobranca,2026-02-20,95,2752.76,Acordo Firmado,40.0,Nordeste
CONTR_2026_02058,Vertice Asset e Cobranca,2026-03-29,118,3586.9,Acordo Firmado,14.0,Nordeste
CONTR_2026_02059,Nexus Mediacao Financeira,2026-04-26,55,12293.5,Acordo Firmado,40.0,Nordeste
CONTR_2026_02060,Nexus Mediacao Financeira,2026-04-20,142,12479.42,Acordo Firmado,48.0,Sudeste
CONTR_2026_02061,Fenix Recuperacao de Credito,2026-01-08,60,2536.71,Acordo Firmado,32.0,Sudeste
CONTR_2026_02062,Nexus Mediacao Financeira,2026-03-10,138,7326.5,Acordo Firmado,88.0,Sudeste
CONTR_2026_02063,Acerta Credito Integrado,2026-03-03,61,3885.51,Em Aberto,39.0,Nordeste
CONTR_2026_02064,Vertice Asset e Cobranca,2026-02-20,88,14944.4,Em Aberto,33.0,Sudeste
CONTR_2026_02065,Fenix Recuperacao de Credito,2026-03-04,84,7788.42,Em Aberto,30.0,Nordeste
CONTR_2026_02066,Acerta Credito Integrado,2026-03-09,48,4609.59,Acordo Firmado,26.0,Norte
CONTR_2026_02067,Fenix Recuperacao de Credito,2026-03-19,110,9702.6,Em Aberto,43.0,Sudeste
CONTR_2026_02068,Vertice Asset e Cobranca,2026-01-16,112,31978.25,Ajuizado,55.0,Nordeste
CONTR_2026_02069,Fenix Recuperacao de Credito,2026-03-25,108,4162.38,Insucesso,44.0,Sudeste
CONTR_2026_02070,Vertice Asset e Cobranca,2026-01-24,82,3538.13,Ajuizado,78.0,Nordeste
CONTR_2026_02071,Acerta Credito Integrado,2026-01-06,68,5870.19,Insucesso,76.0,Sul
CONTR_2026_02072,Nexus Mediacao Financeira,2026-04-29,122,6945.57,Acordo Firmado,51.0,Norte
CONTR_2026_02073,Fenix Recuperacao de Credito,2026-02-26,96,7294.56,Acordo Firmado,7.0,Centro-Oeste
CONTR_2026_02074,Acerta Credito Integrado,2026-01-31,67,4408.31,Em Aberto,85.0,Sudeste
CONTR_2026_02075,Acerta Credito Integrado,2026-01-06,96,3219.53,Em Aberto,58.0,Sul
CONTR_2026_02076,Acerta Credito Integrado,2026-04-09,39,9827.75,Em Aberto,91.0,Nordeste
CONTR_2026_02077,Fenix Recuperacao de Credito,2026-03-20,93,17081.51,Em Aberto,10.0,Nordeste
CONTR_2026_02078,Vertice Asset e Cobranca,2026-01-29,109,11174.83,Acordo Firmado,10.0,Sul
CONTR_2026_02079,Vertice Asset e Cobranca,2026-03-08,84,6934.09,Em Aberto,100.0,Sudeste
CONTR_2026_02080,Acerta Credito Integrado,2026-03-16,111,3432.61,Insucesso,81.0,Centro-Oeste
CONTR_2026_02081,Fenix Recuperacao de Credito,2026-01-03,114,6070.7,Em Aberto,42.0,Centro-Oeste
CONTR_2026_02082,Fenix Recuperacao de Credito,2026-01-28,98,1733.25,Ajuizado,34.0,Nordeste
CONTR_2026_02083,Vertice Asset e Cobranca,2026-03-15,143,5016.91,Ajuizado,82.0,Nordeste
CONTR_2026_02084,Fenix Recuperacao de Credito,2026-04-24,130,8798.38,Em Aberto,26.0,Sudeste
CONTR_2026_02085,Nexus Mediacao Financeira,2026-04-07,108,2645.48,Acordo Firmado,60.0,Sudeste
CONTR_2026_02086,Vertice Asset e Cobranca,2026-02-17,100,4681.1,Ajuizado,2.0,Nordeste
CONTR_2026_02087,Fenix Recuperacao de Credito,2026-03-21,82,1580.49,Insucesso,73.0,Sudeste
CONTR_2026_02088,Nexus Mediacao Financeira,2026-01-10,70,10316.16,Insucesso,45.0,Nordeste
CONTR_2026_02089,Acerta Credito Integrado,2026-02-02,113,3355.7,Insucesso,5.0,Sudeste
CONTR_2026_02090,Vertice Asset e Cobranca,2026-04-10,84,5563.86,Em Aberto,26.0,Nordeste
CONTR_2026_02091,Acerta Credito Integrado,2026-03-08,59,3578.38,Em Aberto,79.0,Sudeste
CONTR_2026_02092,Vertice Asset e Cobranca,2026-03-10,65,5751.55,Em Aberto,25.0,Nordeste
CONTR_2026_02093,Fenix Recuperacao de Credito,2026-01-12,69,8016.76,Acordo Firmado,26.0,Sudeste
CONTR_2026_02094,Nexus Mediacao Financeira,2026-02-26,142,3178.67,Em Aberto,92.0,Norte
CONTR_2026_02095,Vertice Asset e Cobranca,2026-02-13,115,4862.16,Em Aberto,87.0,Nordeste
CONTR_2026_02096,Acerta Credito Integrado,2026-01-13,91,9120.67,Acordo Firmado,85.0,Sul
CONTR_2026_02097,Nexus Mediacao Financeira,2026-01-24,102,7021.38,Em Aberto,22.0,Sudeste
CONTR_2026_02098,Nexus Mediacao Financeira,2026-02-13,105,1493.83,Insucesso,19.0,Centro-Oeste
CONTR_2026_02099,Acerta Credito Integrado,2026-02-26,63,5405.44,Em Aberto,10.0,Nordeste
CONTR_2026_02100,Vertice Asset e Cobranca,2026-04-06,54,3560.7,Em Aberto,42.0,Nordeste
CONTR_2026_02101,Fenix Recuperacao de Credito,2026-01-16,121,7368.38,Em Aberto,100.0,Norte
CONTR_2026_02102,Nexus Mediacao Financeira,2026-04-06,49,1284.04,Em Aberto,31.0,Sudeste
CONTR_2026_02103,Fenix Recuperacao de Credito,2026-04-19,89,3206.84,Acordo Firmado,31.0,Nordeste
CONTR_2026_02104,Nexus Mediacao Financeira,2026-04-11,68,1652.32,Insucesso,99.0,Centro-Oeste
CONTR_2026_02105,Acerta Credito Integrado,2026-04-30,96,13859.48,Acordo Firmado,75.0,Nordeste
CONTR_2026_02106,Vertice Asset e Cobranca,2026-04-10,82,11657.55,Acordo Firmado,81.0,Sudeste
CONTR_2026_02107,Acerta Credito Integrado,2026-01-21,-999,18423.97,Ajuizado,97.0,Sul
CONTR_2026_02108,Fenix Recuperacao de Credito,2026-04-21,20,6356.66,Em Aberto,86.0,Sul
CONTR_2026_02109,Vertice Asset e Cobranca,2026-03-17,123,9426.59,Em Aberto,90.0,Nordeste
CONTR_2026_02110,Vertice Asset e Cobranca,2026-02-20,112,5932.06,Acordo Firmado,36.0,Nordeste
CONTR_2026_02111,Fenix Recuperacao de Credito,2026-01-21,120,4586.8,Em Aberto,66.0,Centro-Oeste
CONTR_2026_02112,Fenix Recuperacao de Credito,2026-03-01,116,10173.43,Insucesso,32.0,Sudeste
CONTR_2026_02113,Fenix Recuperacao de Credito,2026-02-20,99,8684.26,Insucesso,67.0,Sudeste
CONTR_2026_02114,Acerta Credito Integrado,2026-01-21,70,7807.72,Acordo Firmado,63.0,Sudeste
CONTR_2026_02115,Nexus Mediacao Financeira,2026-04-17,103,12417.38,Acordo Firmado,23.0,Sul
CONTR_2026_02116,Fenix Recuperacao de Credito,2026-04-27,98,14407.39,Acordo Firmado,50.0,Nordeste
CONTR_2026_02117,Vertice Asset e Cobranca,2026-01-06,116,4146.52,Acordo Firmado,65.0,Nordeste
CONTR_2026_02118,Nexus Mediacao Financeira,2026-03-14,108,2862.15,Acordo Firmado,69.0,Nordeste
CONTR_2026_02119,Fenix Recuperacao de Credito,2026-03-06,92,4785.0,Em Aberto,44.0,Nordeste
CONTR_2026_02120,Acerta Credito Integrado,2026-03-17,102,1688.43,Acordo Firmado,58.0,Sudeste
CONTR_2026_02121,Acerta Credito Integrado,2026-02-27,105,15116.06,Em Aberto,57.0,Centro-Oeste
CONTR_2026_02122,Nexus Mediacao Financeira,2026-03-19,122,21830.2,Em Aberto,37.0,Sul
CONTR_2026_02123,Vertice Asset e Cobranca,2026-01-06,142,6487.9,Acordo Firmado,65.0,Sudeste
CONTR_2026_02124,Vertice Asset e Cobranca,2026-03-06,107,8055.29,Em Aberto,18.0,Nordeste
CONTR_2026_02125,Vertice Asset e Cobranca,2026-03-27,105,3155.39,Acordo Firmado,5.0,Sudeste
CONTR_2026_02126,Nexus Mediacao Financeira,2026-02-03,83,11259.57,Acordo Firmado,82.0,Sul
CONTR_2026_02127,Nexus Mediacao Financeira,2026-02-25,79,12728.08,Em Aberto,99.0,Sul
CONTR_2026_02128,Fenix Recuperacao de Credito,2026-03-16,68,1600.1,Acordo Firmado,96.0,Nordeste
CONTR_2026_02129,Acerta Credito Integrado,2026-01-03,15,1904.62,Em Aberto,26.0,Sudeste
CONTR_2026_02130,Vertice Asset e Cobranca,2026-02-11,64,2711.29,Insucesso,33.0,Sudeste
CONTR_2026_02131,Fenix Recuperacao de Credito,2026-03-03,84,7281.48,Em Aberto,42.0,Sudeste
CONTR_2026_02132,Fenix Recuperacao de Credito,2026-01-06,80,2212.81,Em Aberto,88.0,Sul
CONTR_2026_02133,Nexus Mediacao Financeira,2026-01-06,103,2442.82,Ajuizado,27.0,Sudeste
CONTR_2026_02134,Nexus Mediacao Financeira,2026-03-04,65,3605.23,Insucesso,54.0,Nordeste
CONTR_2026_02135,Acerta Credito Integrado,2026-01-20,67,5929.07,Em Aberto,83.0,Nordeste
CONTR_2026_02136,Acerta Credito Integrado,2026-01-21,26,19913.38,Insucesso,82.0,Nordeste
CONTR_2026_02137,Fenix Recuperacao de Credito,2026-01-02,104,8859.95,Acordo Firmado,79.0,Nordeste
CONTR_2026_02138,Acerta Credito Integrado,2026-03-31,63,5285.66,Ajuizado,91.0,Sudeste
CONTR_2026_02139,Fenix Recuperacao de Credito,2026-04-05,68,1453.24,Acordo Firmado,75.0,Nordeste
CONTR_2026_02140,Acerta Credito Integrado,2026-03-31,106,4837.04,Acordo Firmado,51.0,Nordeste
CONTR_2026_02141,Acerta Credito Integrado,2026-02-25,63,2341.32,Ajuizado,3.0,Nordeste
CONTR_2026_02142,Nexus Mediacao Financeira,2026-04-06,101,2983.87,Insucesso,39.0,Sudeste
CONTR_2026_02143,Acerta Credito Integrado,2026-01-10,53,2644.15,Em Aberto,71.0,Norte
CONTR_2026_02144,Vertice Asset e Cobranca,2026-03-28,89,3334.32,Insucesso,12.0,Nordeste
CONTR_2026_02145,Vertice Asset e Cobranca,2026-03-11,71,1521.41,Acordo Firmado,33.0,Nordeste
CONTR_2026_02146,Acerta Credito Integrado,2026-01-23,82,5500.0,Insucesso,22.0,Sul
CONTR_2026_02147,Vertice Asset e Cobranca,2026-04-02,135,1434.16,Em Aberto,35.0,Sudeste
CONTR_2026_02148,Vertice Asset e Cobranca,2026-04-23,40,6602.64,Em Aberto,14.0,Sudeste
CONTR_2026_02149,Vertice Asset e Cobranca,2026-01-30,132,7761.55,Em Aberto,26.0,Sudeste
CONTR_2026_02150,Acerta Credito Integrado,2026-03-19,62,4528.28,Insucesso,83.0,Centro-Oeste
CONTR_2026_02151,Vertice Asset e Cobranca,2026-02-06,116,8799.29,Acordo Firmado,85.0,Sudeste
CONTR_2026_02152,Fenix Recuperacao de Credito,2026-02-24,122,18315.79,Insucesso,54.0,Nordeste
CONTR_2026_02153,Acerta Credito Integrado,2026-04-06,102,3277.98,Em Aberto,41.0,Sul
CONTR_2026_02154,Acerta Credito Integrado,2026-02-18,53,6023.56,Em Aberto,45.0,Sudeste
CONTR_2026_02155,Fenix Recuperacao de Credito,2026-02-03,98,3155.83,Acordo Firmado,31.0,Nordeste
CONTR_2026_02156,Fenix Recuperacao de Credito,2026-04-15,166,4129.41,Em Aberto,69.0,Sudeste
CONTR_2026_02157,Fenix Recuperacao de Credito,2026-02-13,90,1305.23,Em Aberto,99.0,Sudeste
CONTR_2026_02158,Vertice Asset e Cobranca,2026-04-25,86,1586.29,Em Aberto,17.0,Nordeste
CONTR_2026_02159,Vertice Asset e Cobranca,2026-01-22,84,9185.79,Em Aberto,60.0,Centro-Oeste
CONTR_2026_02160,Acerta Credito Integrado,2026-01-31,105,1953.58,Acordo Firmado,96.0,Sul
CONTR_2026_02161,Nexus Mediacao Financeira,2026-01-07,87,7205.74,Em Aberto,4.0,Sudeste
CONTR_2026_02162,Nexus Mediacao Financeira,2026-04-15,98,7369.88,Insucesso,10.0,Nordeste
CONTR_2026_02163,Vertice Asset e Cobranca,2026-01-21,81,29098.05,Ajuizado,94.0,Sudeste
CONTR_2026_02164,Acerta Credito Integrado,2026-01-16,58,7147.0,Ajuizado,9.0,Sudeste
CONTR_2026_02165,Vertice Asset e Cobranca,2026-01-20,159,1889.11,Em Aberto,61.0,Sul
CONTR_2026_02166,Vertice Asset e Cobranca,2026-02-12,87,6124.74,Insucesso,90.0,Nordeste
CONTR_2026_02167,Nexus Mediacao Financeira,2026-02-13,185,4913.19,Acordo Firmado,22.0,Sudeste
CONTR_2026_02168,Fenix Recuperacao de Credito,2026-02-16,102,13668.17,Em Aberto,21.0,Sudeste
CONTR_2026_02169,Nexus Mediacao Financeira,2026-04-24,107,7058.34,Em Aberto,23.0,Sudeste
CONTR_2026_02170,Vertice Asset e Cobranca,2026-01-19,80,4854.02,Acordo Firmado,61.0,Nordeste
CONTR_2026_02171,Nexus Mediacao Financeira,2026-02-17,72,6093.68,Em Aberto,12.0,Sudeste
CONTR_2026_02172,Fenix Recuperacao de Credito,2026-04-06,81,4130.08,Ajuizado,95.0,Sudeste
CONTR_2026_02173,Fenix Recuperacao de Credito,2026-03-20,65,4750.52,Insucesso,17.0,Centro-Oeste
CONTR_2026_02174,Acerta Credito Integrado,2026-03-10,62,7606.88,Insucesso,55.0,Sudeste
CONTR_2026_02175,Fenix Recuperacao de Credito,2026-01-11,143,1607.93,Em Aberto,21.0,Sudeste
CONTR_2026_02176,Acerta Credito Integrado,2026-03-20,113,5976.92,Acordo Firmado,54.0,Sudeste
CONTR_2026_02177,Vertice Asset e Cobranca,2026-01-29,134,1661.77,Acordo Firmado,47.0,Nordeste
CONTR_2026_02178,Nexus Mediacao Financeira,2026-04-24,123,10857.76,Insucesso,41.0,Nordeste
CONTR_2026_02179,Nexus Mediacao Financeira,2026-02-14,71,15476.67,Insucesso,97.0,Sul
CONTR_2026_02180,Nexus Mediacao Financeira,2026-03-09,43,8775.24,Em Aberto,15.0,Sudeste
CONTR_2026_02181,Vertice Asset e Cobranca,2026-04-23,76,7529.8,Acordo Firmado,96.0,Centro-Oeste
CONTR_2026_02182,Fenix Recuperacao de Credito,2026-02-05,92,15589.51,Acordo Firmado,59.0,Centro-Oeste
CONTR_2026_02183,Fenix Recuperacao de Credito,2026-02-17,9999,2432.88,Ajuizado,99.0,Nordeste
CONTR_2026_02184,Vertice Asset e Cobranca,2026-03-28,88,2499.25,Em Aberto,15.0,Nordeste
CONTR_2026_02185,Nexus Mediacao Financeira,2026-01-15,178,4479.41,Acordo Firmado,29.0,Nordeste
CONTR_2026_02186,Fenix Recuperacao de Credito,2026-04-20,77,1237.46,Acordo Firmado,11.0,Nordeste
CONTR_2026_02187,Acerta Credito Integrado,2026-02-13,107,17972.03,Em Aberto,29.0,Sul
CONTR_2026_02188,Acerta Credito Integrado,2026-03-08,72,1363.92,Acordo Firmado,86.0,Nordeste
CONTR_2026_02189,Acerta Credito Integrado,2026-04-06,102,5733.09,Insucesso,90.0,Centro-Oeste
CONTR_2026_02190,Nexus Mediacao Financeira,2026-03-15,86,3384.58,Em Aberto,82.0,Sudeste
CONTR_2026_02191,Vertice Asset e Cobranca,2026-02-09,82,1743.31,Insucesso,89.0,Nordeste
CONTR_2026_02192,Fenix Recuperacao de Credito,2026-04-12,71,1324.61,Acordo Firmado,85.0,Sudeste
CONTR_2026_02193,Nexus Mediacao Financeira,2026-03-27,94,2721.89,Em Aberto,88.0,Sudeste
CONTR_2026_02194,Nexus Mediacao Financeira,2026-01-14,115,1764.07,Ajuizado,56.0,Sul
CONTR_2026_02195,Fenix Recuperacao de Credito,2026-03-04,60,15294.51,Insucesso,92.0,Nordeste
CONTR_2026_02196,Vertice Asset e Cobranca,2026-03-22,88,2603.61,Acordo Firmado,53.0,Sudeste
CONTR_2026_02197,Vertice Asset e Cobranca,2026-03-26,104,1694.31,Em Aberto,3.0,Sudeste
CONTR_2026_02198,Acerta Credito Integrado,2026-02-20,110,8541.47,Em Aberto,13.0,Sul
CONTR_2026_02199,Nexus Mediacao Financeira,2026-04-22,145,3874.33,Acordo Firmado,38.0,Nordeste
CONTR_2026_02200,Vertice Asset e Cobranca,2026-03-20,107,10478.8,Em Aberto,70.0,Sul
CONTR_2026_02201,Vertice Asset e Cobranca,2026-02-27,77,10314.11,Acordo Firmado,11.0,Sudeste
CONTR_2026_02202,Fenix Recuperacao de Credito,2026-01-15,72,25585.39,Em Aberto,23.0,Sudeste
CONTR_2026_02203,Vertice Asset e Cobranca,2026-03-06,72,9343.82,Insucesso,73.0,Sudeste
CONTR_2026_02204,Fenix Recuperacao de Credito,2026-03-29,70,2404.96,Insucesso,56.0,Sudeste
CONTR_2026_02205,Acerta Credito Integrado,2026-02-24,96,5614.86,Ajuizado,17.0,Norte
CONTR_2026_02206,Fenix Recuperacao de Credito,2026-04-29,102,4935.38,Ajuizado,9.0,Sudeste
CONTR_2026_02207,Vertice Asset e Cobranca,2026-03-17,114,4748.31,Ajuizado,83.0,Nordeste
CONTR_2026_02208,Acerta Credito Integrado,2026-01-10,109,2960.62,Acordo Firmado,99.0,Sul
CONTR_2026_02209,Vertice Asset e Cobranca,2026-04-20,127,2379.5,Ajuizado,96.0,Sudeste
CONTR_2026_02210,Fenix Recuperacao de Credito,2026-04-16,69,7509.69,Em Aberto,92.0,Sudeste
CONTR_2026_02211,Acerta Credito Integrado,2026-02-11,139,1736.6,Ajuizado,28.0,Sul
CONTR_2026_02212,Acerta Credito Integrado,2026-04-26,71,1454.45,Acordo Firmado,79.0,Sudeste
CONTR_2026_02213,Fenix Recuperacao de Credito,2026-04-05,100,3600.22,Em Aberto,19.0,Sudeste
CONTR_2026_02214,Vertice Asset e Cobranca,2026-01-11,84,8011.43,Acordo Firmado,97.0,Centro-Oeste
CONTR_2026_02215,Acerta Credito Integrado,2026-04-28,89,11345.0,Em Aberto,87.0,Nordeste
CONTR_2026_02216,Vertice Asset e Cobranca,2026-01-16,110,5084.02,Insucesso,92.0,Nordeste
CONTR_2026_02217,Acerta Credito Integrado,2026-03-14,46,10360.8,Acordo Firmado,4.0,Centro-Oeste
CONTR_2026_02218,Vertice Asset e Cobranca,2026-04-21,65,1328.08,Acordo Firmado,47.0,Sul
CONTR_2026_02219,Acerta Credito Integrado,2026-03-19,112,4238.24,Acordo Firmado,47.0,Nordeste
CONTR_2026_02220,Fenix Recuperacao de Credito,2026-01-19,89,1915.82,Acordo Firmado,31.0,Nordeste
CONTR_2026_02221,Acerta Credito Integrado,2026-01-31,82,5569.96,Ajuizado,99.0,Sul
CONTR_2026_02222,Nexus Mediacao Financeira,2026-03-14,56,13890.79,Insucesso,5.0,Sudeste
CONTR_2026_02223,Fenix Recuperacao de Credito,2026-04-10,82,1236.08,Em Aberto,33.0,Centro-Oeste
CONTR_2026_02224,Fenix Recuperacao de Credito,2026-02-22,110,6716.43,Acordo Firmado,48.0,Centro-Oeste
CONTR_2026_02225,Fenix Recuperacao de Credito,2026-04-13,73,9059.5,Em Aberto,32.0,Nordeste
CONTR_2026_02226,Vertice Asset e Cobranca,2026-04-28,130,8022.3,Em Aberto,79.0,Norte
CONTR_2026_02227,Vertice Asset e Cobranca,2026-03-31,122,1299.84,Em Aberto,59.0,Sul
CONTR_2026_02228,Nexus Mediacao Financeira,2026-01-08,79,2155.1,Em Aberto,98.0,Sul
CONTR_2026_02229,Vertice Asset e Cobranca,2026-01-24,72,1695.78,Acordo Firmado,64.0,Sudeste
CONTR_2026_02230,Vertice Asset e Cobranca,2026-01-08,15,1646.64,Insucesso,47.0,Nordeste
CONTR_2026_02231,Acerta Credito Integrado,2026-03-24,57,7750.08,Acordo Firmado,9.0,Sudeste
CONTR_2026_02232,Fenix Recuperacao de Credito,2026-04-21,55,3965.09,Acordo Firmado,35.0,Sudeste
CONTR_2026_02233,Fenix Recuperacao de Credito,2026-02-17,47,7651.68,Em Aberto,47.0,Norte
CONTR_2026_02234,Acerta Credito Integrado,2026-01-30,88,3437.32,Ajuizado,88.0,Sudeste
CONTR_2026_02235,Nexus Mediacao Financeira,2026-02-27,99,1822.43,Insucesso,82.0,Nordeste
CONTR_2026_02236,Nexus Mediacao Financeira,2026-03-27,144,7537.26,Acordo Firmado,17.0,Sudeste
CONTR_2026_02237,Acerta Credito Integrado,2026-02-24,91,6118.26,Em Aberto,1.0,Nordeste
CONTR_2026_02238,Fenix Recuperacao de Credito,2026-03-14,28,1799.42,Em Aberto,55.0,Norte
CONTR_2026_02239,Fenix Recuperacao de Credito,2026-03-03,67,14109.14,Acordo Firmado,11.0,Sudeste
CONTR_2026_02240,Fenix Recuperacao de Credito,2026-04-18,108,3047.5,Acordo Firmado,33.0,Norte
CONTR_2026_02241,Acerta Credito Integrado,2026-02-17,87,6517.14,Insucesso,70.0,Nordeste
CONTR_2026_02242,Fenix Recuperacao de Credito,2026-01-04,115,1362.52,Em Aberto,56.0,Sudeste
CONTR_2026_02243,Nexus Mediacao Financeira,2026-02-06,74,4126.33,Em Aberto,64.0,Nordeste
CONTR_2026_02244,Vertice Asset e Cobranca,2026-01-08,124,17872.02,Em Aberto,93.0,Sudeste
CONTR_2026_02245,Acerta Credito Integrado,2026-01-01,97,12080.14,Acordo Firmado,51.0,Sudeste
CONTR_2026_02246,Nexus Mediacao Financeira,2026-04-02,98,2450.95,Em Aberto,20.0,Sudeste
CONTR_2026_02247,Fenix Recuperacao de Credito,2026-03-11,94,11765.21,Em Aberto,18.0,Sudeste
CONTR_2026_02248,Acerta Credito Integrado,2026-02-16,67,2934.12,Acordo Firmado,78.0,Nordeste
CONTR_2026_02249,Nexus Mediacao Financeira,2026-04-10,88,10760.64,Em Aberto,45.0,Nordeste
CONTR_2026_02250,Fenix Recuperacao de Credito,2026-04-27,98,7732.37,Insucesso,43.0,Centro-Oeste
CONTR_2026_02251,Fenix Recuperacao de Credito,2026-03-16,47,3369.73,Insucesso,20.0,Sul
CONTR_2026_02252,Fenix Recuperacao de Credito,2026-01-05,92,13283.86,Em Aberto,57.0,Sul
CONTR_2026_02253,Nexus Mediacao Financeira,2026-02-19,126,4520.65,Em Aberto,82.0,Nordeste
CONTR_2026_02254,Acerta Credito Integrado,2026-01-24,103,3111.39,Em Aberto,27.0,Nordeste
CONTR_2026_02255,Acerta Credito Integrado,2026-02-16,131,2840.34,Insucesso,18.0,Nordeste
CONTR_2026_02256,Nexus Mediacao Financeira,2026-01-18,102,15189.91,Acordo Firmado,17.0,Sudeste
CONTR_2026_02257,Nexus Mediacao Financeira,2026-03-25,63,8306.11,Acordo Firmado,60.0,Sudeste
CONTR_2026_02258,Vertice Asset e Cobranca,2026-01-28,113,3353.14,Acordo Firmado,89.0,Nordeste
CONTR_2026_02259,Vertice Asset e Cobranca,2026-03-18,55,2666.28,Em Aberto,5.0,Nordeste
CONTR_2026_02260,Vertice Asset e Cobranca,2026-01-05,83,2388.86,Insucesso,6.0,Sudeste
CONTR_2026_02261,Acerta Credito Integrado,2026-01-30,81,2601.83,Insucesso,100.0,Sudeste
CONTR_2026_02262,Nexus Mediacao Financeira,2026-01-01,69,1788.17,Insucesso,97.0,Sul
CONTR_2026_02263,Acerta Credito Integrado,2026-03-27,161,4515.37,Em Aberto,15.0,Sudeste
CONTR_2026_02264,Vertice Asset e Cobranca,2026-03-23,87,1409.7,Acordo Firmado,39.0,Nordeste
CONTR_2026_02265,Nexus Mediacao Financeira,2026-02-15,144,1257.91,Acordo Firmado,80.0,Sudeste
CONTR_2026_02266,Nexus Mediacao Financeira,2026-03-10,100,6012.62,Acordo Firmado,51.0,Nordeste
CONTR_2026_02267,Nexus Mediacao Financeira,2026-01-31,65,1663.2,Em Aberto,88.0,Sudeste
CONTR_2026_02268,Acerta Credito Integrado,2026-03-11,77,10528.42,Ajuizado,21.0,Sudeste
CONTR_2026_02269,Fenix Recuperacao de Credito,2026-04-01,88,1764.33,Acordo Firmado,13.0,Nordeste
CONTR_2026_02270,Nexus Mediacao Financeira,2026-02-25,79,5111.74,Acordo Firmado,29.0,Sudeste
CONTR_2026_02271,Fenix Recuperacao de Credito,2026-03-30,81,6827.4,Em Aberto,98.0,Sudeste
CONTR_2026_02272,Vertice Asset e Cobranca,2026-04-03,107,2501.34,Acordo Firmado,51.0,Sul
CONTR_2026_02273,Vertice Asset e Cobranca,2026-01-28,100,12158.09,Em Aberto,67.0,Nordeste
CONTR_2026_02274,Nexus Mediacao Financeira,2026-01-16,110,4482.99,Insucesso,21.0,Nordeste
CONTR_2026_02275,Vertice Asset e Cobranca,2026-02-23,135,3094.01,Em Aberto,9.0,Sul
CONTR_2026_02276,Nexus Mediacao Financeira,2026-02-22,75,12769.68,Em Aberto,67.0,Nordeste
CONTR_2026_02277,Acerta Credito Integrado,2026-01-12,123,10971.64,Acordo Firmado,44.0,Nordeste
CONTR_2026_02278,Nexus Mediacao Financeira,2026-01-20,131,7382.95,Acordo Firmado,62.0,Sudeste
CONTR_2026_02279,Nexus Mediacao Financeira,2026-03-23,128,2915.85,Acordo Firmado,94.0,Sul
CONTR_2026_02280,Fenix Recuperacao de Credito,2026-02-03,37,3673.17,Em Aberto,67.0,Sudeste
CONTR_2026_02281,Vertice Asset e Cobranca,2026-04-29,143,7051.62,Em Aberto,62.0,Sudeste
CONTR_2026_02282,Vertice Asset e Cobranca,2026-02-22,70,2224.58,Acordo Firmado,62.0,Nordeste
CONTR_2026_02283,Vertice Asset e Cobranca,2026-03-05,34,4617.1,Acordo Firmado,60.0,Sul
CONTR_2026_02284,Fenix Recuperacao de Credito,2026-01-23,143,7891.76,Acordo Firmado,49.0,Nordeste
CONTR_2026_02285,Fenix Recuperacao de Credito,2026-04-19,105,6560.53,Em Aberto,39.0,Sul
CONTR_2026_02286,Vertice Asset e Cobranca,2026-01-27,106,7563.63,Acordo Firmado,41.0,Sudeste
CONTR_2026_02287,Vertice Asset e Cobranca,2026-04-23,80,12324.38,Acordo Firmado,50.0,Sudeste
CONTR_2026_02288,Vertice Asset e Cobranca,2026-01-17,95,18455.09,Insucesso,51.0,Sudeste
CONTR_2026_02289,Vertice Asset e Cobranca,2026-02-17,85,4265.99,Acordo Firmado,17.0,Nordeste
CONTR_2026_02290,Fenix Recuperacao de Credito,2026-01-21,71,1509.28,Acordo Firmado,53.0,Nordeste
CONTR_2026_02291,Nexus Mediacao Financeira,2026-02-19,90,10189.4,Ajuizado,55.0,Sudeste
CONTR_2026_02292,Vertice Asset e Cobranca,2026-02-09,93,1827.62,Em Aberto,78.0,Sul
CONTR_2026_02293,Fenix Recuperacao de Credito,2026-04-05,50,2438.75,Acordo Firmado,75.0,Norte
CONTR_2026_02294,Nexus Mediacao Financeira,2026-01-03,91,6494.57,Ajuizado,56.0,Sudeste
CONTR_2026_02295,Fenix Recuperacao de Credito,2026-01-17,36,8046.9,Em Aberto,1.0,Nordeste
CONTR_2026_02296,Fenix Recuperacao de Credito,2026-03-02,147,7131.44,Ajuizado,65.0,Norte
CONTR_2026_02297,Fenix Recuperacao de Credito,2026-02-19,86,4085.65,Ajuizado,64.0,Sudeste
CONTR_2026_02298,Fenix Recuperacao de Credito,2026-03-31,57,13709.27,Em Aberto,52.0,Nordeste
CONTR_2026_02299,Fenix Recuperacao de Credito,2026-03-28,105,10124.8,Em Aberto,15.0,Norte
CONTR_2026_02300,Vertice Asset e Cobranca,2026-01-06,67,6648.5,Em Aberto,2.0,Nordeste
CONTR_2026_02301,Acerta Credito Integrado,2026-01-28,89,4108.71,Acordo Firmado,12.0,Sudeste
CONTR_2026_02302,Nexus Mediacao Financeira,2026-03-13,103,4316.48,Insucesso,45.0,Nordeste
CONTR_2026_02303,Nexus Mediacao Financeira,2026-02-24,59,2167.72,Acordo Firmado,57.0,Sul
CONTR_2026_02304,Vertice Asset e Cobranca,2026-02-27,148,8763.94,Acordo Firmado,51.0,Norte
CONTR_2026_02305,Fenix Recuperacao de Credito,2026-02-14,151,11248.21,Em Aberto,2.0,Sudeste
CONTR_2026_02306,Vertice Asset e Cobranca,2026-03-13,74,9980.47,Acordo Firmado,87.0,Nordeste
CONTR_2026_02307,Fenix Recuperacao de Credito,2026-01-19,56,5160.4,Insucesso,62.0,Sul
CONTR_2026_02308,Nexus Mediacao Financeira,2026-04-12,74,10298.98,Acordo Firmado,34.0,Sudeste
CONTR_2026_02309,Fenix Recuperacao de Credito,2026-01-29,75,9012.98,Acordo Firmado,17.0,Sul
CONTR_2026_02310,Vertice Asset e Cobranca,2026-01-23,123,10129.66,Em Aberto,41.0,Nordeste
CONTR_2026_02311,Nexus Mediacao Financeira,2026-04-21,74,21268.43,Em Aberto,78.0,Sudeste
CONTR_2026_02312,Acerta Credito Integrado,2026-02-01,55,9503.66,Em Aberto,75.0,Nordeste
CONTR_2026_02313,Vertice Asset e Cobranca,2026-01-10,93,2778.28,Em Aberto,84.0,Sul
CONTR_2026_02314,Acerta Credito Integrado,2026-04-01,45,9798.02,Em Aberto,71.0,Sul
CONTR_2026_02315,Vertice Asset e Cobranca,2026-02-18,122,3555.1,Acordo Firmado,65.0,Nordeste
CONTR_2026_02316,Fenix Recuperacao de Credito,2026-03-06,9999,4830.34,Ajuizado,15.0,Sudeste
CONTR_2026_02317,Vertice Asset e Cobranca,2026-04-13,72,9157.98,Em Aberto,38.0,Nordeste
CONTR_2026_02318,Vertice Asset e Cobranca,2026-01-29,75,3104.24,Em Aberto,98.0,Nordeste
CONTR_2026_02319,Vertice Asset e Cobranca,2026-02-28,97,1332.15,Acordo Firmado,73.0,Sudeste
CONTR_2026_02320,Vertice Asset e Cobranca,2026-02-14,56,7531.8,Ajuizado,65.0,Sul
CONTR_2026_02321,Fenix Recuperacao de Credito,2026-03-08,66,12822.83,Em Aberto,9.0,Centro-Oeste
CONTR_2026_02322,Acerta Credito Integrado,2026-02-20,83,14347.71,Insucesso,42.0,Sudeste
CONTR_2026_02323,Nexus Mediacao Financeira,2026-04-21,50,9220.02,Em Aberto,66.0,Sul
CONTR_2026_02324,Vertice Asset e Cobranca,2026-04-11,76,14877.84,Ajuizado,86.0,Sudeste
CONTR_2026_02325,Acerta Credito Integrado,2026-04-05,57,9792.25,Acordo Firmado,89.0,Centro-Oeste
CONTR_2026_02326,Vertice Asset e Cobranca,2026-01-11,132,1352.81,Em Aberto,51.0,Sul
CONTR_2026_02327,Acerta Credito Integrado,2026-03-27,77,3351.26,Em Aberto,78.0,Nordeste
CONTR_2026_02328,Fenix Recuperacao de Credito,2026-03-23,61,3248.17,Insucesso,51.0,Sudeste
CONTR_2026_02329,Nexus Mediacao Financeira,2026-04-09,110,2436.95,Em Aberto,80.0,Nordeste
CONTR_2026_02330,Fenix Recuperacao de Credito,2026-01-06,71,9195.88,Ajuizado,19.0,Nordeste
CONTR_2026_02331,Vertice Asset e Cobranca,2026-03-08,56,4870.78,Ajuizado,31.0,Norte
CONTR_2026_02332,Fenix Recuperacao de Credito,2026-03-03,9999,10248.27,Em Aberto,66.0,Nordeste
CONTR_2026_02333,Nexus Mediacao Financeira,2026-01-05,-999,5798.35,Insucesso,32.0,Nordeste
CONTR_2026_02334,Nexus Mediacao Financeira,2026-01-09,115,5665.43,Insucesso,100.0,Nordeste
CONTR_2026_02335,Fenix Recuperacao de Credito,2026-01-28,89,3623.75,Em Aberto,75.0,Sudeste
CONTR_2026_02336,Vertice Asset e Cobranca,2026-03-24,93,8993.79,Em Aberto,8.0,Nordeste
CONTR_2026_02337,Vertice Asset e Cobranca,2026-04-02,106,6945.71,Ajuizado,69.0,Nordeste
CONTR_2026_02338,Vertice Asset e Cobranca,2026-04-01,70,3268.13,Acordo Firmado,98.0,Norte
CONTR_2026_02339,Fenix Recuperacao de Credito,2026-03-18,65,26436.48,Insucesso,51.0,Centro-Oeste
CONTR_2026_02340,Vertice Asset e Cobranca,2026-02-07,126,4306.82,Insucesso,47.0,Sudeste
CONTR_2026_02341,Acerta Credito Integrado,2026-02-12,107,3103.3,Em Aberto,51.0,Nordeste
CONTR_2026_02342,Fenix Recuperacao de Credito,2026-04-27,87,7020.45,Em Aberto,8.0,Sudeste
CONTR_2026_02343,Fenix Recuperacao de Credito,2026-01-21,113,2460.34,Acordo Firmado,34.0,Centro-Oeste
CONTR_2026_02344,Vertice Asset e Cobranca,2026-04-01,106,10078.76,Insucesso,4.0,Norte
CONTR_2026_02345,Fenix Recuperacao de Credito,2026-03-03,118,6902.86,Em Aberto,36.0,Nordeste
CONTR_2026_02346,Nexus Mediacao Financeira,2026-02-15,55,11403.62,Insucesso,44.0,Sudeste
CONTR_2026_02347,Nexus Mediacao Financeira,2026-03-11,88,3195.31,Em Aberto,25.0,Sudeste
CONTR_2026_02348,Vertice Asset e Cobranca,2026-02-07,123,10835.34,Em Aberto,26.0,Nordeste
CONTR_2026_02349,Nexus Mediacao Financeira,2026-02-18,140,4675.06,Acordo Firmado,33.0,Sul
CONTR_2026_02350,Fenix Recuperacao de Credito,2026-03-16,73,1504.89,Ajuizado,9.0,Sul
CONTR_2026_02351,Nexus Mediacao Financeira,2026-04-21,94,2279.41,Em Aberto,47.0,Norte
CONTR_2026_02352,Fenix Recuperacao de Credito,2026-04-15,90,2427.26,Em Aberto,72.0,Nordeste
CONTR_2026_02353,Nexus Mediacao Financeira,2026-04-27,52,8504.9,Em Aberto,17.0,Nordeste
CONTR_2026_02354,Acerta Credito Integrado,2026-03-22,81,2335.29,Insucesso,15.0,Sul
CONTR_2026_02355,Acerta Credito Integrado,2026-04-30,42,5326.74,Em Aberto,42.0,Sudeste
CONTR_2026_02356,Fenix Recuperacao de Credito,2026-02-08,84,6485.56,Acordo Firmado,54.0,Sudeste
CONTR_2026_02357,Fenix Recuperacao de Credito,2026-03-12,58,8632.95,Em Aberto,13.0,Sudeste
CONTR_2026_02358,Fenix Recuperacao de Credito,2026-01-30,95,8859.61,Acordo Firmado,50.0,Sudeste
CONTR_2026_02359,Nexus Mediacao Financeira,2026-01-21,80,7522.22,Ajuizado,44.0,Nordeste
CONTR_2026_02360,Fenix Recuperacao de Credito,2026-01-01,80,2398.8,Insucesso,3.0,Sudeste
CONTR_2026_02361,Fenix Recuperacao de Credito,2026-03-30,136,5120.5,Em Aberto,53.0,Nordeste
CONTR_2026_02362,Vertice Asset e Cobranca,2026-02-01,92,2913.65,Em Aberto,56.0,Norte
CONTR_2026_02363,Vertice Asset e Cobranca,2026-01-08,146,8660.44,Insucesso,54.0,Sudeste
CONTR_2026_02364,Vertice Asset e Cobranca,2026-03-10,103,8093.47,Acordo Firmado,57.0,Sul
CONTR_2026_02365,Nexus Mediacao Financeira,2026-01-30,114,2504.54,Em Aberto,12.0,Norte
CONTR_2026_02366,Fenix Recuperacao de Credito,2026-04-25,63,6326.94,Insucesso,93.0,Nordeste
CONTR_2026_02367,Fenix Recuperacao de Credito,2026-01-08,69,1501.02,Em Aberto,59.0,Nordeste
CONTR_2026_02368,Nexus Mediacao Financeira,2026-04-23,90,8516.92,Em Aberto,65.0,Sul
CONTR_2026_02369,Vertice Asset e Cobranca,2026-01-19,126,8775.23,Ajuizado,96.0,Centro-Oeste
CONTR_2026_02370,Acerta Credito Integrado,2026-04-18,79,3330.98,Em Aberto,37.0,Nordeste
CONTR_2026_02371,Nexus Mediacao Financeira,2026-02-28,47,9406.1,Em Aberto,20.0,Norte
CONTR_2026_02372,Acerta Credito Integrado,2026-02-24,101,10970.13,Acordo Firmado,72.0,Sudeste
CONTR_2026_02373,Nexus Mediacao Financeira,2026-01-30,91,2253.96,Acordo Firmado,37.0,Sudeste
CONTR_2026_02374,Vertice Asset e Cobranca,2026-03-20,73,3360.8,Ajuizado,31.0,Centro-Oeste
CONTR_2026_02375,Nexus Mediacao Financeira,2026-02-05,78,2712.83,Em Aberto,95.0,Nordeste
CONTR_2026_02376,Vertice Asset e Cobranca,2026-02-24,63,3544.89,Em Aberto,25.0,Sudeste
CONTR_2026_02377,Vertice Asset e Cobranca,2026-02-13,117,4161.12,Acordo Firmado,51.0,Nordeste
CONTR_2026_02378,Acerta Credito Integrado,2026-01-27,90,4766.43,Em Aberto,49.0,Nordeste
CONTR_2026_02379,Vertice Asset e Cobranca,2026-03-18,97,1378.67,Acordo Firmado,8.0,Sudeste
CONTR_2026_02380,Acerta Credito Integrado,2026-03-19,72,1483.73,Acordo Firmado,94.0,Nordeste
CONTR_2026_02381,Acerta Credito Integrado,2026-04-11,130,6524.46,Em Aberto,94.0,Sudeste
CONTR_2026_02382,Acerta Credito Integrado,2026-02-23,96,4123.63,Em Aberto,91.0,Sudeste
CONTR_2026_02383,Fenix Recuperacao de Credito,2026-02-17,25,1670.11,Insucesso,35.0,Sudeste
CONTR_2026_02384,Vertice Asset e Cobranca,2026-01-30,103,3640.67,Acordo Firmado,13.0,Nordeste
CONTR_2026_02385,Vertice Asset e Cobranca,2026-02-08,82,4426.5,Em Aberto,21.0,Nordeste
CONTR_2026_02386,Nexus Mediacao Financeira,2026-04-21,85,6247.38,Em Aberto,73.0,Nordeste
CONTR_2026_02387,Vertice Asset e Cobranca,2026-01-13,119,1829.69,Em Aberto,24.0,Nordeste
CONTR_2026_02388,Nexus Mediacao Financeira,2026-01-16,92,27499.63,Acordo Firmado,48.0,Nordeste
CONTR_2026_02389,Acerta Credito Integrado,2026-02-13,141,4418.98,Em Aberto,33.0,Nordeste
CONTR_2026_02390,Nexus Mediacao Financeira,2026-03-12,93,6909.54,Insucesso,1.0,Nordeste
CONTR_2026_02391,Vertice Asset e Cobranca,2026-04-22,76,13141.7,Acordo Firmado,72.0,Sudeste
CONTR_2026_02392,Fenix Recuperacao de Credito,2026-04-29,35,1361.7,Em Aberto,3.0,Nordeste
CONTR_2026_02393,Vertice Asset e Cobranca,2026-04-29,68,5798.47,Em Aberto,14.0,Nordeste
CONTR_2026_02394,Fenix Recuperacao de Credito,2026-01-27,80,5086.51,Acordo Firmado,14.0,Sudeste
CONTR_2026_02395,Acerta Credito Integrado,2026-02-14,133,1495.6,Em Aberto,49.0,Nordeste
CONTR_2026_02396,Vertice Asset e Cobranca,2026-04-29,76,7104.99,Acordo Firmado,33.0,Nordeste
CONTR_2026_02397,Fenix Recuperacao de Credito,2026-02-04,139,2447.32,Acordo Firmado,4.0,Sul
CONTR_2026_02398,Fenix Recuperacao de Credito,2026-03-20,55,7251.32,Acordo Firmado,38.0,Nordeste
CONTR_2026_02399,Nexus Mediacao Financeira,2026-01-28,66,3452.02,Em Aberto,25.0,Nordeste
CONTR_2026_02400,Nexus Mediacao Financeira,2026-04-09,123,8551.12,Acordo Firmado,47.0,Nordeste
CONTR_2026_02401,Vertice Asset e Cobranca,2026-01-07,72,15416.04,Acordo Firmado,13.0,Sudeste
CONTR_2026_02402,Fenix Recuperacao de Credito,2026-03-03,122,11048.91,Insucesso,39.0,Nordeste
CONTR_2026_02403,Vertice Asset e Cobranca,2026-04-24,65,4494.44,Acordo Firmado,25.0,Centro-Oeste
CONTR_2026_02404,Vertice Asset e Cobranca,2026-04-20,68,2476.22,Acordo Firmado,73.0,Nordeste
CONTR_2026_02405,Nexus Mediacao Financeira,2026-04-24,109,25613.53,Em Aberto,43.0,Centro-Oeste
CONTR_2026_02406,Nexus Mediacao Financeira,2026-02-20,65,6586.68,Insucesso,38.0,Sudeste
CONTR_2026_02407,Vertice Asset e Cobranca,2026-02-15,81,3720.51,Acordo Firmado,35.0,Sudeste
CONTR_2026_02408,Fenix Recuperacao de Credito,2026-01-20,101,4484.31,Em Aberto,93.0,Nordeste
CONTR_2026_02409,Vertice Asset e Cobranca,2026-04-06,82,1885.15,Acordo Firmado,55.0,Centro-Oeste
CONTR_2026_02410,Vertice Asset e Cobranca,2026-02-07,73,4718.94,Ajuizado,50.0,Sudeste
CONTR_2026_02411,Nexus Mediacao Financeira,2026-03-02,53,2150.75,Acordo Firmado,78.0,Sudeste
CONTR_2026_02412,Fenix Recuperacao de Credito,2026-04-14,133,3476.52,Ajuizado,34.0,Sudeste
CONTR_2026_02413,Vertice Asset e Cobranca,2026-02-01,139,4584.08,Acordo Firmado,25.0,Nordeste
CONTR_2026_02414,Fenix Recuperacao de Credito,2026-01-26,99,15963.24,Acordo Firmado,42.0,Sul
CONTR_2026_02415,Nexus Mediacao Financeira,2026-02-27,83,6100.06,Acordo Firmado,92.0,Nordeste
CONTR_2026_02416,Vertice Asset e Cobranca,2026-02-08,84,3525.2,Acordo Firmado,51.0,Nordeste
CONTR_2026_02417,Vertice Asset e Cobranca,2026-01-20,114,1800.05,Em Aberto,94.0,Sudeste
CONTR_2026_02418,Fenix Recuperacao de Credito,2026-03-23,120,8075.56,Acordo Firmado,37.0,Nordeste
CONTR_2026_02419,Fenix Recuperacao de Credito,2026-02-19,73,4344.79,Insucesso,66.0,Norte
CONTR_2026_02420,Vertice Asset e Cobranca,2026-03-20,122,1552.94,Ajuizado,85.0,Nordeste
CONTR_2026_02421,Fenix Recuperacao de Credito,2026-02-21,108,6548.3,Em Aberto,34.0,Sudeste
CONTR_2026_02422,Fenix Recuperacao de Credito,2026-03-27,121,3354.73,Insucesso,83.0,Sudeste
CONTR_2026_02423,Acerta Credito Integrado,2026-04-25,41,3786.66,Insucesso,38.0,Sudeste
CONTR_2026_02424,Vertice Asset e Cobranca,2026-01-22,77,10327.22,Em Aberto,31.0,Sudeste
CONTR_2026_02425,Vertice Asset e Cobranca,2026-02-22,84,1938.49,Em Aberto,26.0,Sudeste
CONTR_2026_02426,Fenix Recuperacao de Credito,2026-03-26,75,3280.42,Acordo Firmado,76.0,Norte
CONTR_2026_02427,Fenix Recuperacao de Credito,2026-03-07,147,3460.18,Acordo Firmado,94.0,Sul
CONTR_2026_02428,Vertice Asset e Cobranca,2026-04-14,77,1216.67,Acordo Firmado,26.0,Sudeste
CONTR_2026_02429,Vertice Asset e Cobranca,2026-04-27,104,10532.27,Em Aberto,63.0,Nordeste
CONTR_2026_02430,Acerta Credito Integrado,2026-02-12,94,10218.53,Em Aberto,48.0,Centro-Oeste
CONTR_2026_02431,Nexus Mediacao Financeira,2026-03-23,9999,6621.13,Em Aberto,95.0,Sudeste
CONTR_2026_02432,Acerta Credito Integrado,2026-01-23,68,12660.25,Em Aberto,79.0,Nordeste
CONTR_2026_02433,Vertice Asset e Cobranca,2026-03-18,151,2793.36,Em Aberto,10.0,Nordeste
CONTR_2026_02434,Vertice Asset e Cobranca,2026-03-05,83,2446.35,Acordo Firmado,36.0,Sudeste
CONTR_2026_02435,Vertice Asset e Cobranca,2026-04-15,116,1554.91,Acordo Firmado,40.0,Sudeste
CONTR_2026_02436,Vertice Asset e Cobranca,2026-01-09,89,5682.6,Em Aberto,26.0,Sudeste
CONTR_2026_02437,Vertice Asset e Cobranca,2026-04-23,76,4629.42,Acordo Firmado,9.0,Sudeste
CONTR_2026_02438,Vertice Asset e Cobranca,2026-01-07,93,9514.1,Em Aberto,53.0,Nordeste
CONTR_2026_02439,Nexus Mediacao Financeira,2026-02-10,99,4482.02,Acordo Firmado,81.0,Nordeste
CONTR_2026_02440,Fenix Recuperacao de Credito,2026-02-23,75,2335.99,Em Aberto,70.0,Sudeste
CONTR_2026_02441,Nexus Mediacao Financeira,2026-03-06,67,9493.06,Em Aberto,86.0,Nordeste
CONTR_2026_02442,Nexus Mediacao Financeira,2026-01-02,104,4239.02,Em Aberto,80.0,Sudeste
CONTR_2026_02443,Acerta Credito Integrado,2026-01-04,93,16798.57,Em Aberto,86.0,Nordeste
CONTR_2026_02444,Acerta Credito Integrado,2026-03-19,70,5022.91,Acordo Firmado,53.0,Nordeste
CONTR_2026_02445,Vertice Asset e Cobranca,2026-02-01,61,1820.67,Insucesso,39.0,Nordeste
CONTR_2026_02446,Vertice Asset e Cobranca,2026-04-10,100,10719.87,Acordo Firmado,61.0,Nordeste
CONTR_2026_02447,Vertice Asset e Cobranca,2026-01-02,32,11735.52,Acordo Firmado,52.0,Nordeste
CONTR_2026_02448,Fenix Recuperacao de Credito,2026-04-14,82,4147.83,Em Aberto,68.0,Sudeste
CONTR_2026_02449,Fenix Recuperacao de Credito,2026-04-24,94,1331.68,Insucesso,51.0,Nordeste
CONTR_2026_02450,Vertice Asset e Cobranca,2026-04-25,142,1350.87,Em Aberto,73.0,Centro-Oeste
CONTR_2026_02451,Vertice Asset e Cobranca,2026-03-05,90,3362.76,Em Aberto,78.0,Sudeste
CONTR_2026_02452,Vertice Asset e Cobranca,2026-01-14,80,7498.0,Ajuizado,42.0,Sudeste
CONTR_2026_02453,Nexus Mediacao Financeira,2026-01-20,98,3210.24,Em Aberto,90.0,Nordeste
CONTR_2026_02454,Vertice Asset e Cobranca,2026-03-30,68,1238.8,Em Aberto,67.0,Centro-Oeste
CONTR_2026_02455,Nexus Mediacao Financeira,2026-04-16,83,10638.19,Acordo Firmado,96.0,Sul
CONTR_2026_02456,Fenix Recuperacao de Credito,2026-02-18,90,18525.87,Insucesso,75.0,Nordeste
CONTR_2026_02457,Vertice Asset e Cobranca,2026-01-08,108,3326.07,Em Aberto,51.0,Sul
CONTR_2026_02458,Nexus Mediacao Financeira,2026-04-02,69,1579.41,Acordo Firmado,3.0,Nordeste
CONTR_2026_02459,Vertice Asset e Cobranca,2026-03-04,89,2922.4,Acordo Firmado,13.0,Sudeste
CONTR_2026_02460,Vertice Asset e Cobranca,2026-02-15,36,9222.4,Acordo Firmado,13.0,Centro-Oeste
CONTR_2026_02461,Vertice Asset e Cobranca,2026-01-21,105,5107.25,Insucesso,61.0,Norte
CONTR_2026_02462,Acerta Credito Integrado,2026-03-28,83,3622.43,Em Aberto,24.0,Nordeste
CONTR_2026_02463,Nexus Mediacao Financeira,2026-02-01,146,3234.03,Acordo Firmado,20.0,Norte
CONTR_2026_02464,Nexus Mediacao Financeira,2026-01-08,100,1813.07,Em Aberto,51.0,Nordeste
CONTR_2026_02465,Nexus Mediacao Financeira,2026-04-05,63,3273.89,Em Aberto,87.0,Centro-Oeste
CONTR_2026_02466,Fenix Recuperacao de Credito,2026-04-11,57,4375.41,Em Aberto,97.0,Sul
CONTR_2026_02467,Vertice Asset e Cobranca,2026-01-16,109,6791.13,Ajuizado,55.0,Centro-Oeste
CONTR_2026_02468,Fenix Recuperacao de Credito,2026-02-09,143,2719.59,Em Aberto,35.0,Sudeste
CONTR_2026_02469,Vertice Asset e Cobranca,2026-04-16,134,12583.56,Acordo Firmado,78.0,Norte
CONTR_2026_02470,Nexus Mediacao Financeira,2026-01-27,53,4516.0,Insucesso,80.0,Sul
CONTR_2026_02471,Fenix Recuperacao de Credito,2026-04-14,96,3797.32,Em Aberto,30.0,Nordeste
CONTR_2026_02472,Vertice Asset e Cobranca,2026-04-15,123,5706.44,Ajuizado,83.0,Nordeste
CONTR_2026_02473,Fenix Recuperacao de Credito,2026-01-18,49,2117.35,Em Aberto,33.0,Sudeste
CONTR_2026_02474,Acerta Credito Integrado,2026-02-04,121,1763.52,Insucesso,41.0,Sudeste
CONTR_2026_02475,Nexus Mediacao Financeira,2026-04-23,68,3327.37,Ajuizado,66.0,Nordeste
CONTR_2026_02476,Acerta Credito Integrado,2026-02-21,83,1403.76,Acordo Firmado,49.0,Sudeste
CONTR_2026_02477,Fenix Recuperacao de Credito,2026-01-15,98,3570.73,Acordo Firmado,8.0,Nordeste
CONTR_2026_02478,Acerta Credito Integrado,2026-03-04,122,6765.87,Insucesso,84.0,Sudeste
CONTR_2026_02479,Fenix Recuperacao de Credito,2026-02-22,135,9559.82,Em Aberto,3.0,Sudeste
CONTR_2026_02480,Acerta Credito Integrado,2026-04-01,80,5534.68,Em Aberto,85.0,Sudeste
CONTR_2026_02481,Vertice Asset e Cobranca,2026-03-22,75,7077.4,Ajuizado,51.0,Nordeste
CONTR_2026_02482,Acerta Credito Integrado,2026-04-14,73,10152.69,Acordo Firmado,85.0,Nordeste
CONTR_2026_02483,Fenix Recuperacao de Credito,2026-03-07,113,8616.89,Ajuizado,72.0,Nordeste
CONTR_2026_02484,Fenix Recuperacao de Credito,2026-04-23,119,3128.18,Em Aberto,2.0,Nordeste
CONTR_2026_02485,Vertice Asset e Cobranca,2026-04-24,116,5459.81,Acordo Firmado,87.0,Nordeste
CONTR_2026_02486,Vertice Asset e Cobranca,2026-01-31,98,2738.43,Em Aberto,41.0,Sul
CONTR_2026_02487,Vertice Asset e Cobranca,2026-03-02,101,5494.05,Insucesso,53.0,Nordeste
CONTR_2026_02488,Acerta Credito Integrado,2026-03-05,83,3975.64,Acordo Firmado,75.0,Nordeste
CONTR_2026_02489,Nexus Mediacao Financeira,2026-04-11,85,3532.44,Ajuizado,16.0,Sul
CONTR_2026_02490,Vertice Asset e Cobranca,2026-04-15,115,2214.03,Acordo Firmado,9.0,Nordeste
CONTR_2026_02491,Vertice Asset e Cobranca,2026-04-15,97,5324.86,Em Aberto,51.0,Nordeste
CONTR_2026_02492,Fenix Recuperacao de Credito,2026-04-08,75,7734.02,Insucesso,39.0,Sudeste
CONTR_2026_02493,Acerta Credito Integrado,2026-02-03,122,5434.75,Acordo Firmado,64.0,Sudeste
CONTR_2026_02494,Vertice Asset e Cobranca,2026-04-25,71,1558.7,Insucesso,36.0,Nordeste
CONTR_2026_02495,Nexus Mediacao Financeira,2026-02-24,94,14106.67,Ajuizado,23.0,Sudeste
CONTR_2026_02496,Vertice Asset e Cobranca,2026-02-28,52,1227.53,Em Aberto,47.0,Sudeste
CONTR_2026_02497,Nexus Mediacao Financeira,2026-01-03,61,12016.63,Acordo Firmado,49.0,Sudeste
CONTR_2026_02498,Acerta Credito Integrado,2026-01-17,90,8463.74,Ajuizado,55.0,Centro-Oeste
CONTR_2026_02499,Vertice Asset e Cobranca,2026-03-19,69,1707.71,Insucesso,94.0,Nordeste
CONTR_2026_02500,Vertice Asset e Cobranca,2026-03-19,83,2549.63,Acordo Firmado,51.0,Sudeste
CONTR_2026_02501,Acerta Credito Integrado,2026-02-15,126,3345.98,Ajuizado,63.0,Norte
CONTR_2026_02502,Acerta Credito Integrado,2026-02-07,86,13256.47,Insucesso,95.0,Sudeste
CONTR_2026_02503,Nexus Mediacao Financeira,2026-02-04,116,20741.7,Ajuizado,26.0,Sudeste
CONTR_2026_02504,Vertice Asset e Cobranca,2026-01-01,66,1656.02,Insucesso,48.0,Centro-Oeste
CONTR_2026_02505,Fenix Recuperacao de Credito,2026-04-22,106,3728.63,Acordo Firmado,30.0,Norte
CONTR_2026_02506,Fenix Recuperacao de Credito,2026-01-29,59,2008.37,Em Aberto,2.0,Nordeste
CONTR_2026_02507,Acerta Credito Integrado,2026-01-04,82,2831.67,Insucesso,29.0,Sul
CONTR_2026_02508,Vertice Asset e Cobranca,2026-03-02,107,21035.12,Acordo Firmado,54.0,Sudeste
CONTR_2026_02509,Acerta Credito Integrado,2026-04-07,90,22010.8,Em Aberto,32.0,Nordeste
CONTR_2026_02510,Acerta Credito Integrado,2026-01-17,118,4394.6,Insucesso,38.0,Sudeste
CONTR_2026_02511,Fenix Recuperacao de Credito,2026-01-28,110,2211.43,Acordo Firmado,21.0,Sul
CONTR_2026_02512,Acerta Credito Integrado,2026-02-19,80,5159.52,Em Aberto,27.0,Nordeste
CONTR_2026_02513,Vertice Asset e Cobranca,2026-03-31,128,3133.35,Em Aberto,88.0,Nordeste
CONTR_2026_02514,Nexus Mediacao Financeira,2026-01-08,103,14413.48,Insucesso,34.0,Sudeste
CONTR_2026_02515,Nexus Mediacao Financeira,2026-02-03,82,9724.63,Insucesso,51.0,Sul
CONTR_2026_02516,Fenix Recuperacao de Credito,2026-02-28,94,3046.92,Em Aberto,78.0,Sudeste
CONTR_2026_02517,Fenix Recuperacao de Credito,2026-01-18,92,1292.39,Acordo Firmado,39.0,Sudeste
CONTR_2026_02518,Vertice Asset e Cobranca,2026-04-05,96,32396.13,Em Aberto,69.0,Centro-Oeste
CONTR_2026_02519,Nexus Mediacao Financeira,2026-02-28,85,6949.7,Ajuizado,73.0,Sudeste
CONTR_2026_02520,Acerta Credito Integrado,2026-01-27,101,3973.26,Acordo Firmado,45.0,Sul
CONTR_2026_02521,Nexus Mediacao Financeira,2026-01-16,113,2901.59,Em Aberto,63.0,Sudeste
CONTR_2026_02522,Fenix Recuperacao de Credito,2026-01-10,102,1222.17,Acordo Firmado,8.0,Centro-Oeste
CONTR_2026_02523,Vertice Asset e Cobranca,2026-04-14,101,2035.94,Acordo Firmado,7.0,Sul
CONTR_2026_02524,Vertice Asset e Cobranca,2026-03-17,86,1229.44,Acordo Firmado,30.0,Sudeste
CONTR_2026_02525,Acerta Credito Integrado,2026-01-22,63,5751.35,Acordo Firmado,12.0,Sudeste
CONTR_2026_02526,Vertice Asset e Cobranca,2026-01-16,56,6643.46,Acordo Firmado,20.0,Nordeste
CONTR_2026_02527,Fenix Recuperacao de Credito,2026-01-12,68,8479.21,Em Aberto,64.0,Sul
CONTR_2026_02528,Vertice Asset e Cobranca,2026-03-16,77,2235.12,Insucesso,29.0,Centro-Oeste
CONTR_2026_02529,Fenix Recuperacao de Credito,2026-03-25,140,1704.47,Em Aberto,55.0,Nordeste
CONTR_2026_02530,Vertice Asset e Cobranca,2026-02-20,127,6455.67,Ajuizado,12.0,Nordeste
CONTR_2026_02531,Nexus Mediacao Financeira,2026-01-01,72,4664.68,Em Aberto,84.0,Sul
CONTR_2026_02532,Acerta Credito Integrado,2026-01-27,103,11624.72,Em Aberto,22.0,Sudeste
CONTR_2026_02533,Vertice Asset e Cobranca,2026-03-08,87,5009.98,Acordo Firmado,23.0,Sul
CONTR_2026_02534,Fenix Recuperacao de Credito,2026-01-12,97,4142.33,Acordo Firmado,48.0,Sudeste
CONTR_2026_02535,Acerta Credito Integrado,2026-01-30,73,4547.42,Acordo Firmado,45.0,Sudeste
CONTR_2026_02536,Acerta Credito Integrado,2026-01-09,157,8823.69,Acordo Firmado,26.0,Sul
CONTR_2026_02537,Acerta Credito Integrado,2026-02-22,145,1292.37,Acordo Firmado,28.0,Sudeste
CONTR_2026_02538,Fenix Recuperacao de Credito,2026-03-02,81,13718.09,Acordo Firmado,55.0,Sudeste
CONTR_2026_02539,Acerta Credito Integrado,2026-02-23,72,7462.12,Insucesso,73.0,Sul
CONTR_2026_02540,Acerta Credito Integrado,2026-02-06,117,12026.73,Em Aberto,69.0,Nordeste
CONTR_2026_02541,Nexus Mediacao Financeira,2026-03-06,53,17244.5,Em Aberto,51.0,Sudeste
CONTR_2026_02542,Acerta Credito Integrado,2026-02-11,115,2480.94,Ajuizado,28.0,Nordeste
CONTR_2026_02543,Acerta Credito Integrado,2026-02-18,93,5517.79,Em Aberto,77.0,Nordeste
CONTR_2026_02544,Nexus Mediacao Financeira,2026-01-04,46,4528.09,Ajuizado,79.0,Sul
CONTR_2026_02545,Fenix Recuperacao de Credito,2026-03-05,85,5056.83,Em Aberto,53.0,Sudeste
CONTR_2026_02546,Vertice Asset e Cobranca,2026-03-20,70,1442.22,Insucesso,14.0,Centro-Oeste
CONTR_2026_02547,Fenix Recuperacao de Credito,2026-02-20,94,13466.21,Em Aberto,46.0,Sudeste
CONTR_2026_02548,Vertice Asset e Cobranca,2026-04-01,91,16670.5,Acordo Firmado,78.0,Nordeste
CONTR_2026_02549,Vertice Asset e Cobranca,2026-03-13,49,6977.89,Em Aberto,67.0,Sudeste
CONTR_2026_02550,Fenix Recuperacao de Credito,2026-03-01,79,2693.9,Acordo Firmado,74.0,Nordeste
CONTR_2026_02551,Vertice Asset e Cobranca,2026-03-28,107,8937.16,Acordo Firmado,70.0,Centro-Oeste
CONTR_2026_02552,Fenix Recuperacao de Credito,2026-03-20,112,7762.37,Insucesso,20.0,Sudeste
CONTR_2026_02553,Acerta Credito Integrado,2026-04-01,79,5473.51,Em Aberto,35.0,Sudeste
CONTR_2026_02554,Fenix Recuperacao de Credito,2026-01-31,103,2133.09,Em Aberto,48.0,Sudeste
CONTR_2026_02555,Fenix Recuperacao de Credito,2026-04-13,97,2323.09,Em Aberto,43.0,Sudeste
CONTR_2026_02556,Vertice Asset e Cobranca,2026-04-21,88,5650.74,Em Aberto,20.0,Nordeste
CONTR_2026_02557,Nexus Mediacao Financeira,2026-03-13,103,1889.56,Em Aberto,56.0,Sudeste
CONTR_2026_02558,Vertice Asset e Cobranca,2026-04-04,62,7635.5,Em Aberto,3.0,Sudeste
CONTR_2026_02559,Fenix Recuperacao de Credito,2026-02-27,90,2395.1,Em Aberto,68.0,Sudeste
CONTR_2026_02560,Nexus Mediacao Financeira,2026-04-29,41,13266.46,Em Aberto,11.0,Sudeste
CONTR_2026_02561,Acerta Credito Integrado,2026-04-16,88,12699.2,Em Aberto,62.0,Sul
CONTR_2026_02562,Acerta Credito Integrado,2026-03-23,132,2937.9,Em Aberto,61.0,Sudeste
CONTR_2026_02563,Fenix Recuperacao de Credito,2026-01-04,80,1635.35,Insucesso,95.0,Sudeste
CONTR_2026_02564,Fenix Recuperacao de Credito,2026-04-21,129,5926.23,Em Aberto,51.0,Nordeste
CONTR_2026_02565,Vertice Asset e Cobranca,2026-04-17,80,4174.79,Insucesso,29.0,Sudeste
CONTR_2026_02566,Vertice Asset e Cobranca,2026-01-22,57,1975.72,Em Aberto,38.0,Nordeste
CONTR_2026_02567,Fenix Recuperacao de Credito,2026-01-03,109,4990.9,Em Aberto,84.0,Sudeste
CONTR_2026_02568,Vertice Asset e Cobranca,2026-03-20,103,25816.04,Em Aberto,88.0,Sul
CONTR_2026_02569,Acerta Credito Integrado,2026-04-09,159,1557.39,Insucesso,87.0,Nordeste
CONTR_2026_02570,Fenix Recuperacao de Credito,2026-02-16,60,2731.92,Insucesso,22.0,Sul
CONTR_2026_02571,Vertice Asset e Cobranca,2026-02-07,100,5067.6,Em Aberto,86.0,Sudeste
CONTR_2026_02572,Fenix Recuperacao de Credito,2026-02-02,101,9083.92,Em Aberto,41.0,Nordeste
CONTR_2026_02573,Vertice Asset e Cobranca,2026-03-19,121,1294.7,Ajuizado,84.0,Norte
CONTR_2026_02574,Vertice Asset e Cobranca,2026-02-17,105,7798.04,Insucesso,63.0,Nordeste
CONTR_2026_02575,Fenix Recuperacao de Credito,2026-03-06,81,1953.44,Acordo Firmado,38.0,Nordeste
CONTR_2026_02576,Nexus Mediacao Financeira,2026-04-27,57,10079.81,Insucesso,50.0,Sudeste
CONTR_2026_02577,Vertice Asset e Cobranca,2026-04-23,100,7091.14,Insucesso,7.0,Norte
CONTR_2026_02578,Nexus Mediacao Financeira,2026-01-26,101,4248.73,Ajuizado,24.0,Sudeste
CONTR_2026_02579,Vertice Asset e Cobranca,2026-01-08,108,9818.17,Em Aberto,46.0,Centro-Oeste
CONTR_2026_02580,Nexus Mediacao Financeira,2026-02-19,81,7803.44,Em Aberto,25.0,Sudeste
CONTR_2026_02581,Fenix Recuperacao de Credito,2026-03-21,98,8318.61,Acordo Firmado,78.0,Nordeste
CONTR_2026_02582,Acerta Credito Integrado,2026-02-07,43,2912.97,Em Aberto,29.0,Sudeste
CONTR_2026_02583,Nexus Mediacao Financeira,2026-01-10,59,6030.28,Em Aberto,67.0,Nordeste
CONTR_2026_02584,Vertice Asset e Cobranca,2026-02-11,118,1960.55,Em Aberto,93.0,Nordeste
CONTR_2026_02585,Nexus Mediacao Financeira,2026-02-06,95,9797.96,Acordo Firmado,80.0,Nordeste
CONTR_2026_02586,Nexus Mediacao Financeira,2026-01-26,104,4940.57,Acordo Firmado,85.0,Nordeste
CONTR_2026_02587,Fenix Recuperacao de Credito,2026-04-02,72,9911.52,Em Aberto,22.0,Nordeste
CONTR_2026_02588,Nexus Mediacao Financeira,2026-01-12,68,2385.94,Insucesso,85.0,Sudeste
CONTR_2026_02589,Fenix Recuperacao de Credito,2026-03-25,77,1898.27,Em Aberto,86.0,Nordeste
CONTR_2026_02590,Acerta Credito Integrado,2026-02-18,97,7039.31,Insucesso,9.0,Nordeste
CONTR_2026_02591,Acerta Credito Integrado,2026-01-14,110,1500.86,Acordo Firmado,87.0,Nordeste
CONTR_2026_02592,Acerta Credito Integrado,2026-02-15,82,2598.48,Em Aberto,49.0,Norte
CONTR_2026_02593,Nexus Mediacao Financeira,2026-02-04,40,13168.77,Ajuizado,73.0,Sudeste
CONTR_2026_02594,Nexus Mediacao Financeira,2026-01-29,102,1912.19,Em Aberto,96.0,Sudeste
CONTR_2026_02595,Fenix Recuperacao de Credito,2026-01-12,98,3554.47,Em Aberto,36.0,Sudeste
CONTR_2026_02596,Acerta Credito Integrado,2026-04-26,104,15755.38,Em Aberto,100.0,Sudeste
CONTR_2026_02597,Vertice Asset e Cobranca,2026-03-23,115,1301.03,Acordo Firmado,5.0,Nordeste
CONTR_2026_02598,Vertice Asset e Cobranca,2026-02-13,113,4146.78,Insucesso,90.0,Sudeste
CONTR_2026_02599,Vertice Asset e Cobranca,2026-03-07,130,8919.64,Insucesso,4.0,Sul
CONTR_2026_02600,Fenix Recuperacao de Credito,2026-01-02,90,13183.4,Ajuizado,24.0,Sudeste
CONTR_2026_02601,Nexus Mediacao Financeira,2026-02-28,77,7851.02,Acordo Firmado,41.0,Centro-Oeste
CONTR_2026_02602,Fenix Recuperacao de Credito,2026-01-17,121,12163.8,Acordo Firmado,14.0,Nordeste
CONTR_2026_02603,Acerta Credito Integrado,2026-01-10,117,1374.86,Em Aberto,91.0,Sul
CONTR_2026_02604,Vertice Asset e Cobranca,2026-01-18,83,1726.11,Em Aberto,12.0,Sudeste
CONTR_2026_02605,Fenix Recuperacao de Credito,2026-01-22,123,7891.84,Ajuizado,82.0,Sudeste
CONTR_2026_02606,Nexus Mediacao Financeira,2026-03-24,92,8198.48,Insucesso,44.0,Sudeste
CONTR_2026_02607,Fenix Recuperacao de Credito,2026-02-27,128,5847.78,Insucesso,9.0,Nordeste
CONTR_2026_02608,Vertice Asset e Cobranca,2026-02-22,141,7751.79,Insucesso,66.0,Sudeste
CONTR_2026_02609,Acerta Credito Integrado,2026-01-01,169,10961.51,Em Aberto,38.0,Sudeste
CONTR_2026_02610,Fenix Recuperacao de Credito,2026-03-29,91,5142.59,Em Aberto,96.0,Nordeste
CONTR_2026_02611,Acerta Credito Integrado,2026-03-02,132,15918.01,Insucesso,77.0,Nordeste
CONTR_2026_02612,Fenix Recuperacao de Credito,2026-04-10,115,7124.74,Ajuizado,57.0,Sudeste
CONTR_2026_02613,Fenix Recuperacao de Credito,2026-03-30,118,4393.13,Em Aberto,47.0,Nordeste
CONTR_2026_02614,Acerta Credito Integrado,2026-04-10,102,3936.74,Ajuizado,55.0,Sudeste
CONTR_2026_02615,Vertice Asset e Cobranca,2026-01-31,118,8134.81,Em Aberto,88.0,Nordeste
CONTR_2026_02616,Fenix Recuperacao de Credito,2026-01-31,48,6177.61,Acordo Firmado,2.0,Centro-Oeste
CONTR_2026_02617,Vertice Asset e Cobranca,2026-03-07,89,9703.47,Insucesso,83.0,Nordeste
CONTR_2026_02618,Vertice Asset e Cobranca,2026-01-19,70,8793.1,Insucesso,18.0,Nordeste
CONTR_2026_02619,Acerta Credito Integrado,2026-02-22,67,4913.82,Ajuizado,66.0,Sudeste
CONTR_2026_02620,Vertice Asset e Cobranca,2026-03-17,46,15766.32,Em Aberto,90.0,Nordeste
CONTR_2026_02621,Acerta Credito Integrado,2026-03-15,74,7291.33,Em Aberto,57.0,Sudeste
CONTR_2026_02622,Acerta Credito Integrado,2026-04-05,84,2320.97,Em Aberto,64.0,Nordeste
CONTR_2026_02623,Vertice Asset e Cobranca,2026-04-19,95,6018.05,Acordo Firmado,88.0,Sudeste
CONTR_2026_02624,Fenix Recuperacao de Credito,2026-01-22,-999,2327.06,Em Aberto,27.0,Nordeste
CONTR_2026_02625,Vertice Asset e Cobranca,2026-01-23,121,5291.84,Acordo Firmado,53.0,Sul
CONTR_2026_02626,Vertice Asset e Cobranca,2026-04-26,63,9001.68,Acordo Firmado,59.0,Sul
CONTR_2026_02627,Fenix Recuperacao de Credito,2026-03-28,31,9570.02,Em Aberto,29.0,Centro-Oeste
CONTR_2026_02628,Nexus Mediacao Financeira,2026-01-15,105,6460.91,Insucesso,72.0,Nordeste
CONTR_2026_02629,Vertice Asset e Cobranca,2026-01-26,88,8846.35,Em Aberto,95.0,Sudeste
CONTR_2026_02630,Vertice Asset e Cobranca,2026-01-03,87,4395.53,Insucesso,98.0,Sul
CONTR_2026_02631,Nexus Mediacao Financeira,2026-03-28,68,5199.83,Em Aberto,14.0,Centro-Oeste
CONTR_2026_02632,Acerta Credito Integrado,2026-01-20,117,11784.97,Insucesso,68.0,Sudeste
CONTR_2026_02633,Fenix Recuperacao de Credito,2026-04-19,77,4597.02,Acordo Firmado,51.0,Norte
CONTR_2026_02634,Fenix Recuperacao de Credito,2026-02-09,63,3361.07,Acordo Firmado,29.0,Nordeste
CONTR_2026_02635,Acerta Credito Integrado,2026-02-08,140,9172.56,Acordo Firmado,57.0,Sudeste
CONTR_2026_02636,Nexus Mediacao Financeira,2026-04-30,110,1458.96,Ajuizado,33.0,Nordeste
CONTR_2026_02637,Vertice Asset e Cobranca,2026-03-13,88,17093.11,Acordo Firmado,21.0,Nordeste
CONTR_2026_02638,Acerta Credito Integrado,2026-01-18,16,3278.07,Em Aberto,41.0,Nordeste
CONTR_2026_02639,Vertice Asset e Cobranca,2026-02-10,82,6166.08,Em Aberto,1.0,Sudeste
CONTR_2026_02640,Acerta Credito Integrado,2026-03-11,89,6983.14,Em Aberto,27.0,Sudeste
CONTR_2026_02641,Vertice Asset e Cobranca,2026-01-27,133,1937.16,Acordo Firmado,2.0,Nordeste
CONTR_2026_02642,Fenix Recuperacao de Credito,2026-04-10,37,9854.08,Acordo Firmado,64.0,Nordeste
CONTR_2026_02643,Acerta Credito Integrado,2026-01-15,136,5444.48,Em Aberto,51.0,Centro-Oeste
CONTR_2026_02644,Nexus Mediacao Financeira,2026-02-06,103,3186.95,Em Aberto,54.0,Nordeste
CONTR_2026_02645,Fenix Recuperacao de Credito,2026-02-27,53,10708.51,Acordo Firmado,74.0,Nordeste
CONTR_2026_02646,Vertice Asset e Cobranca,2026-01-05,117,6105.22,Em Aberto,74.0,Nordeste
CONTR_2026_02647,Vertice Asset e Cobranca,2026-04-13,82,8903.72,Insucesso,30.0,Nordeste
CONTR_2026_02648,Nexus Mediacao Financeira,2026-03-14,40,25539.03,Insucesso,1.0,Nordeste
CONTR_2026_02649,Vertice Asset e Cobranca,2026-01-07,76,1897.9,Ajuizado,95.0,Nordeste
CONTR_2026_02650,Vertice Asset e Cobranca,2026-02-10,97,8123.41,Em Aberto,99.0,Nordeste
CONTR_2026_02651,Fenix Recuperacao de Credito,2026-03-25,91,8287.3,Acordo Firmado,29.0,Sudeste
CONTR_2026_02652,Vertice Asset e Cobranca,2026-01-10,109,11584.81,Em Aberto,13.0,Sul
CONTR_2026_02653,Vertice Asset e Cobranca,2026-03-03,122,3821.8,Em Aberto,73.0,Nordeste
CONTR_2026_02654,Fenix Recuperacao de Credito,2026-01-26,57,11387.71,Acordo Firmado,43.0,Nordeste
CONTR_2026_02655,Acerta Credito Integrado,2026-03-09,89,6306.63,Acordo Firmado,41.0,Sul
CONTR_2026_02656,Vertice Asset e Cobranca,2026-04-12,71,1556.26,Ajuizado,75.0,Nordeste
CONTR_2026_02657,Acerta Credito Integrado,2026-01-24,52,1360.12,Em Aberto,88.0,Sul
CONTR_2026_02658,Acerta Credito Integrado,2026-03-19,88,4483.94,Acordo Firmado,89.0,Sudeste
CONTR_2026_02659,Fenix Recuperacao de Credito,2026-02-10,102,8904.97,Em Aberto,58.0,Centro-Oeste
CONTR_2026_02660,Nexus Mediacao Financeira,2026-03-06,104,3624.42,Acordo Firmado,77.0,Nordeste
CONTR_2026_02661,Vertice Asset e Cobranca,2026-01-17,78,10747.05,Acordo Firmado,14.0,Sul
CONTR_2026_02662,Acerta Credito Integrado,2026-04-19,59,4587.57,Insucesso,41.0,Sudeste
CONTR_2026_02663,Fenix Recuperacao de Credito,2026-01-24,70,1333.2,Ajuizado,67.0,Sudeste
CONTR_2026_02664,Nexus Mediacao Financeira,2026-01-27,33,19384.29,Insucesso,54.0,Nordeste
CONTR_2026_02665,Nexus Mediacao Financeira,2026-01-07,54,4562.92,Acordo Firmado,6.0,Nordeste
CONTR_2026_02666,Vertice Asset e Cobranca,2026-03-14,56,6451.05,Acordo Firmado,46.0,Sul
CONTR_2026_02667,Fenix Recuperacao de Credito,2026-04-17,115,2311.28,Ajuizado,77.0,Nordeste
CONTR_2026_02668,Nexus Mediacao Financeira,2026-04-09,115,2964.34,Acordo Firmado,1.0,Sudeste
CONTR_2026_02669,Acerta Credito Integrado,2026-01-12,153,4511.0,Ajuizado,29.0,Nordeste
CONTR_2026_02670,Vertice Asset e Cobranca,2026-03-26,97,10896.28,Insucesso,78.0,Sudeste
CONTR_2026_02671,Nexus Mediacao Financeira,2026-01-03,75,1737.67,Acordo Firmado,76.0,Nordeste
CONTR_2026_02672,Vertice Asset e Cobranca,2026-03-20,90,8778.36,Em Aberto,26.0,Sudeste
CONTR_2026_02673,Acerta Credito Integrado,2026-03-26,84,5529.78,Em Aberto,58.0,Sul
CONTR_2026_02674,Fenix Recuperacao de Credito,2026-01-10,71,4662.39,Em Aberto,87.0,Nordeste
CONTR_2026_02675,Acerta Credito Integrado,2026-02-02,99,11661.13,Ajuizado,3.0,Centro-Oeste
CONTR_2026_02676,Vertice Asset e Cobranca,2026-02-15,95,1828.5,Insucesso,60.0,Nordeste
CONTR_2026_02677,Vertice Asset e Cobranca,2026-02-28,87,24617.9,Acordo Firmado,14.0,Sudeste
CONTR_2026_02678,Fenix Recuperacao de Credito,2026-02-21,81,10842.48,Em Aberto,98.0,Nordeste
CONTR_2026_02679,Fenix Recuperacao de Credito,2026-01-06,108,3170.67,Acordo Firmado,23.0,Sudeste
CONTR_2026_02680,Nexus Mediacao Financeira,2026-01-02,73,4203.54,Insucesso,62.0,Sudeste
CONTR_2026_02681,Vertice Asset e Cobranca,2026-01-29,77,1326.61,Em Aberto,10.0,Sudeste
CONTR_2026_02682,Acerta Credito Integrado,2026-04-29,104,4949.7,Em Aberto,51.0,Centro-Oeste
CONTR_2026_02683,Fenix Recuperacao de Credito,2026-02-09,120,5167.26,Ajuizado,39.0,Centro-Oeste
CONTR_2026_02684,Vertice Asset e Cobranca,2026-04-07,117,14257.5,Acordo Firmado,74.0,Nordeste
CONTR_2026_02685,Vertice Asset e Cobranca,2026-03-02,82,3654.51,Acordo Firmado,88.0,Nordeste
CONTR_2026_02686,Fenix Recuperacao de Credito,2026-03-09,52,5427.04,Ajuizado,34.0,Centro-Oeste
CONTR_2026_02687,Fenix Recuperacao de Credito,2026-03-09,81,7947.25,Ajuizado,88.0,Nordeste
CONTR_2026_02688,Vertice Asset e Cobranca,2026-01-29,92,5889.06,Acordo Firmado,25.0,Centro-Oeste
CONTR_2026_02689,Vertice Asset e Cobranca,2026-04-11,56,2049.04,Insucesso,52.0,Nordeste
CONTR_2026_02690,Vertice Asset e Cobranca,2026-03-03,80,2142.6,Acordo Firmado,15.0,Norte
CONTR_2026_02691,Nexus Mediacao Financeira,2026-03-01,126,1944.47,Acordo Firmado,12.0,Nordeste
CONTR_2026_02692,Nexus Mediacao Financeira,2026-03-25,94,2427.77,Ajuizado,1.0,Nordeste
CONTR_2026_02693,Fenix Recuperacao de Credito,2026-02-10,73,3189.94,Acordo Firmado,9.0,Sudeste
CONTR_2026_02694,Vertice Asset e Cobranca,2026-03-28,90,7928.98,Acordo Firmado,59.0,Sudeste
CONTR_2026_02695,Vertice Asset e Cobranca,2026-04-19,92,1514.3,Acordo Firmado,14.0,Sudeste
CONTR_2026_02696,Nexus Mediacao Financeira,2026-03-23,78,9786.37,Em Aberto,31.0,Sudeste
CONTR_2026_02697,Nexus Mediacao Financeira,2026-04-23,113,2722.19,Em Aberto,88.0,Sul
CONTR_2026_02698,Vertice Asset e Cobranca,2026-03-30,35,5952.13,Insucesso,53.0,Sul
CONTR_2026_02699,Acerta Credito Integrado,2026-03-06,104,5223.39,Em Aberto,63.0,Centro-Oeste
CONTR_2026_02700,Acerta Credito Integrado,2026-04-28,72,2036.31,Ajuizado,10.0,Nordeste
CONTR_2026_02701,Nexus Mediacao Financeira,2026-03-05,121,2893.45,Ajuizado,43.0,Nordeste
CONTR_2026_02702,Vertice Asset e Cobranca,2026-03-20,51,2954.32,Em Aberto,18.0,Sudeste
CONTR_2026_02703,Fenix Recuperacao de Credito,2026-03-04,118,6088.58,Acordo Firmado,67.0,Sul
CONTR_2026_02704,Fenix Recuperacao de Credito,2026-04-08,66,8967.66,Em Aberto,59.0,Nordeste
CONTR_2026_02705,Acerta Credito Integrado,2026-02-17,99,29181.75,Em Aberto,76.0,Nordeste
CONTR_2026_02706,Acerta Credito Integrado,2026-01-20,76,1704.06,Insucesso,99.0,Centro-Oeste
CONTR_2026_02707,Fenix Recuperacao de Credito,2026-04-28,123,15157.17,Em Aberto,23.0,Nordeste
CONTR_2026_02708,Vertice Asset e Cobranca,2026-02-06,84,5322.27,Em Aberto,86.0,Sudeste
CONTR_2026_02709,Fenix Recuperacao de Credito,2026-03-05,68,3406.25,Acordo Firmado,75.0,Nordeste
CONTR_2026_02710,Vertice Asset e Cobranca,2026-04-01,131,2874.39,Em Aberto,46.0,Sul
CONTR_2026_02711,Acerta Credito Integrado,2026-03-27,81,2372.54,Acordo Firmado,49.0,Centro-Oeste
CONTR_2026_02712,Nexus Mediacao Financeira,2026-04-25,105,5271.77,Em Aberto,23.0,Nordeste
CONTR_2026_02713,Vertice Asset e Cobranca,2026-01-05,118,15795.42,Em Aberto,12.0,Sudeste
CONTR_2026_02714,Vertice Asset e Cobranca,2026-02-03,63,2205.42,Acordo Firmado,29.0,Sul
CONTR_2026_02715,Fenix Recuperacao de Credito,2026-02-08,102,4064.99,Em Aberto,89.0,Sudeste
CONTR_2026_02716,Vertice Asset e Cobranca,2026-03-08,106,2339.83,Em Aberto,88.0,Sudeste
CONTR_2026_02717,Nexus Mediacao Financeira,2026-03-22,43,2165.68,Acordo Firmado,59.0,Sudeste
CONTR_2026_02718,Vertice Asset e Cobranca,2026-03-03,99,11277.34,Em Aberto,53.0,Sudeste
CONTR_2026_02719,Acerta Credito Integrado,2026-03-29,79,2718.8,Ajuizado,68.0,Norte
CONTR_2026_02720,Fenix Recuperacao de Credito,2026-01-24,138,2624.91,Em Aberto,63.0,Nordeste
CONTR_2026_02721,Acerta Credito Integrado,2026-01-03,115,13228.2,Insucesso,29.0,Nordeste
CONTR_2026_02722,Acerta Credito Integrado,2026-04-19,103,3639.13,Acordo Firmado,3.0,Norte
CONTR_2026_02723,Acerta Credito Integrado,2026-03-12,28,1243.77,Insucesso,95.0,Nordeste
CONTR_2026_02724,Vertice Asset e Cobranca,2026-03-30,103,7586.05,Acordo Firmado,89.0,Sul
CONTR_2026_02725,Vertice Asset e Cobranca,2026-04-30,67,4838.82,Em Aberto,37.0,Centro-Oeste
CONTR_2026_02726,Vertice Asset e Cobranca,2026-03-08,116,8639.01,Em Aberto,63.0,Nordeste
CONTR_2026_02727,Fenix Recuperacao de Credito,2026-03-20,85,5423.28,Insucesso,23.0,Sudeste
CONTR_2026_02728,Fenix Recuperacao de Credito,2026-04-03,74,3363.67,Acordo Firmado,49.0,Nordeste
CONTR_2026_02729,Fenix Recuperacao de Credito,2026-02-19,76,1544.42,Em Aberto,86.0,Sudeste
CONTR_2026_02730,Vertice Asset e Cobranca,2026-01-29,78,11247.21,Acordo Firmado,93.0,Sudeste
CONTR_2026_02731,Acerta Credito Integrado,2026-03-15,49,2360.19,Em Aberto,100.0,Sudeste
CONTR_2026_02732,Vertice Asset e Cobranca,2026-02-01,53,18962.66,Acordo Firmado,77.0,Nordeste
CONTR_2026_02733,Fenix Recuperacao de Credito,2026-03-28,79,2610.72,Ajuizado,3.0,Sudeste
CONTR_2026_02734,Vertice Asset e Cobranca,2026-02-08,136,9973.35,Em Aberto,22.0,Sudeste
CONTR_2026_02735,Fenix Recuperacao de Credito,2026-01-09,111,8973.52,Em Aberto,36.0,Sudeste
CONTR_2026_02736,Acerta Credito Integrado,2026-04-11,114,4306.43,Acordo Firmado,10.0,Sul
CONTR_2026_02737,Vertice Asset e Cobranca,2026-04-26,125,3768.35,Acordo Firmado,9.0,Norte
CONTR_2026_02738,Nexus Mediacao Financeira,2026-04-14,98,7274.49,Em Aberto,56.0,Sul
CONTR_2026_02739,Vertice Asset e Cobranca,2026-01-14,76,4959.74,Em Aberto,55.0,Nordeste
CONTR_2026_02740,Fenix Recuperacao de Credito,2026-03-09,77,6197.79,Em Aberto,19.0,Nordeste
CONTR_2026_02741,Vertice Asset e Cobranca,2026-03-05,65,4376.42,Ajuizado,72.0,Nordeste
CONTR_2026_02742,Fenix Recuperacao de Credito,2026-01-20,-999,5272.67,Em Aberto,33.0,Sudeste
CONTR_2026_02743,Fenix Recuperacao de Credito,2026-01-28,61,2248.36,Insucesso,20.0,Sul
CONTR_2026_02744,Fenix Recuperacao de Credito,2026-01-14,152,1484.95,Em Aberto,94.0,Nordeste
CONTR_2026_02745,Nexus Mediacao Financeira,2026-02-13,62,3399.69,Em Aberto,35.0,Nordeste
CONTR_2026_02746,Acerta Credito Integrado,2026-04-08,126,4335.5,Acordo Firmado,31.0,Nordeste
CONTR_2026_02747,Nexus Mediacao Financeira,2026-03-18,126,13023.88,Acordo Firmado,83.0,Sudeste
CONTR_2026_02748,Fenix Recuperacao de Credito,2026-04-05,108,3871.66,Acordo Firmado,50.0,Centro-Oeste
CONTR_2026_02749,Acerta Credito Integrado,2026-04-07,138,4045.09,Acordo Firmado,51.0,Sudeste
CONTR_2026_02750,Nexus Mediacao Financeira,2026-04-26,84,6817.06,Ajuizado,78.0,Sudeste
CONTR_2026_02751,Vertice Asset e Cobranca,2026-02-08,93,2358.31,Ajuizado,10.0,Sudeste
CONTR_2026_02752,Nexus Mediacao Financeira,2026-01-28,96,11464.57,Em Aberto,67.0,Sul
CONTR_2026_02753,Vertice Asset e Cobranca,2026-03-05,107,3989.94,Ajuizado,51.0,Sul
CONTR_2026_02754,Vertice Asset e Cobranca,2026-03-30,35,14552.83,Acordo Firmado,51.0,Nordeste
CONTR_2026_02755,Fenix Recuperacao de Credito,2026-02-01,86,2782.25,Insucesso,92.0,Sudeste
CONTR_2026_02756,Vertice Asset e Cobranca,2026-01-09,115,4332.98,Ajuizado,83.0,Sudeste
CONTR_2026_02757,Vertice Asset e Cobranca,2026-01-28,78,8729.02,Em Aberto,39.0,Centro-Oeste
CONTR_2026_02758,Acerta Credito Integrado,2026-04-05,148,5258.83,Acordo Firmado,90.0,Nordeste
CONTR_2026_02759,Acerta Credito Integrado,2026-01-17,93,6612.4,Em Aberto,68.0,Centro-Oeste
CONTR_2026_02760,Fenix Recuperacao de Credito,2026-04-27,105,2847.36,Em Aberto,12.0,Sudeste
CONTR_2026_02761,Fenix Recuperacao de Credito,2026-03-28,136,3190.9,Em Aberto,26.0,Nordeste
CONTR_2026_02762,Fenix Recuperacao de Credito,2026-03-18,93,4742.46,Ajuizado,71.0,Nordeste
CONTR_2026_02763,Nexus Mediacao Financeira,2026-02-24,136,2331.24,Em Aberto,67.0,Nordeste
CONTR_2026_02764,Vertice Asset e Cobranca,2026-01-10,107,1875.13,Acordo Firmado,90.0,Norte
CONTR_2026_02765,Fenix Recuperacao de Credito,2026-03-21,107,10483.17,Ajuizado,2.0,Nordeste
CONTR_2026_02766,Vertice Asset e Cobranca,2026-01-06,63,8655.04,Acordo Firmado,12.0,Centro-Oeste
CONTR_2026_02767,Nexus Mediacao Financeira,2026-02-17,123,14645.43,Acordo Firmado,59.0,Centro-Oeste
CONTR_2026_02768,Fenix Recuperacao de Credito,2026-03-16,71,5616.12,Acordo Firmado,32.0,Nordeste
CONTR_2026_02769,Nexus Mediacao Financeira,2026-04-26,84,3925.92,Acordo Firmado,51.0,Nordeste
CONTR_2026_02770,Nexus Mediacao Financeira,2026-03-08,127,1743.61,Ajuizado,51.0,Sudeste
CONTR_2026_02771,Fenix Recuperacao de Credito,2026-04-02,78,10701.21,Acordo Firmado,32.0,Norte
CONTR_2026_02772,Vertice Asset e Cobranca,2026-02-10,100,4246.41,Acordo Firmado,64.0,Centro-Oeste
CONTR_2026_02773,Acerta Credito Integrado,2026-03-20,88,5317.8,Insucesso,45.0,Sudeste
CONTR_2026_02774,Vertice Asset e Cobranca,2026-03-01,89,3080.92,Ajuizado,79.0,Sudeste
CONTR_2026_02775,Nexus Mediacao Financeira,2026-03-18,85,4910.35,Em Aberto,54.0,Sudeste
CONTR_2026_02776,Vertice Asset e Cobranca,2026-02-11,58,8810.62,Ajuizado,6.0,Norte
CONTR_2026_02777,Fenix Recuperacao de Credito,2026-04-26,106,7428.49,Insucesso,26.0,Sudeste
CONTR_2026_02778,Fenix Recuperacao de Credito,2026-04-30,109,23714.26,Em Aberto,8.0,Nordeste
CONTR_2026_02779,Vertice Asset e Cobranca,2026-04-19,72,4622.41,Ajuizado,8.0,Norte
CONTR_2026_02780,Fenix Recuperacao de Credito,2026-03-22,76,4971.92,Em Aberto,38.0,Norte
CONTR_2026_02781,Fenix Recuperacao de Credito,2026-03-12,117,1470.83,Acordo Firmado,8.0,Sudeste
CONTR_2026_02782,Acerta Credito Integrado,2026-01-28,82,3666.43,Acordo Firmado,17.0,Sudeste
CONTR_2026_02783,Vertice Asset e Cobranca,2026-04-12,92,13961.92,Em Aberto,83.0,Centro-Oeste
CONTR_2026_02784,Acerta Credito Integrado,2026-01-13,63,3357.58,Em Aberto,3.0,Norte
CONTR_2026_02785,Acerta Credito Integrado,2026-03-22,88,8464.56,Acordo Firmado,41.0,Sudeste
CONTR_2026_02786,Fenix Recuperacao de Credito,2026-01-15,63,20193.34,Ajuizado,73.0,Sudeste
CONTR_2026_02787,Vertice Asset e Cobranca,2026-02-05,71,1878.23,Acordo Firmado,53.0,Nordeste
CONTR_2026_02788,Fenix Recuperacao de Credito,2026-04-02,67,3232.28,Acordo Firmado,97.0,Nordeste
CONTR_2026_02789,Vertice Asset e Cobranca,2026-01-15,-999,4415.83,Acordo Firmado,96.0,Nordeste
CONTR_2026_02790,Vertice Asset e Cobranca,2026-04-20,50,2554.94,Acordo Firmado,96.0,Nordeste
CONTR_2026_02791,Acerta Credito Integrado,2026-04-27,98,1262.57,Em Aberto,70.0,Sul
CONTR_2026_02792,Vertice Asset e Cobranca,2026-03-16,83,4361.24,Acordo Firmado,62.0,Sudeste
CONTR_2026_02793,Nexus Mediacao Financeira,2026-02-25,131,5046.0,Em Aberto,53.0,Nordeste
CONTR_2026_02794,Vertice Asset e Cobranca,2026-04-05,113,6109.94,Em Aberto,59.0,Nordeste
CONTR_2026_02795,Vertice Asset e Cobranca,2026-01-04,52,9978.54,Insucesso,93.0,Nordeste
CONTR_2026_02796,Nexus Mediacao Financeira,2026-04-09,73,2658.74,Acordo Firmado,81.0,Sudeste
CONTR_2026_02797,Fenix Recuperacao de Credito,2026-04-08,89,1514.89,Insucesso,83.0,Nordeste
CONTR_2026_02798,Nexus Mediacao Financeira,2026-02-21,73,1670.65,Ajuizado,95.0,Sul
CONTR_2026_02799,Vertice Asset e Cobranca,2026-04-01,117,4639.9,Em Aberto,83.0,Sudeste
CONTR_2026_02800,Fenix Recuperacao de Credito,2026-01-10,95,13970.41,Em Aberto,23.0,Sudeste
CONTR_2026_02801,Acerta Credito Integrado,2026-04-04,84,21345.82,Insucesso,51.0,Nordeste
CONTR_2026_02802,Fenix Recuperacao de Credito,2026-02-14,119,2347.39,Acordo Firmado,35.0,Nordeste
CONTR_2026_02803,Fenix Recuperacao de Credito,2026-03-25,54,2024.18,Ajuizado,14.0,Sul
CONTR_2026_02804,Vertice Asset e Cobranca,2026-01-29,82,3380.69,Acordo Firmado,65.0,Sul
CONTR_2026_02805,Nexus Mediacao Financeira,2026-02-22,97,4317.08,Ajuizado,97.0,Nordeste
CONTR_2026_02806,Vertice Asset e Cobranca,2026-01-29,85,9453.0,Acordo Firmado,49.0,Sul
CONTR_2026_02807,Acerta Credito Integrado,2026-01-23,15,8649.54,Em Aberto,36.0,Sudeste
CONTR_2026_02808,Fenix Recuperacao de Credito,2026-02-26,100,13998.11,Insucesso,1.0,Nordeste
CONTR_2026_02809,Vertice Asset e Cobranca,2026-02-19,105,10963.19,Acordo Firmado,84.0,Sul
CONTR_2026_02810,Acerta Credito Integrado,2026-01-21,59,4088.32,Acordo Firmado,22.0,Sudeste
CONTR_2026_02811,Fenix Recuperacao de Credito,2026-04-22,24,1296.03,Acordo Firmado,35.0,Sudeste
CONTR_2026_02812,Nexus Mediacao Financeira,2026-02-12,69,2549.8,Insucesso,3.0,Nordeste
CONTR_2026_02813,Nexus Mediacao Financeira,2026-01-10,83,5908.74,Em Aberto,12.0,Sudeste
CONTR_2026_02814,Fenix Recuperacao de Credito,2026-04-15,86,4680.7,Em Aberto,37.0,Nordeste
CONTR_2026_02815,Nexus Mediacao Financeira,2026-03-17,30,2573.24,Acordo Firmado,51.0,Nordeste
CONTR_2026_02816,Acerta Credito Integrado,2026-01-30,96,1905.51,Insucesso,77.0,Nordeste
CONTR_2026_02817,Vertice Asset e Cobranca,2026-02-20,120,2416.81,Acordo Firmado,12.0,Sudeste
CONTR_2026_02818,Fenix Recuperacao de Credito,2026-02-02,118,2703.8,Em Aberto,2.0,Sudeste
CONTR_2026_02819,Fenix Recuperacao de Credito,2026-01-18,126,11297.97,Acordo Firmado,84.0,Nordeste
CONTR_2026_02820,Vertice Asset e Cobranca,2026-03-19,53,7393.89,Acordo Firmado,65.0,Sudeste
CONTR_2026_02821,Fenix Recuperacao de Credito,2026-01-22,116,5218.52,Acordo Firmado,58.0,Nordeste
CONTR_2026_02822,Fenix Recuperacao de Credito,2026-03-05,61,1305.82,Em Aberto,51.0,Centro-Oeste
CONTR_2026_02823,Nexus Mediacao Financeira,2026-01-21,113,9807.34,Em Aberto,41.0,Sul
CONTR_2026_02824,Fenix Recuperacao de Credito,2026-01-01,67,5219.99,Acordo Firmado,35.0,Sul
CONTR_2026_02825,Vertice Asset e Cobranca,2026-04-23,100,6135.45,Ajuizado,88.0,Nordeste
CONTR_2026_02826,Acerta Credito Integrado,2026-04-17,136,1539.5,Acordo Firmado,90.0,Sudeste
CONTR_2026_02827,Acerta Credito Integrado,2026-04-26,117,9632.95,Em Aberto,11.0,Centro-Oeste
CONTR_2026_02828,Fenix Recuperacao de Credito,2026-01-15,62,10119.79,Em Aberto,52.0,Sudeste
CONTR_2026_02829,Vertice Asset e Cobranca,2026-02-05,55,11942.54,Em Aberto,52.0,Nordeste
CONTR_2026_02830,Fenix Recuperacao de Credito,2026-02-16,113,4954.83,Acordo Firmado,62.0,Sudeste
CONTR_2026_02831,Vertice Asset e Cobranca,2026-02-23,129,3704.74,Acordo Firmado,63.0,Nordeste
CONTR_2026_02832,Nexus Mediacao Financeira,2026-03-27,102,1579.26,Acordo Firmado,15.0,Sudeste
CONTR_2026_02833,Fenix Recuperacao de Credito,2026-02-01,74,2277.64,Em Aberto,70.0,Sudeste
CONTR_2026_02834,Vertice Asset e Cobranca,2026-02-27,91,2478.13,Acordo Firmado,40.0,Sul
CONTR_2026_02835,Vertice Asset e Cobranca,2026-02-15,102,1523.71,Em Aberto,9.0,Nordeste
CONTR_2026_02836,Fenix Recuperacao de Credito,2026-02-23,87,2038.4,Em Aberto,70.0,Sudeste
CONTR_2026_02837,Vertice Asset e Cobranca,2026-02-02,62,12093.15,Em Aberto,17.0,Norte
CONTR_2026_02838,Fenix Recuperacao de Credito,2026-04-15,121,5141.72,Ajuizado,23.0,Nordeste
CONTR_2026_02839,Acerta Credito Integrado,2026-02-08,146,8430.04,Ajuizado,58.0,Centro-Oeste
CONTR_2026_02840,Vertice Asset e Cobranca,2026-01-23,132,2808.08,Em Aberto,95.0,Nordeste
CONTR_2026_02841,Vertice Asset e Cobranca,2026-02-12,24,1922.81,Acordo Firmado,80.0,Sudeste
CONTR_2026_02842,Acerta Credito Integrado,2026-02-24,124,3536.07,Acordo Firmado,51.0,Sul
CONTR_2026_02843,Fenix Recuperacao de Credito,2026-01-02,107,9074.82,Em Aberto,57.0,Sudeste
CONTR_2026_02844,Vertice Asset e Cobranca,2026-03-07,70,2964.35,Acordo Firmado,86.0,Sudeste
CONTR_2026_02845,Nexus Mediacao Financeira,2026-02-07,31,2344.14,Em Aberto,16.0,Sudeste
CONTR_2026_02846,Vertice Asset e Cobranca,2026-04-29,86,1313.26,Acordo Firmado,45.0,Sudeste
CONTR_2026_02847,Acerta Credito Integrado,2026-04-25,100,6090.98,Acordo Firmado,61.0,Nordeste
CONTR_2026_02848,Vertice Asset e Cobranca,2026-01-29,56,4061.93,Acordo Firmado,12.0,Sudeste
CONTR_2026_02849,Nexus Mediacao Financeira,2026-04-26,126,2697.13,Acordo Firmado,73.0,Sudeste
CONTR_2026_02850,Vertice Asset e Cobranca,2026-04-20,126,4867.29,Acordo Firmado,6.0,Nordeste
CONTR_2026_02851,Nexus Mediacao Financeira,2026-03-08,104,7230.27,Em Aberto,4.0,Nordeste
CONTR_2026_02852,Fenix Recuperacao de Credito,2026-04-13,48,2621.55,Insucesso,51.0,Sudeste
CONTR_2026_02853,Fenix Recuperacao de Credito,2026-03-12,82,5892.31,Em Aberto,74.0,Sudeste
CONTR_2026_02854,Fenix Recuperacao de Credito,2026-02-05,111,2706.56,Acordo Firmado,35.0,Nordeste
CONTR_2026_02855,Fenix Recuperacao de Credito,2026-01-29,109,22785.27,Ajuizado,47.0,Sudeste
CONTR_2026_02856,Nexus Mediacao Financeira,2026-04-29,69,7791.13,Acordo Firmado,85.0,Sudeste
CONTR_2026_02857,Fenix Recuperacao de Credito,2026-02-06,73,5814.79,Acordo Firmado,19.0,Sul
CONTR_2026_02858,Fenix Recuperacao de Credito,2026-04-23,68,2145.71,Insucesso,27.0,Sudeste
CONTR_2026_02859,Fenix Recuperacao de Credito,2026-04-10,81,5614.21,Em Aberto,11.0,Sudeste
CONTR_2026_02860,Fenix Recuperacao de Credito,2026-03-28,75,9258.6,Acordo Firmado,70.0,Sul
CONTR_2026_02861,Acerta Credito Integrado,2026-02-14,69,7880.05,Insucesso,59.0,Sudeste
CONTR_2026_02862,Vertice Asset e Cobranca,2026-01-16,85,8725.96,Em Aberto,41.0,Sudeste
CONTR_2026_02863,Vertice Asset e Cobranca,2026-04-22,91,3112.16,Acordo Firmado,43.0,Centro-Oeste
CONTR_2026_02864,Nexus Mediacao Financeira,2026-01-31,122,3189.45,Insucesso,28.0,Sul
CONTR_2026_02865,Vertice Asset e Cobranca,2026-02-03,36,5070.53,Em Aberto,63.0,Sudeste
CONTR_2026_02866,Nexus Mediacao Financeira,2026-02-19,126,2833.21,Em Aberto,67.0,Nordeste
CONTR_2026_02867,Nexus Mediacao Financeira,2026-03-06,67,1799.63,Em Aberto,45.0,Sudeste
CONTR_2026_02868,Acerta Credito Integrado,2026-03-23,145,4291.33,Insucesso,24.0,Sul
CONTR_2026_02869,Vertice Asset e Cobranca,2026-03-03,110,1209.63,Em Aberto,77.0,Sudeste
CONTR_2026_02870,Vertice Asset e Cobranca,2026-04-14,106,8351.4,Em Aberto,64.0,Norte
CONTR_2026_02871,Acerta Credito Integrado,2026-02-12,86,8125.21,Ajuizado,79.0,Centro-Oeste
CONTR_2026_02872,Fenix Recuperacao de Credito,2026-02-25,151,5213.87,Em Aberto,73.0,Sudeste
CONTR_2026_02873,Acerta Credito Integrado,2026-04-30,89,8084.08,Insucesso,39.0,Nordeste
CONTR_2026_02874,Vertice Asset e Cobranca,2026-01-15,135,6097.86,Acordo Firmado,99.0,Nordeste
CONTR_2026_02875,Acerta Credito Integrado,2026-02-17,72,7177.63,Insucesso,45.0,Sudeste
CONTR_2026_02876,Vertice Asset e Cobranca,2026-02-18,111,1534.2,Em Aberto,61.0,Nordeste
CONTR_2026_02877,Vertice Asset e Cobranca,2026-03-22,146,11854.33,Em Aberto,82.0,Nordeste
CONTR_2026_02878,Fenix Recuperacao de Credito,2026-02-13,64,6363.16,Em Aberto,43.0,Nordeste
CONTR_2026_02879,Nexus Mediacao Financeira,2026-01-10,104,5916.14,Em Aberto,67.0,Sudeste
CONTR_2026_02880,Fenix Recuperacao de Credito,2026-01-20,68,3648.92,Em Aberto,92.0,Centro-Oeste
CONTR_2026_02881,Vertice Asset e Cobranca,2026-03-11,102,1342.69,Insucesso,80.0,Nordeste
CONTR_2026_02882,Acerta Credito Integrado,2026-01-08,146,12786.55,Em Aberto,42.0,Sudeste
CONTR_2026_02883,Fenix Recuperacao de Credito,2026-02-14,61,22425.34,Acordo Firmado,41.0,Sudeste
CONTR_2026_02884,Fenix Recuperacao de Credito,2026-02-03,94,9445.75,Acordo Firmado,47.0,Sudeste
CONTR_2026_02885,Fenix Recuperacao de Credito,2026-04-06,64,13527.82,Em Aberto,43.0,Sul
CONTR_2026_02886,Fenix Recuperacao de Credito,2026-02-20,86,1844.61,Em Aberto,23.0,Sudeste
CONTR_2026_02887,Nexus Mediacao Financeira,2026-04-28,108,1888.7,Acordo Firmado,32.0,Sudeste
CONTR_2026_02888,Vertice Asset e Cobranca,2026-04-16,81,11784.94,Acordo Firmado,74.0,Norte
CONTR_2026_02889,Acerta Credito Integrado,2026-01-04,137,1496.13,Insucesso,57.0,Nordeste
CONTR_2026_02890,Acerta Credito Integrado,2026-04-18,104,1689.19,Acordo Firmado,38.0,Sul
CONTR_2026_02891,Vertice Asset e Cobranca,2026-04-24,50,9687.18,Insucesso,77.0,Sudeste
CONTR_2026_02892,Nexus Mediacao Financeira,2026-02-08,99,5270.64,Em Aberto,15.0,Sudeste
CONTR_2026_02893,Acerta Credito Integrado,2026-03-25,133,3685.66,Acordo Firmado,28.0,Nordeste
CONTR_2026_02894,Nexus Mediacao Financeira,2026-01-24,106,5231.0,Ajuizado,13.0,Centro-Oeste
CONTR_2026_02895,Fenix Recuperacao de Credito,2026-03-29,97,11749.41,Em Aberto,35.0,Nordeste
CONTR_2026_02896,Acerta Credito Integrado,2026-02-24,81,8276.19,Ajuizado,2.0,Sudeste
CONTR_2026_02897,Nexus Mediacao Financeira,2026-01-26,87,7081.91,Acordo Firmado,61.0,Centro-Oeste
CONTR_2026_02898,Vertice Asset e Cobranca,2026-01-25,90,20036.5,Insucesso,65.0,Sudeste
CONTR_2026_02899,Vertice Asset e Cobranca,2026-02-05,16,4883.48,Em Aberto,41.0,Sudeste
CONTR_2026_02900,Fenix Recuperacao de Credito,2026-03-12,103,1231.72,Acordo Firmado,96.0,Nordeste
CONTR_2026_02901,Fenix Recuperacao de Credito,2026-03-15,119,4002.12,Ajuizado,94.0,Sul
CONTR_2026_02902,Acerta Credito Integrado,2026-02-27,67,1707.79,Acordo Firmado,86.0,Sudeste
CONTR_2026_02903,Fenix Recuperacao de Credito,2026-04-21,96,1819.06,Acordo Firmado,4.0,Sudeste
CONTR_2026_02904,Vertice Asset e Cobranca,2026-01-12,100,2671.19,Acordo Firmado,53.0,Sudeste
CONTR_2026_02905,Nexus Mediacao Financeira,2026-01-01,114,3601.22,Acordo Firmado,88.0,Nordeste
CONTR_2026_02906,Fenix Recuperacao de Credito,2026-04-26,90,4485.04,Em Aberto,14.0,Sudeste
CONTR_2026_02907,Vertice Asset e Cobranca,2026-02-19,106,2130.56,Acordo Firmado,17.0,Sudeste
CONTR_2026_02908,Fenix Recuperacao de Credito,2026-01-25,55,3067.8,Acordo Firmado,14.0,Sudeste
CONTR_2026_02909,Vertice Asset e Cobranca,2026-03-21,59,2818.55,Em Aberto,41.0,Nordeste
CONTR_2026_02910,Vertice Asset e Cobranca,2026-01-05,102,3472.6,Insucesso,62.0,Sul
CONTR_2026_02911,Fenix Recuperacao de Credito,2026-03-24,83,1771.39,Em Aberto,52.0,Sul
CONTR_2026_02912,Fenix Recuperacao de Credito,2026-03-09,42,3732.02,Acordo Firmado,27.0,Nordeste
CONTR_2026_02913,Acerta Credito Integrado,2026-01-06,100,5241.11,Acordo Firmado,85.0,Sudeste
CONTR_2026_02914,Vertice Asset e Cobranca,2026-01-26,51,1709.88,Em Aberto,40.0,Nordeste
CONTR_2026_02915,Fenix Recuperacao de Credito,2026-04-23,171,4877.88,Em Aberto,35.0,Nordeste
CONTR_2026_02916,Nexus Mediacao Financeira,2026-04-13,24,8251.15,Ajuizado,90.0,Sudeste
CONTR_2026_02917,Acerta Credito Integrado,2026-04-30,91,1241.37,Em Aberto,95.0,Nordeste
CONTR_2026_02918,Acerta Credito Integrado,2026-02-24,56,1443.47,Em Aberto,59.0,Sudeste
CONTR_2026_02919,Vertice Asset e Cobranca,2026-02-08,117,4341.24,Acordo Firmado,97.0,Sul
CONTR_2026_02920,Vertice Asset e Cobranca,2026-01-09,77,11509.09,Insucesso,49.0,Sudeste
CONTR_2026_02921,Vertice Asset e Cobranca,2026-02-14,120,31770.9,Insucesso,63.0,Nordeste
CONTR_2026_02922,Acerta Credito Integrado,2026-04-26,113,1690.24,Acordo Firmado,11.0,Sudeste
CONTR_2026_02923,Acerta Credito Integrado,2026-01-14,57,1292.56,Em Aberto,80.0,Sudeste
CONTR_2026_02924,Fenix Recuperacao de Credito,2026-04-22,68,2498.84,Em Aberto,6.0,Norte
CONTR_2026_02925,Vertice Asset e Cobranca,2026-02-24,79,4350.58,Insucesso,98.0,Sudeste
CONTR_2026_02926,Fenix Recuperacao de Credito,2026-01-09,87,5440.78,Insucesso,41.0,Centro-Oeste
CONTR_2026_02927,Acerta Credito Integrado,2026-01-15,84,19350.21,Acordo Firmado,32.0,Sudeste
CONTR_2026_02928,Vertice Asset e Cobranca,2026-02-06,111,12167.03,Insucesso,21.0,Sudeste
CONTR_2026_02929,Acerta Credito Integrado,2026-02-19,97,5328.81,Ajuizado,93.0,Nordeste
CONTR_2026_02930,Vertice Asset e Cobranca,2026-04-27,71,3444.84,Em Aberto,75.0,Centro-Oeste
CONTR_2026_02931,Nexus Mediacao Financeira,2026-03-25,62,3137.86,Em Aberto,57.0,Centro-Oeste
CONTR_2026_02932,Nexus Mediacao Financeira,2026-03-13,65,5450.46,Em Aberto,5.0,Centro-Oeste
CONTR_2026_02933,Fenix Recuperacao de Credito,2026-04-06,99,7589.04,Acordo Firmado,91.0,Norte
CONTR_2026_02934,Nexus Mediacao Financeira,2026-04-21,84,4485.68,Em Aberto,28.0,Nordeste
CONTR_2026_02935,Acerta Credito Integrado,2026-01-21,152,3014.89,Acordo Firmado,95.0,Nordeste
CONTR_2026_02936,Fenix Recuperacao de Credito,2026-02-26,89,5948.79,Em Aberto,75.0,Sudeste
CONTR_2026_02937,Acerta Credito Integrado,2026-04-15,95,5281.57,Acordo Firmado,77.0,Sudeste
CONTR_2026_02938,Nexus Mediacao Financeira,2026-01-19,35,3987.56,Em Aberto,70.0,Centro-Oeste
CONTR_2026_02939,Vertice Asset e Cobranca,2026-04-03,49,8098.7,Em Aberto,27.0,Nordeste
CONTR_2026_02940,Fenix Recuperacao de Credito,2026-02-27,56,2857.97,Acordo Firmado,94.0,Sudeste
CONTR_2026_02941,Vertice Asset e Cobranca,2026-04-05,74,4517.21,Em Aberto,53.0,Norte
CONTR_2026_02942,Nexus Mediacao Financeira,2026-04-28,45,15295.43,Em Aberto,48.0,Nordeste
CONTR_2026_02943,Vertice Asset e Cobranca,2026-01-06,55,7615.6,Insucesso,83.0,Nordeste
CONTR_2026_02944,Acerta Credito Integrado,2026-01-04,109,3654.89,Insucesso,78.0,Sudeste
CONTR_2026_02945,Acerta Credito Integrado,2026-02-12,64,5150.25,Em Aberto,58.0,Nordeste
CONTR_2026_02946,Fenix Recuperacao de Credito,2026-04-03,88,3800.02,Em Aberto,9.0,Nordeste
CONTR_2026_02947,Nexus Mediacao Financeira,2026-02-11,107,1797.0,Acordo Firmado,55.0,Sudeste
CONTR_2026_02948,Nexus Mediacao Financeira,2026-01-03,118,3239.37,Em Aberto,45.0,Nordeste
CONTR_2026_02949,Vertice Asset e Cobranca,2026-01-01,98,11046.42,Insucesso,28.0,Sudeste
CONTR_2026_02950,Fenix Recuperacao de Credito,2026-04-18,100,4292.07,Acordo Firmado,28.0,Nordeste
CONTR_2026_02951,Acerta Credito Integrado,2026-02-24,119,5593.02,Em Aberto,46.0,Centro-Oeste
CONTR_2026_02952,Nexus Mediacao Financeira,2026-01-15,102,2201.08,Insucesso,25.0,Sudeste
CONTR_2026_02953,Acerta Credito Integrado,2026-02-16,121,3402.08,Em Aberto,26.0,Centro-Oeste
CONTR_2026_02954,Vertice Asset e Cobranca,2026-03-26,25,14439.83,Em Aberto,62.0,Nordeste
CONTR_2026_02955,Fenix Recuperacao de Credito,2026-02-15,87,3086.18,Em Aberto,68.0,Nordeste
CONTR_2026_02956,Nexus Mediacao Financeira,2026-02-27,91,2642.15,Em Aberto,67.0,Sudeste
CONTR_2026_02957,Acerta Credito Integrado,2026-04-05,86,1487.61,Ajuizado,34.0,Nordeste
CONTR_2026_02958,Acerta Credito Integrado,2026-03-12,93,1711.44,Ajuizado,21.0,Centro-Oeste
CONTR_2026_02959,Vertice Asset e Cobranca,2026-03-22,77,5594.85,Em Aberto,81.0,Nordeste
CONTR_2026_02960,Acerta Credito Integrado,2026-04-30,113,6594.53,Em Aberto,34.0,Nordeste
CONTR_2026_02961,Fenix Recuperacao de Credito,2026-03-24,73,6330.26,Acordo Firmado,44.0,Sul
CONTR_2026_02962,Vertice Asset e Cobranca,2026-02-08,83,5080.79,Em Aberto,76.0,Sul
CONTR_2026_02963,Vertice Asset e Cobranca,2026-01-03,133,4576.25,Acordo Firmado,89.0,Nordeste
CONTR_2026_02964,Vertice Asset e Cobranca,2026-01-30,129,1574.38,Ajuizado,21.0,Sudeste
CONTR_2026_02965,Acerta Credito Integrado,2026-02-04,94,10384.68,Em Aberto,18.0,Sudeste
CONTR_2026_02966,Acerta Credito Integrado,2026-02-26,70,4798.28,Insucesso,36.0,Sudeste
CONTR_2026_02967,Acerta Credito Integrado,2026-01-29,40,1907.33,Em Aberto,70.0,Nordeste
CONTR_2026_02968,Nexus Mediacao Financeira,2026-02-19,86,1930.04,Insucesso,84.0,Sul
CONTR_2026_02969,Fenix Recuperacao de Credito,2026-03-03,105,4797.01,Em Aberto,53.0,Nordeste
CONTR_2026_02970,Vertice Asset e Cobranca,2026-02-21,68,2602.38,Insucesso,20.0,Sudeste
CONTR_2026_02971,Vertice Asset e Cobranca,2026-04-28,90,13952.99,Ajuizado,96.0,Centro-Oeste
CONTR_2026_02972,Fenix Recuperacao de Credito,2026-01-14,79,4655.24,Em Aberto,95.0,Nordeste
CONTR_2026_02973,Acerta Credito Integrado,2026-02-04,38,20379.6,Em Aberto,84.0,Nordeste
CONTR_2026_02974,Acerta Credito Integrado,2026-01-28,93,7824.28,Acordo Firmado,94.0,Centro-Oeste
CONTR_2026_02975,Vertice Asset e Cobranca,2026-02-27,103,9522.08,Ajuizado,3.0,Sudeste
CONTR_2026_02976,Fenix Recuperacao de Credito,2026-01-30,94,3662.3,Acordo Firmado,84.0,Sudeste
CONTR_2026_02977,Acerta Credito Integrado,2026-03-31,138,1919.47,Em Aberto,8.0,Sudeste
CONTR_2026_02978,Fenix Recuperacao de Credito,2026-01-07,80,7051.02,Em Aberto,85.0,Nordeste
CONTR_2026_02979,Acerta Credito Integrado,2026-02-08,77,3813.4,Em Aberto,48.0,Sul
CONTR_2026_02980,Vertice Asset e Cobranca,2026-04-05,154,16068.08,Em Aberto,23.0,Nordeste
CONTR_2026_02981,Vertice Asset e Cobranca,2026-03-10,52,2276.08,Acordo Firmado,1.0,Nordeste
CONTR_2026_02982,Fenix Recuperacao de Credito,2026-02-04,71,6124.23,Em Aberto,2.0,Sudeste
CONTR_2026_02983,Acerta Credito Integrado,2026-04-24,100,11251.86,Ajuizado,74.0,Sul
CONTR_2026_02984,Acerta Credito Integrado,2026-04-21,123,3777.76,Acordo Firmado,37.0,Sul
CONTR_2026_02985,Nexus Mediacao Financeira,2026-02-21,118,16559.57,Acordo Firmado,94.0,Nordeste
CONTR_2026_02986,Vertice Asset e Cobranca,2026-01-14,58,1598.55,Em Aberto,51.0,Sul
CONTR_2026_02987,Fenix Recuperacao de Credito,2026-03-04,138,5620.64,Acordo Firmado,44.0,Sudeste
CONTR_2026_02988,Nexus Mediacao Financeira,2026-02-05,103,8711.6,Acordo Firmado,24.0,Sudeste
CONTR_2026_02989,Acerta Credito Integrado,2026-04-01,65,2327.02,Em Aberto,32.0,Norte
CONTR_2026_02990,Acerta Credito Integrado,2026-01-24,67,1497.99,Insucesso,56.0,Nordeste
CONTR_2026_02991,Fenix Recuperacao de Credito,2026-02-09,92,1616.35,Insucesso,50.0,Sudeste
CONTR_2026_02992,Acerta Credito Integrado,2026-01-29,154,3122.65,Em Aberto,64.0,Sudeste
CONTR_2026_02993,Nexus Mediacao Financeira,2026-02-22,96,2462.68,Em Aberto,30.0,Sudeste
CONTR_2026_02994,Vertice Asset e Cobranca,2026-04-19,154,2467.31,Em Aberto,38.0,Sul
CONTR_2026_02995,Fenix Recuperacao de Credito,2026-01-22,116,4267.25,Insucesso,78.0,Sudeste
CONTR_2026_02996,Acerta Credito Integrado,2026-03-13,52,1643.79,Acordo Firmado,55.0,Sudeste
CONTR_2026_02997,Fenix Recuperacao de Credito,2026-01-15,132,28219.09,Insucesso,3.0,Sudeste
CONTR_2026_02998,Vertice Asset e Cobranca,2026-04-23,61,7150.47,Em Aberto,25.0,Sudeste
CONTR_2026_02999,Vertice Asset e Cobranca,2026-03-10,71,1353.81,Ajuizado,45.0,Sudeste
CONTR_2026_03000,Acerta Credito Integrado,2026-04-26,98,7086.72,Ajuizado,62.0,Nordeste
CONTR_2026_03001,Nexus Mediacao Financeira,2026-03-05,89,9046.95,Acordo Firmado,7.0,Nordeste
CONTR_2026_03002,Acerta Credito Integrado,2026-01-04,116,2258.31,Em Aberto,81.0,Nordeste
CONTR_2026_03003,Vertice Asset e Cobranca,2026-03-16,105,10371.56,Insucesso,27.0,Sul
CONTR_2026_03004,Nexus Mediacao Financeira,2026-01-18,86,5930.72,Em Aberto,23.0,Sul
CONTR_2026_03005,Nexus Mediacao Financeira,2026-02-11,140,9797.82,Acordo Firmado,32.0,Sudeste
CONTR_2026_03006,Acerta Credito Integrado,2026-04-23,75,7506.13,Ajuizado,2.0,Centro-Oeste
CONTR_2026_03007,Fenix Recuperacao de Credito,2026-01-30,59,7297.61,Ajuizado,75.0,Nordeste
CONTR_2026_03008,Fenix Recuperacao de Credito,2026-01-15,103,2061.31,Ajuizado,34.0,Sul
CONTR_2026_03009,Nexus Mediacao Financeira,2026-03-11,9999,3097.5,Insucesso,52.0,Nordeste
CONTR_2026_03010,Fenix Recuperacao de Credito,2026-02-24,97,4903.77,Em Aberto,61.0,Nordeste
CONTR_2026_03011,Nexus Mediacao Financeira,2026-02-22,112,1797.0,Acordo Firmado,34.0,Nordeste
CONTR_2026_03012,Vertice Asset e Cobranca,2026-01-16,84,4455.16,Insucesso,7.0,Sudeste
CONTR_2026_03013,Vertice Asset e Cobranca,2026-04-21,145,4146.82,Insucesso,10.0,Sul
CONTR_2026_03014,Vertice Asset e Cobranca,2026-04-14,97,2519.33,Insucesso,89.0,Sul
CONTR_2026_03015,Nexus Mediacao Financeira,2026-03-14,76,2313.95,Acordo Firmado,2.0,Sudeste
CONTR_2026_03016,Vertice Asset e Cobranca,2026-04-17,107,2620.94,Acordo Firmado,30.0,Nordeste
CONTR_2026_03017,Acerta Credito Integrado,2026-02-03,87,5845.7,Em Aberto,81.0,Nordeste
CONTR_2026_03018,Vertice Asset e Cobranca,2026-01-27,93,3880.31,Acordo Firmado,51.0,Centro-Oeste
CONTR_2026_03019,Fenix Recuperacao de Credito,2026-01-13,56,3871.83,Em Aberto,82.0,Nordeste
CONTR_2026_03020,Acerta Credito Integrado,2026-04-10,60,2202.83,Acordo Firmado,60.0,Sul
CONTR_2026_03021,Vertice Asset e Cobranca,2026-01-27,121,8940.92,Insucesso,99.0,Nordeste
CONTR_2026_03022,Vertice Asset e Cobranca,2026-03-14,52,7226.19,Em Aberto,17.0,Nordeste
CONTR_2026_03023,Nexus Mediacao Financeira,2026-03-10,86,4002.49,Acordo Firmado,56.0,Nordeste
CONTR_2026_03024,Vertice Asset e Cobranca,2026-04-25,99,1966.93,Acordo Firmado,86.0,Nordeste
CONTR_2026_03025,Fenix Recuperacao de Credito,2026-03-27,132,7471.09,Acordo Firmado,51.0,Sudeste
CONTR_2026_03026,Vertice Asset e Cobranca,2026-01-31,75,12655.47,Em Aberto,25.0,Nordeste
CONTR_2026_03027,Fenix Recuperacao de Credito,2026-01-03,112,2181.67,Em Aberto,84.0,Norte
CONTR_2026_03028,Nexus Mediacao Financeira,2026-01-30,86,5814.82,Insucesso,16.0,Nordeste
CONTR_2026_03029,Nexus Mediacao Financeira,2026-01-21,24,3960.92,Em Aberto,25.0,Sul
CONTR_2026_03030,Nexus Mediacao Financeira,2026-04-09,91,1658.66,Em Aberto,15.0,Sudeste
CONTR_2026_03031,Fenix Recuperacao de Credito,2026-01-06,87,7669.98,Insucesso,79.0,Nordeste
CONTR_2026_03032,Vertice Asset e Cobranca,2026-04-02,102,1569.03,Acordo Firmado,57.0,Nordeste
CONTR_2026_03033,Acerta Credito Integrado,2026-02-01,70,7257.19,Insucesso,15.0,Sudeste
CONTR_2026_03034,Fenix Recuperacao de Credito,2026-02-11,73,2850.53,Insucesso,56.0,Nordeste
CONTR_2026_03035,Vertice Asset e Cobranca,2026-04-11,126,5369.64,Insucesso,82.0,Sudeste
CONTR_2026_03036,Vertice Asset e Cobranca,2026-03-03,79,2074.47,Em Aberto,37.0,Sudeste
CONTR_2026_03037,Vertice Asset e Cobranca,2026-03-30,32,3517.3,Em Aberto,65.0,Sudeste
CONTR_2026_03038,Vertice Asset e Cobranca,2026-02-01,104,1749.57,Em Aberto,33.0,Sudeste
CONTR_2026_03039,Fenix Recuperacao de Credito,2026-04-09,115,4349.02,Acordo Firmado,3.0,Nordeste
CONTR_2026_03040,Nexus Mediacao Financeira,2026-03-27,115,2399.48,Em Aberto,49.0,Sul
CONTR_2026_03041,Fenix Recuperacao de Credito,2026-03-29,71,2240.85,Acordo Firmado,22.0,Nordeste
CONTR_2026_03042,Vertice Asset e Cobranca,2026-02-08,90,1766.7,Ajuizado,54.0,Nordeste
CONTR_2026_03043,Fenix Recuperacao de Credito,2026-03-05,105,8450.09,Em Aberto,21.0,Nordeste
CONTR_2026_03044,Vertice Asset e Cobranca,2026-04-28,118,6301.59,Em Aberto,27.0,Nordeste
CONTR_2026_03045,Acerta Credito Integrado,2026-01-30,105,2053.37,Acordo Firmado,4.0,Sudeste
CONTR_2026_03046,Acerta Credito Integrado,2026-03-04,113,4397.36,Em Aberto,99.0,Sudeste
CONTR_2026_03047,Vertice Asset e Cobranca,2026-04-24,68,6607.07,Ajuizado,1.0,Nordeste
CONTR_2026_03048,Vertice Asset e Cobranca,2026-04-06,21,11721.49,Acordo Firmado,4.0,Nordeste
CONTR_2026_03049,Vertice Asset e Cobranca,2026-01-31,121,1507.1,Em Aberto,55.0,Nordeste
CONTR_2026_03050,Vertice Asset e Cobranca,2026-03-28,61,3449.87,Em Aberto,24.0,Sudeste
CONTR_2026_03051,Fenix Recuperacao de Credito,2026-02-09,84,5984.95,Em Aberto,29.0,Sul
CONTR_2026_03052,Vertice Asset e Cobranca,2026-02-02,114,1278.7,Acordo Firmado,22.0,Sudeste
CONTR_2026_03053,Vertice Asset e Cobranca,2026-03-04,90,2595.44,Em Aberto,51.0,Sul
CONTR_2026_03054,Vertice Asset e Cobranca,2026-01-25,111,8030.51,Acordo Firmado,85.0,Nordeste
CONTR_2026_03055,Nexus Mediacao Financeira,2026-02-05,163,3398.24,Em Aberto,78.0,Nordeste
CONTR_2026_03056,Vertice Asset e Cobranca,2026-01-24,106,1641.4,Em Aberto,8.0,Sul
CONTR_2026_03057,Nexus Mediacao Financeira,2026-04-05,68,6125.46,Insucesso,58.0,Sul
CONTR_2026_03058,Fenix Recuperacao de Credito,2026-02-27,46,2638.76,Em Aberto,80.0,Sudeste
CONTR_2026_03059,Fenix Recuperacao de Credito,2026-02-08,110,7247.51,Insucesso,99.0,Centro-Oeste
CONTR_2026_03060,Vertice Asset e Cobranca,2026-02-15,92,12721.68,Ajuizado,88.0,Sudeste
CONTR_2026_03061,Vertice Asset e Cobranca,2026-03-18,48,4952.39,Em Aberto,59.0,Sudeste
CONTR_2026_03062,Fenix Recuperacao de Credito,2026-01-10,125,5770.76,Acordo Firmado,90.0,Sudeste
CONTR_2026_03063,Nexus Mediacao Financeira,2026-03-28,111,4811.91,Em Aberto,7.0,Sudeste
CONTR_2026_03064,Nexus Mediacao Financeira,2026-03-23,89,9703.44,Em Aberto,25.0,Sudeste
CONTR_2026_03065,Nexus Mediacao Financeira,2026-02-01,155,2583.48,Acordo Firmado,45.0,Nordeste
CONTR_2026_03066,Vertice Asset e Cobranca,2026-04-07,120,3767.01,Acordo Firmado,90.0,Norte
CONTR_2026_03067,Fenix Recuperacao de Credito,2026-02-05,60,12470.47,Ajuizado,26.0,Norte
CONTR_2026_03068,Vertice Asset e Cobranca,2026-01-28,125,7630.36,Insucesso,30.0,Nordeste
CONTR_2026_03069,Vertice Asset e Cobranca,2026-01-16,97,3128.94,Insucesso,66.0,Sudeste
CONTR_2026_03070,Nexus Mediacao Financeira,2026-01-16,146,10137.81,Em Aberto,53.0,Sul
CONTR_2026_03071,Acerta Credito Integrado,2026-01-18,118,2564.45,Acordo Firmado,73.0,Nordeste
CONTR_2026_03072,Nexus Mediacao Financeira,2026-01-08,104,6228.06,Acordo Firmado,39.0,Nordeste
CONTR_2026_03073,Vertice Asset e Cobranca,2026-04-16,102,16870.03,Em Aberto,11.0,Sudeste
CONTR_2026_03074,Vertice Asset e Cobranca,2026-03-21,54,5474.93,Insucesso,79.0,Nordeste
CONTR_2026_03075,Nexus Mediacao Financeira,2026-04-29,74,9233.88,Acordo Firmado,12.0,Sul
CONTR_2026_03076,Acerta Credito Integrado,2026-04-30,96,7848.26,Acordo Firmado,99.0,Centro-Oeste
CONTR_2026_03077,Fenix Recuperacao de Credito,2026-03-16,48,11239.18,Acordo Firmado,50.0,Sul
CONTR_2026_03078,Fenix Recuperacao de Credito,2026-03-11,104,18530.95,Em Aberto,56.0,Sul
CONTR_2026_03079,Fenix Recuperacao de Credito,2026-01-01,67,1312.85,Em Aberto,40.0,Sudeste
CONTR_2026_03080,Fenix Recuperacao de Credito,2026-03-03,78,1341.33,Ajuizado,16.0,Nordeste
CONTR_2026_03081,Acerta Credito Integrado,2026-03-17,111,5712.21,Ajuizado,49.0,Nordeste
CONTR_2026_03082,Acerta Credito Integrado,2026-02-07,73,16622.31,Em Aberto,32.0,Sul
CONTR_2026_03083,Fenix Recuperacao de Credito,2026-04-02,104,4524.58,Em Aberto,82.0,Sul
CONTR_2026_03084,Nexus Mediacao Financeira,2026-02-14,94,10356.02,Insucesso,45.0,Sudeste
CONTR_2026_03085,Acerta Credito Integrado,2026-02-27,58,8503.1,Acordo Firmado,85.0,Sul
CONTR_2026_03086,Nexus Mediacao Financeira,2026-03-22,116,4648.29,Em Aberto,80.0,Nordeste
CONTR_2026_03087,Vertice Asset e Cobranca,2026-01-01,117,4799.23,Em Aberto,71.0,Nordeste
CONTR_2026_03088,Fenix Recuperacao de Credito,2026-02-01,119,4063.8,Em Aberto,5.0,Nordeste
CONTR_2026_03089,Nexus Mediacao Financeira,2026-01-08,147,2653.09,Acordo Firmado,44.0,Nordeste
CONTR_2026_03090,Vertice Asset e Cobranca,2026-04-28,77,10984.78,Acordo Firmado,41.0,Sul
CONTR_2026_03091,Vertice Asset e Cobranca,2026-02-09,31,2375.89,Acordo Firmado,51.0,Sul
CONTR_2026_03092,Vertice Asset e Cobranca,2026-02-25,70,13071.51,Acordo Firmado,95.0,Sudeste
CONTR_2026_03093,Vertice Asset e Cobranca,2026-03-04,118,3429.31,Em Aberto,85.0,Sudeste
CONTR_2026_03094,Acerta Credito Integrado,2026-04-17,87,1334.27,Insucesso,67.0,Sudeste
CONTR_2026_03095,Fenix Recuperacao de Credito,2026-04-20,47,2121.89,Ajuizado,74.0,Centro-Oeste
CONTR_2026_03096,Nexus Mediacao Financeira,2026-03-29,39,12138.47,Insucesso,75.0,Sudeste
CONTR_2026_03097,Vertice Asset e Cobranca,2026-03-15,132,1887.38,Em Aberto,22.0,Nordeste
CONTR_2026_03098,Fenix Recuperacao de Credito,2026-04-21,108,7911.84,Insucesso,17.0,Sudeste
CONTR_2026_03099,Fenix Recuperacao de Credito,2026-04-13,75,2209.44,Em Aberto,89.0,Sudeste
CONTR_2026_03100,Vertice Asset e Cobranca,2026-04-13,146,4655.08,Em Aberto,92.0,Sudeste
CONTR_2026_03101,Fenix Recuperacao de Credito,2026-03-15,169,2348.37,Em Aberto,50.0,Centro-Oeste
CONTR_2026_03102,Acerta Credito Integrado,2026-02-05,121,3226.07,Em Aberto,84.0,Sudeste
CONTR_2026_03103,Fenix Recuperacao de Credito,2026-03-30,112,1866.64,Acordo Firmado,94.0,Sudeste
CONTR_2026_03104,Vertice Asset e Cobranca,2026-04-24,105,5259.68,Em Aberto,31.0,Sudeste
CONTR_2026_03105,Vertice Asset e Cobranca,2026-02-26,115,3477.15,Em Aberto,13.0,Nordeste
CONTR_2026_03106,Vertice Asset e Cobranca,2026-03-15,148,3474.47,Ajuizado,74.0,Nordeste
CONTR_2026_03107,Acerta Credito Integrado,2026-03-24,60,1396.69,Acordo Firmado,51.0,Sul
CONTR_2026_03108,Fenix Recuperacao de Credito,2026-04-20,79,1931.66,Em Aberto,33.0,Sudeste
CONTR_2026_03109,Nexus Mediacao Financeira,2026-02-14,88,7346.97,Em Aberto,20.0,Nordeste
CONTR_2026_03110,Nexus Mediacao Financeira,2026-03-20,107,2928.82,Em Aberto,48.0,Norte
CONTR_2026_03111,Nexus Mediacao Financeira,2026-03-21,136,4117.6,Insucesso,78.0,Nordeste
CONTR_2026_03112,Fenix Recuperacao de Credito,2026-01-02,102,8399.91,Acordo Firmado,72.0,Sudeste
CONTR_2026_03113,Acerta Credito Integrado,2026-04-03,108,4141.75,Em Aberto,72.0,Sudeste
CONTR_2026_03114,Fenix Recuperacao de Credito,2026-03-09,110,2478.39,Em Aberto,92.0,Sudeste
CONTR_2026_03115,Fenix Recuperacao de Credito,2026-04-27,90,5190.59,Em Aberto,74.0,Nordeste
CONTR_2026_03116,Acerta Credito Integrado,2026-02-19,77,9277.43,Ajuizado,14.0,Sul
CONTR_2026_03117,Acerta Credito Integrado,2026-01-29,92,5776.98,Insucesso,62.0,Nordeste
CONTR_2026_03118,Fenix Recuperacao de Credito,2026-04-05,70,3925.2,Em Aberto,51.0,Sudeste
CONTR_2026_03119,Fenix Recuperacao de Credito,2026-03-22,70,1871.23,Em Aberto,78.0,Sul
CONTR_2026_03120,Fenix Recuperacao de Credito,2026-01-10,101,2629.84,Em Aberto,70.0,Nordeste
CONTR_2026_03121,Vertice Asset e Cobranca,2026-01-27,75,15804.88,Ajuizado,98.0,Sul
CONTR_2026_03122,Fenix Recuperacao de Credito,2026-04-27,145,8587.84,Ajuizado,81.0,Sudeste
CONTR_2026_03123,Fenix Recuperacao de Credito,2026-04-15,94,1658.23,Acordo Firmado,21.0,Nordeste
CONTR_2026_03124,Vertice Asset e Cobranca,2026-01-15,130,1227.65,Insucesso,92.0,Sudeste
CONTR_2026_03125,Acerta Credito Integrado,2026-03-01,52,2164.4,Em Aberto,38.0,Sudeste
CONTR_2026_03126,Nexus Mediacao Financeira,2026-04-18,53,15602.27,Acordo Firmado,15.0,Nordeste
CONTR_2026_03127,Nexus Mediacao Financeira,2026-01-31,86,5537.97,Insucesso,36.0,Sudeste
CONTR_2026_03128,Fenix Recuperacao de Credito,2026-01-21,118,10321.2,Ajuizado,100.0,Norte
CONTR_2026_03129,Vertice Asset e Cobranca,2026-03-01,75,4329.55,Acordo Firmado,9.0,Sudeste
CONTR_2026_03130,Acerta Credito Integrado,2026-02-27,86,9961.81,Em Aberto,99.0,Nordeste
CONTR_2026_03131,Acerta Credito Integrado,2026-02-10,119,1372.52,Insucesso,59.0,Sudeste
CONTR_2026_03132,Acerta Credito Integrado,2026-02-15,78,3982.77,Acordo Firmado,82.0,Sul
CONTR_2026_03133,Fenix Recuperacao de Credito,2026-02-14,67,3570.82,Em Aberto,54.0,Nordeste
CONTR_2026_03134,Nexus Mediacao Financeira,2026-01-26,111,21162.48,Acordo Firmado,17.0,Sudeste
CONTR_2026_03135,Fenix Recuperacao de Credito,2026-04-12,50,2986.77,Em Aberto,82.0,Sudeste
CONTR_2026_03136,Nexus Mediacao Financeira,2026-02-20,78,3897.13,Acordo Firmado,4.0,Sudeste
CONTR_2026_03137,Acerta Credito Integrado,2026-02-05,93,8310.66,Em Aberto,84.0,Sul
CONTR_2026_03138,Acerta Credito Integrado,2026-02-21,105,11831.12,Acordo Firmado,13.0,Sudeste
CONTR_2026_03139,Nexus Mediacao Financeira,2026-03-22,114,11734.61,Acordo Firmado,75.0,Sudeste
CONTR_2026_03140,Fenix Recuperacao de Credito,2026-02-20,119,3708.59,Acordo Firmado,43.0,Sudeste
CONTR_2026_03141,Vertice Asset e Cobranca,2026-01-03,80,16036.21,Em Aberto,97.0,Sul
CONTR_2026_03142,Fenix Recuperacao de Credito,2026-01-14,118,6499.49,Acordo Firmado,92.0,Sudeste
CONTR_2026_03143,Nexus Mediacao Financeira,2026-02-18,105,10723.6,Acordo Firmado,8.0,Sudeste
CONTR_2026_03144,Nexus Mediacao Financeira,2026-03-18,111,14237.22,Em Aberto,20.0,Nordeste
CONTR_2026_03145,Vertice Asset e Cobranca,2026-04-15,70,2530.25,Em Aberto,82.0,Sul
CONTR_2026_03146,Vertice Asset e Cobranca,2026-04-01,109,4657.73,Ajuizado,71.0,Nordeste
CONTR_2026_03147,Acerta Credito Integrado,2026-01-01,85,5631.2,Em Aberto,61.0,Nordeste
CONTR_2026_03148,Nexus Mediacao Financeira,2026-02-26,91,9308.51,Em Aberto,44.0,Centro-Oeste
CONTR_2026_03149,Acerta Credito Integrado,2026-01-17,94,3763.85,Acordo Firmado,97.0,Nordeste
CONTR_2026_03150,Vertice Asset e Cobranca,2026-04-22,153,2381.46,Em Aberto,51.0,Centro-Oeste
CONTR_2026_03151,Nexus Mediacao Financeira,2026-02-19,62,7997.96,Ajuizado,58.0,Sudeste
CONTR_2026_03152,Fenix Recuperacao de Credito,2026-04-08,125,5686.54,Acordo Firmado,75.0,Nordeste
CONTR_2026_03153,Acerta Credito Integrado,2026-01-14,132,12628.59,Ajuizado,30.0,Sul
CONTR_2026_03154,Vertice Asset e Cobranca,2026-04-28,114,6521.49,Acordo Firmado,51.0,Nordeste
CONTR_2026_03155,Vertice Asset e Cobranca,2026-04-29,73,1284.85,Ajuizado,84.0,Sudeste
CONTR_2026_03156,Nexus Mediacao Financeira,2026-02-28,140,18203.7,Insucesso,10.0,Sul
CONTR_2026_03157,Fenix Recuperacao de Credito,2026-03-22,80,5696.07,Insucesso,94.0,Sudeste
CONTR_2026_03158,Fenix Recuperacao de Credito,2026-01-03,110,5730.18,Em Aberto,18.0,Sul
CONTR_2026_03159,Acerta Credito Integrado,2026-04-08,93,13198.86,Acordo Firmado,25.0,Norte
CONTR_2026_03160,Vertice Asset e Cobranca,2026-02-09,78,6650.38,Em Aberto,96.0,Sudeste
CONTR_2026_03161,Vertice Asset e Cobranca,2026-03-30,106,4463.11,Insucesso,34.0,Nordeste
CONTR_2026_03162,Fenix Recuperacao de Credito,2026-03-07,146,1767.44,Acordo Firmado,44.0,Sul
CONTR_2026_03163,Vertice Asset e Cobranca,2026-02-03,97,17577.07,Acordo Firmado,39.0,Sudeste
CONTR_2026_03164,Nexus Mediacao Financeira,2026-03-31,149,1608.69,Acordo Firmado,95.0,Sudeste
CONTR_2026_03165,Fenix Recuperacao de Credito,2026-04-05,84,2133.45,Acordo Firmado,92.0,Sudeste
CONTR_2026_03166,Vertice Asset e Cobranca,2026-01-09,92,9761.14,Acordo Firmado,90.0,Sul
CONTR_2026_03167,Fenix Recuperacao de Credito,2026-04-04,53,4570.7,Ajuizado,68.0,Sudeste
CONTR_2026_03168,Fenix Recuperacao de Credito,2026-03-25,73,2181.71,Acordo Firmado,43.0,Nordeste
CONTR_2026_03169,Acerta Credito Integrado,2026-01-21,83,2885.5,Ajuizado,51.0,Sul
CONTR_2026_03170,Vertice Asset e Cobranca,2026-04-03,80,26791.99,Em Aberto,72.0,Sul
CONTR_2026_03171,Nexus Mediacao Financeira,2026-01-25,61,5585.59,Em Aberto,2.0,Nordeste
CONTR_2026_03172,Vertice Asset e Cobranca,2026-04-12,67,3767.59,Em Aberto,27.0,Nordeste
CONTR_2026_03173,Fenix Recuperacao de Credito,2026-02-13,81,11646.14,Em Aberto,34.0,Norte
CONTR_2026_03174,Fenix Recuperacao de Credito,2026-01-25,125,4466.72,Em Aberto,55.0,Nordeste
CONTR_2026_03175,Fenix Recuperacao de Credito,2026-01-09,45,3040.38,Em Aberto,36.0,Nordeste
CONTR_2026_03176,Fenix Recuperacao de Credito,2026-04-13,27,2096.96,Acordo Firmado,85.0,Sudeste
CONTR_2026_03177,Nexus Mediacao Financeira,2026-03-03,37,8022.06,Em Aberto,72.0,Nordeste
CONTR_2026_03178,Acerta Credito Integrado,2026-04-18,64,5734.46,Acordo Firmado,87.0,Sudeste
CONTR_2026_03179,Acerta Credito Integrado,2026-01-26,109,1684.5,Insucesso,72.0,Nordeste
CONTR_2026_03180,Nexus Mediacao Financeira,2026-02-26,79,5678.03,Acordo Firmado,69.0,Sudeste
CONTR_2026_03181,Fenix Recuperacao de Credito,2026-02-06,78,2068.5,Insucesso,65.0,Nordeste
CONTR_2026_03182,Vertice Asset e Cobranca,2026-01-16,78,21209.68,Acordo Firmado,85.0,Sudeste
CONTR_2026_03183,Vertice Asset e Cobranca,2026-02-06,33,2703.56,Insucesso,44.0,Nordeste
CONTR_2026_03184,Fenix Recuperacao de Credito,2026-03-17,115,7153.9,Acordo Firmado,43.0,Sul
CONTR_2026_03185,Nexus Mediacao Financeira,2026-01-24,129,6536.22,Ajuizado,74.0,Sudeste
CONTR_2026_03186,Nexus Mediacao Financeira,2026-01-26,79,7077.76,Em Aberto,66.0,Sudeste
CONTR_2026_03187,Vertice Asset e Cobranca,2026-01-20,92,4010.55,Em Aberto,21.0,Centro-Oeste
CONTR_2026_03188,Vertice Asset e Cobranca,2026-01-09,93,1586.2,Insucesso,61.0,Nordeste
CONTR_2026_03189,Acerta Credito Integrado,2026-03-28,57,20761.96,Em Aberto,13.0,Sudeste
CONTR_2026_03190,Acerta Credito Integrado,2026-04-13,76,2263.03,Acordo Firmado,28.0,Nordeste
CONTR_2026_03191,Vertice Asset e Cobranca,2026-01-29,143,8542.3,Acordo Firmado,30.0,Nordeste
CONTR_2026_03192,Fenix Recuperacao de Credito,2026-01-31,89,1940.03,Em Aberto,82.0,Sudeste
CONTR_2026_03193,Vertice Asset e Cobranca,2026-01-19,96,2850.84,Em Aberto,2.0,Norte
CONTR_2026_03194,Vertice Asset e Cobranca,2026-01-20,69,5303.61,Ajuizado,58.0,Sul
CONTR_2026_03195,Vertice Asset e Cobranca,2026-03-28,77,3867.65,Em Aberto,83.0,Nordeste
CONTR_2026_03196,Nexus Mediacao Financeira,2026-04-17,109,17082.26,Em Aberto,21.0,Sudeste
CONTR_2026_03197,Fenix Recuperacao de Credito,2026-01-27,64,10609.03,Acordo Firmado,90.0,Sul
CONTR_2026_03198,Acerta Credito Integrado,2026-04-04,138,13941.81,Em Aberto,46.0,Nordeste
CONTR_2026_03199,Fenix Recuperacao de Credito,2026-03-26,41,6317.94,Insucesso,89.0,Nordeste
CONTR_2026_03200,Vertice Asset e Cobranca,2026-02-13,71,2435.36,Em Aberto,83.0,Nordeste
CONTR_2026_03201,Nexus Mediacao Financeira,2026-02-04,45,4854.24,Insucesso,25.0,Sudeste
CONTR_2026_03202,Nexus Mediacao Financeira,2026-04-23,129,8452.21,Acordo Firmado,57.0,Nordeste
CONTR_2026_03203,Fenix Recuperacao de Credito,2026-03-12,88,1534.54,Acordo Firmado,20.0,Sudeste
CONTR_2026_03204,Acerta Credito Integrado,2026-01-22,81,11143.15,Ajuizado,6.0,Sul
CONTR_2026_03205,Nexus Mediacao Financeira,2026-03-15,101,6189.55,Insucesso,18.0,Sul
CONTR_2026_03206,Acerta Credito Integrado,2026-03-28,131,7629.01,Em Aberto,49.0,Sudeste
CONTR_2026_03207,Acerta Credito Integrado,2026-01-15,96,7125.68,Em Aberto,82.0,Nordeste
CONTR_2026_03208,Acerta Credito Integrado,2026-04-04,124,10611.56,Acordo Firmado,20.0,Sul
CONTR_2026_03209,Vertice Asset e Cobranca,2026-04-08,81,1657.95,Acordo Firmado,34.0,Norte
CONTR_2026_03210,Nexus Mediacao Financeira,2026-01-13,61,3566.4,Acordo Firmado,10.0,Nordeste
CONTR_2026_03211,Fenix Recuperacao de Credito,2026-01-04,96,4691.97,Acordo Firmado,33.0,Centro-Oeste
CONTR_2026_03212,Nexus Mediacao Financeira,2026-03-23,69,5154.87,Ajuizado,55.0,Centro-Oeste
CONTR_2026_03213,Fenix Recuperacao de Credito,2026-02-25,110,15484.65,Acordo Firmado,19.0,Norte
CONTR_2026_03214,Nexus Mediacao Financeira,2026-01-23,77,1416.96,Em Aberto,66.0,Nordeste
CONTR_2026_03215,Fenix Recuperacao de Credito,2026-04-07,87,11264.28,Insucesso,47.0,Norte
CONTR_2026_03216,Fenix Recuperacao de Credito,2026-04-08,22,5213.71,Acordo Firmado,51.0,Nordeste
CONTR_2026_03217,Fenix Recuperacao de Credito,2026-02-03,86,5244.23,Em Aberto,67.0,Nordeste
CONTR_2026_03218,Fenix Recuperacao de Credito,2026-04-10,82,3130.74,Em Aberto,30.0,Nordeste
CONTR_2026_03219,Acerta Credito Integrado,2026-04-09,124,6358.79,Em Aberto,83.0,Sudeste
CONTR_2026_03220,Acerta Credito Integrado,2026-01-17,116,6398.13,Em Aberto,85.0,Nordeste
CONTR_2026_03221,Nexus Mediacao Financeira,2026-01-28,90,2249.25,Insucesso,59.0,Sudeste
CONTR_2026_03222,Fenix Recuperacao de Credito,2026-01-14,41,6850.61,Em Aberto,78.0,Sudeste
CONTR_2026_03223,Fenix Recuperacao de Credito,2026-02-03,76,2751.05,Acordo Firmado,31.0,Nordeste
CONTR_2026_03224,Fenix Recuperacao de Credito,2026-04-22,124,7036.38,Acordo Firmado,21.0,Sul
CONTR_2026_03225,Fenix Recuperacao de Credito,2026-03-16,84,5933.02,Acordo Firmado,17.0,Nordeste
CONTR_2026_03226,Acerta Credito Integrado,2026-02-26,57,7493.06,Acordo Firmado,53.0,Nordeste
CONTR_2026_03227,Fenix Recuperacao de Credito,2026-03-18,124,1299.48,Acordo Firmado,51.0,Sudeste
CONTR_2026_03228,Vertice Asset e Cobranca,2026-04-07,41,1869.75,Acordo Firmado,24.0,Nordeste
CONTR_2026_03229,Fenix Recuperacao de Credito,2026-02-24,86,10369.18,Em Aberto,40.0,Sul
CONTR_2026_03230,Fenix Recuperacao de Credito,2026-03-07,106,3596.02,Insucesso,98.0,Nordeste
CONTR_2026_03231,Nexus Mediacao Financeira,2026-04-08,93,10261.39,Acordo Firmado,47.0,Nordeste
CONTR_2026_03232,Nexus Mediacao Financeira,2026-04-27,52,1523.62,Acordo Firmado,20.0,Sudeste
CONTR_2026_03233,Fenix Recuperacao de Credito,2026-04-03,62,8534.73,Acordo Firmado,16.0,Sudeste
CONTR_2026_03234,Fenix Recuperacao de Credito,2026-02-06,69,1637.42,Ajuizado,58.0,Nordeste
CONTR_2026_03235,Vertice Asset e Cobranca,2026-03-09,113,4358.63,Acordo Firmado,49.0,Nordeste
CONTR_2026_03236,Fenix Recuperacao de Credito,2026-03-17,95,15068.84,Acordo Firmado,42.0,Sul
CONTR_2026_03237,Fenix Recuperacao de Credito,2026-01-26,78,1604.3,Em Aberto,12.0,Sudeste
CONTR_2026_03238,Vertice Asset e Cobranca,2026-03-02,102,3359.01,Insucesso,41.0,Nordeste
CONTR_2026_03239,Nexus Mediacao Financeira,2026-04-02,67,4852.67,Insucesso,58.0,Norte
CONTR_2026_03240,Nexus Mediacao Financeira,2026-03-08,112,12685.86,Acordo Firmado,60.0,Nordeste
CONTR_2026_03241,Vertice Asset e Cobranca,2026-03-25,103,3221.88,Acordo Firmado,24.0,Sudeste
CONTR_2026_03242,Vertice Asset e Cobranca,2026-03-15,83,9426.4,Acordo Firmado,13.0,Sudeste
CONTR_2026_03243,Nexus Mediacao Financeira,2026-02-21,85,7532.31,Em Aberto,34.0,Nordeste
CONTR_2026_03244,Nexus Mediacao Financeira,2026-01-18,79,3034.11,Em Aberto,61.0,Nordeste
CONTR_2026_03245,Acerta Credito Integrado,2026-02-22,119,3283.74,Insucesso,27.0,Sudeste
CONTR_2026_03246,Fenix Recuperacao de Credito,2026-03-04,96,2259.86,Ajuizado,85.0,Nordeste
CONTR_2026_03247,Nexus Mediacao Financeira,2026-02-22,83,7103.92,Em Aberto,67.0,Nordeste
CONTR_2026_03248,Vertice Asset e Cobranca,2026-04-27,60,5340.28,Em Aberto,14.0,Sudeste
CONTR_2026_03249,Acerta Credito Integrado,2026-01-27,107,2041.81,Insucesso,41.0,Sul
CONTR_2026_03250,Nexus Mediacao Financeira,2026-01-31,106,6038.84,Insucesso,57.0,Sul
CONTR_2026_03251,Nexus Mediacao Financeira,2026-04-01,74,4652.25,Em Aberto,30.0,Nordeste
CONTR_2026_03252,Fenix Recuperacao de Credito,2026-04-16,77,1685.8,Em Aberto,45.0,Sul
CONTR_2026_03253,Nexus Mediacao Financeira,2026-01-01,86,16563.44,Em Aberto,74.0,Norte
CONTR_2026_03254,Fenix Recuperacao de Credito,2026-01-06,55,10201.65,Em Aberto,1.0,Sudeste
CONTR_2026_03255,Vertice Asset e Cobranca,2026-01-11,92,1568.36,Acordo Firmado,92.0,Sudeste
CONTR_2026_03256,Fenix Recuperacao de Credito,2026-02-03,40,14587.7,Em Aberto,83.0,Norte
CONTR_2026_03257,Nexus Mediacao Financeira,2026-04-13,51,13625.2,Ajuizado,94.0,Centro-Oeste
CONTR_2026_03258,Fenix Recuperacao de Credito,2026-03-25,74,1415.49,Insucesso,84.0,Sudeste
CONTR_2026_03259,Vertice Asset e Cobranca,2026-03-04,71,2324.97,Insucesso,52.0,Sul
CONTR_2026_03260,Acerta Credito Integrado,2026-02-22,103,7260.17,Ajuizado,20.0,Nordeste
CONTR_2026_03261,Fenix Recuperacao de Credito,2026-03-26,98,14834.15,Ajuizado,23.0,Sudeste
CONTR_2026_03262,Nexus Mediacao Financeira,2026-03-26,131,9861.27,Acordo Firmado,51.0,Sul
CONTR_2026_03263,Vertice Asset e Cobranca,2026-01-18,92,2855.72,Em Aberto,96.0,Nordeste
CONTR_2026_03264,Fenix Recuperacao de Credito,2026-01-21,96,1370.05,Em Aberto,90.0,Sudeste
CONTR_2026_03265,Acerta Credito Integrado,2026-01-19,55,4401.71,Acordo Firmado,78.0,Nordeste
CONTR_2026_03266,Fenix Recuperacao de Credito,2026-01-04,55,1682.34,Em Aberto,6.0,Centro-Oeste
CONTR_2026_03267,Vertice Asset e Cobranca,2026-03-18,91,2607.15,Ajuizado,33.0,Centro-Oeste
CONTR_2026_03268,Nexus Mediacao Financeira,2026-03-23,92,6309.6,Acordo Firmado,8.0,Sudeste
CONTR_2026_03269,Nexus Mediacao Financeira,2026-04-26,98,4616.17,Em Aberto,63.0,Nordeste
CONTR_2026_03270,Nexus Mediacao Financeira,2026-01-29,128,3563.79,Acordo Firmado,4.0,Sudeste
CONTR_2026_03271,Vertice Asset e Cobranca,2026-01-25,56,14493.61,Ajuizado,13.0,Nordeste
CONTR_2026_03272,Fenix Recuperacao de Credito,2026-02-25,-999,2271.95,Insucesso,35.0,Nordeste
CONTR_2026_03273,Acerta Credito Integrado,2026-03-18,45,4542.06,Em Aberto,93.0,Norte
CONTR_2026_03274,Nexus Mediacao Financeira,2026-03-04,101,5460.66,Em Aberto,89.0,Nordeste
CONTR_2026_03275,Acerta Credito Integrado,2026-01-27,52,3142.61,Em Aberto,34.0,Sudeste
CONTR_2026_03276,Acerta Credito Integrado,2026-03-01,111,7308.94,Em Aberto,56.0,Sudeste
CONTR_2026_03277,Acerta Credito Integrado,2026-03-24,45,11297.52,Acordo Firmado,11.0,Nordeste
CONTR_2026_03278,Vertice Asset e Cobranca,2026-02-18,15,5098.75,Acordo Firmado,38.0,Nordeste
CONTR_2026_03279,Vertice Asset e Cobranca,2026-03-06,94,8801.12,Em Aberto,93.0,Sudeste
CONTR_2026_03280,Acerta Credito Integrado,2026-02-07,86,1514.49,Em Aberto,45.0,Nordeste
CONTR_2026_03281,Vertice Asset e Cobranca,2026-03-24,123,2034.89,Insucesso,86.0,Nordeste
CONTR_2026_03282,Fenix Recuperacao de Credito,2026-02-21,92,4299.72,Em Aberto,58.0,Sudeste
CONTR_2026_03283,Acerta Credito Integrado,2026-01-01,67,13892.79,Em Aberto,34.0,Nordeste
CONTR_2026_03284,Acerta Credito Integrado,2026-02-09,73,4992.07,Em Aberto,75.0,Sul
CONTR_2026_03285,Vertice Asset e Cobranca,2026-03-22,186,4030.83,Em Aberto,92.0,Norte
CONTR_2026_03286,Fenix Recuperacao de Credito,2026-01-21,63,5782.8,Acordo Firmado,72.0,Sul
CONTR_2026_03287,Vertice Asset e Cobranca,2026-03-27,105,1864.61,Em Aberto,24.0,Nordeste
CONTR_2026_03288,Acerta Credito Integrado,2026-01-15,102,6501.97,Acordo Firmado,74.0,Sudeste
CONTR_2026_03289,Fenix Recuperacao de Credito,2026-02-19,106,1693.7,Insucesso,51.0,Nordeste
CONTR_2026_03290,Fenix Recuperacao de Credito,2026-04-13,103,5499.47,Ajuizado,63.0,Nordeste
CONTR_2026_03291,Fenix Recuperacao de Credito,2026-02-17,81,7465.64,Em Aberto,39.0,Centro-Oeste
CONTR_2026_03292,Acerta Credito Integrado,2026-04-13,37,3850.96,Em Aberto,21.0,Sudeste
CONTR_2026_03293,Vertice Asset e Cobranca,2026-02-01,94,13290.13,Acordo Firmado,100.0,Sul
CONTR_2026_03294,Nexus Mediacao Financeira,2026-02-18,89,2024.56,Em Aberto,36.0,Sudeste
CONTR_2026_03295,Vertice Asset e Cobranca,2026-03-09,93,2137.43,Ajuizado,51.0,Nordeste
CONTR_2026_03296,Fenix Recuperacao de Credito,2026-04-18,106,4837.81,Acordo Firmado,84.0,Centro-Oeste
CONTR_2026_03297,Nexus Mediacao Financeira,2026-02-14,77,14615.96,Em Aberto,13.0,Sudeste
CONTR_2026_03298,Fenix Recuperacao de Credito,2026-02-01,71,3677.21,Insucesso,2.0,Nordeste
CONTR_2026_03299,Vertice Asset e Cobranca,2026-01-04,117,14245.54,Em Aberto,27.0,Norte
CONTR_2026_03300,Acerta Credito Integrado,2026-04-27,80,7112.28,Em Aberto,7.0,Sul
CONTR_2026_03301,Vertice Asset e Cobranca,2026-03-06,75,8829.05,Ajuizado,90.0,Sudeste
CONTR_2026_03302,Vertice Asset e Cobranca,2026-04-07,72,15092.69,Acordo Firmado,94.0,Sudeste
CONTR_2026_03303,Nexus Mediacao Financeira,2026-03-12,107,5447.0,Insucesso,19.0,Sul
CONTR_2026_03304,Vertice Asset e Cobranca,2026-03-14,83,6331.27,Em Aberto,40.0,Nordeste
CONTR_2026_03305,Fenix Recuperacao de Credito,2026-03-06,156,5525.5,Em Aberto,21.0,Nordeste
CONTR_2026_03306,Vertice Asset e Cobranca,2026-03-21,91,8882.3,Em Aberto,58.0,Sudeste
CONTR_2026_03307,Vertice Asset e Cobranca,2026-01-18,53,2796.94,Em Aberto,51.0,Nordeste
CONTR_2026_03308,Fenix Recuperacao de Credito,2026-02-23,76,8956.97,Acordo Firmado,74.0,Sul
CONTR_2026_03309,Vertice Asset e Cobranca,2026-02-16,109,7450.88,Acordo Firmado,36.0,Nordeste
CONTR_2026_03310,Vertice Asset e Cobranca,2026-01-06,71,5807.35,Acordo Firmado,44.0,Sudeste
CONTR_2026_03311,Acerta Credito Integrado,2026-03-07,89,1397.82,Em Aberto,64.0,Nordeste
CONTR_2026_03312,Nexus Mediacao Financeira,2026-01-09,119,8648.15,Acordo Firmado,27.0,Nordeste
CONTR_2026_03313,Acerta Credito Integrado,2026-03-09,123,1910.27,Em Aberto,8.0,Sudeste
CONTR_2026_03314,Fenix Recuperacao de Credito,2026-04-19,74,17547.15,Ajuizado,90.0,Sudeste
CONTR_2026_03315,Fenix Recuperacao de Credito,2026-01-23,82,1625.03,Ajuizado,1.0,Sudeste
CONTR_2026_03316,Nexus Mediacao Financeira,2026-04-28,92,7569.75,Acordo Firmado,23.0,Sudeste
CONTR_2026_03317,Vertice Asset e Cobranca,2026-04-17,130,3434.76,Em Aberto,73.0,Sudeste
CONTR_2026_03318,Fenix Recuperacao de Credito,2026-04-19,57,7853.17,Acordo Firmado,31.0,Nordeste
CONTR_2026_03319,Acerta Credito Integrado,2026-02-12,100,4858.95,Insucesso,7.0,Centro-Oeste
CONTR_2026_03320,Acerta Credito Integrado,2026-02-20,91,6164.58,Acordo Firmado,9.0,Centro-Oeste
CONTR_2026_03321,Nexus Mediacao Financeira,2026-03-13,63,1592.17,Acordo Firmado,71.0,Nordeste
CONTR_2026_03322,Fenix Recuperacao de Credito,2026-04-13,127,18177.93,Insucesso,92.0,Sudeste
CONTR_2026_03323,Acerta Credito Integrado,2026-01-25,119,1219.27,Acordo Firmado,98.0,Sudeste
CONTR_2026_03324,Nexus Mediacao Financeira,2026-03-21,136,15364.62,Em Aberto,53.0,Centro-Oeste
CONTR_2026_03325,Acerta Credito Integrado,2026-02-04,125,5399.55,Acordo Firmado,16.0,Centro-Oeste
CONTR_2026_03326,Acerta Credito Integrado,2026-01-17,90,2693.85,Acordo Firmado,74.0,Nordeste
CONTR_2026_03327,Acerta Credito Integrado,2026-01-18,108,6276.8,Em Aberto,24.0,Norte
CONTR_2026_03328,Nexus Mediacao Financeira,2026-01-27,99,6787.4,Em Aberto,74.0,Nordeste
CONTR_2026_03329,Fenix Recuperacao de Credito,2026-01-15,62,7752.81,Insucesso,46.0,Sudeste
CONTR_2026_03330,Nexus Mediacao Financeira,2026-03-22,50,1282.87,Em Aberto,29.0,Nordeste
CONTR_2026_03331,Nexus Mediacao Financeira,2026-04-17,101,21509.12,Ajuizado,89.0,Sudeste
CONTR_2026_03332,Acerta Credito Integrado,2026-03-10,92,6010.53,Insucesso,30.0,Sudeste
CONTR_2026_03333,Fenix Recuperacao de Credito,2026-03-21,-999,3570.35,Em Aberto,51.0,Sudeste
CONTR_2026_03334,Fenix Recuperacao de Credito,2026-01-15,87,5427.42,Em Aberto,83.0,Nordeste
CONTR_2026_03335,Acerta Credito Integrado,2026-02-11,143,2182.64,Em Aberto,31.0,Norte
CONTR_2026_03336,Acerta Credito Integrado,2026-04-20,24,2620.22,Acordo Firmado,30.0,Nordeste
CONTR_2026_03337,Fenix Recuperacao de Credito,2026-02-03,109,1648.42,Insucesso,34.0,Nordeste
CONTR_2026_03338,Acerta Credito Integrado,2026-02-17,115,11769.49,Acordo Firmado,92.0,Sul
CONTR_2026_03339,Nexus Mediacao Financeira,2026-03-24,119,2649.09,Em Aberto,19.0,Centro-Oeste
CONTR_2026_03340,Nexus Mediacao Financeira,2026-01-08,48,7929.8,Em Aberto,75.0,Sul
CONTR_2026_03341,Acerta Credito Integrado,2026-04-21,81,2802.39,Em Aberto,28.0,Sudeste
CONTR_2026_03342,Nexus Mediacao Financeira,2026-01-10,79,1989.05,Em Aberto,6.0,Sudeste
CONTR_2026_03343,Nexus Mediacao Financeira,2026-01-05,98,1772.2,Em Aberto,17.0,Sul
CONTR_2026_03344,Fenix Recuperacao de Credito,2026-04-26,56,11039.3,Em Aberto,91.0,Sudeste
CONTR_2026_03345,Vertice Asset e Cobranca,2026-02-17,101,1837.67,Em Aberto,36.0,Sudeste
CONTR_2026_03346,Acerta Credito Integrado,2026-04-27,63,1655.91,Em Aberto,1.0,Sudeste
CONTR_2026_03347,Vertice Asset e Cobranca,2026-01-26,81,1246.99,Insucesso,16.0,Nordeste
CONTR_2026_03348,Fenix Recuperacao de Credito,2026-03-27,130,3482.0,Acordo Firmado,68.0,Nordeste
CONTR_2026_03349,Vertice Asset e Cobranca,2026-04-18,115,15496.16,Acordo Firmado,47.0,Sul
CONTR_2026_03350,Fenix Recuperacao de Credito,2026-01-23,93,13165.28,Em Aberto,23.0,Nordeste
CONTR_2026_03351,Fenix Recuperacao de Credito,2026-03-03,48,1811.14,Ajuizado,96.0,Sudeste
CONTR_2026_03352,Vertice Asset e Cobranca,2026-01-13,99,1262.87,Em Aberto,67.0,Sudeste
CONTR_2026_03353,Fenix Recuperacao de Credito,2026-01-09,101,8151.66,Insucesso,62.0,Sudeste
CONTR_2026_03354,Nexus Mediacao Financeira,2026-04-23,27,3029.86,Ajuizado,85.0,Nordeste
CONTR_2026_03355,Fenix Recuperacao de Credito,2026-01-20,100,10199.27,Insucesso,88.0,Sudeste
CONTR_2026_03356,Fenix Recuperacao de Credito,2026-04-02,57,2413.09,Acordo Firmado,15.0,Sudeste
CONTR_2026_03357,Nexus Mediacao Financeira,2026-04-18,45,4588.42,Acordo Firmado,75.0,Sul
CONTR_2026_03358,Vertice Asset e Cobranca,2026-02-26,56,1367.5,Ajuizado,67.0,Sudeste
CONTR_2026_03359,Acerta Credito Integrado,2026-04-11,25,12455.41,Acordo Firmado,83.0,Nordeste
CONTR_2026_03360,Nexus Mediacao Financeira,2026-01-24,77,2179.93,Acordo Firmado,43.0,Sudeste
CONTR_2026_03361,Acerta Credito Integrado,2026-04-18,59,2945.68,Em Aberto,8.0,Nordeste
CONTR_2026_03362,Vertice Asset e Cobranca,2026-02-02,124,4466.75,Em Aberto,98.0,Sudeste
CONTR_2026_03363,Nexus Mediacao Financeira,2026-01-20,79,2782.25,Ajuizado,51.0,Centro-Oeste
CONTR_2026_03364,Vertice Asset e Cobranca,2026-03-01,68,1404.96,Em Aberto,44.0,Sudeste
CONTR_2026_03365,Fenix Recuperacao de Credito,2026-02-17,42,1347.59,Em Aberto,26.0,Nordeste
CONTR_2026_03366,Nexus Mediacao Financeira,2026-03-05,77,16729.22,Acordo Firmado,67.0,Sudeste
CONTR_2026_03367,Vertice Asset e Cobranca,2026-01-30,130,3168.89,Acordo Firmado,32.0,Centro-Oeste
CONTR_2026_03368,Vertice Asset e Cobranca,2026-04-18,136,3235.27,Em Aberto,64.0,Sul
CONTR_2026_03369,Fenix Recuperacao de Credito,2026-03-14,79,14013.26,Acordo Firmado,43.0,Sul
CONTR_2026_03370,Nexus Mediacao Financeira,2026-04-19,87,10244.13,Em Aberto,74.0,Sudeste
CONTR_2026_03371,Fenix Recuperacao de Credito,2026-04-23,111,7006.83,Em Aberto,51.0,Sudeste
CONTR_2026_03372,Nexus Mediacao Financeira,2026-01-17,59,6572.12,Acordo Firmado,62.0,Nordeste
CONTR_2026_03373,Vertice Asset e Cobranca,2026-04-10,101,9274.41,Em Aberto,11.0,Norte
CONTR_2026_03374,Nexus Mediacao Financeira,2026-01-14,161,2124.88,Acordo Firmado,78.0,Nordeste
CONTR_2026_03375,Acerta Credito Integrado,2026-01-19,112,6657.31,Acordo Firmado,95.0,Nordeste
CONTR_2026_03376,Acerta Credito Integrado,2026-03-12,111,1717.91,Insucesso,9.0,Sul
CONTR_2026_03377,Acerta Credito Integrado,2026-02-28,130,1876.31,Em Aberto,48.0,Sudeste
CONTR_2026_03378,Fenix Recuperacao de Credito,2026-03-08,117,2590.35,Acordo Firmado,6.0,Sudeste
CONTR_2026_03379,Fenix Recuperacao de Credito,2026-04-07,82,7385.99,Ajuizado,54.0,Sul
CONTR_2026_03380,Nexus Mediacao Financeira,2026-02-13,54,12353.42,Em Aberto,62.0,Sudeste
CONTR_2026_03381,Vertice Asset e Cobranca,2026-02-01,85,7068.61,Em Aberto,54.0,Sudeste
CONTR_2026_03382,Vertice Asset e Cobranca,2026-04-21,60,3894.61,Em Aberto,99.0,Nordeste
CONTR_2026_03383,Fenix Recuperacao de Credito,2026-01-11,81,4804.25,Em Aberto,51.0,Sudeste
CONTR_2026_03384,Vertice Asset e Cobranca,2026-04-16,63,7429.63,Em Aberto,56.0,Sudeste
CONTR_2026_03385,Fenix Recuperacao de Credito,2026-01-02,78,5950.3,Acordo Firmado,82.0,Centro-Oeste
CONTR_2026_03386,Acerta Credito Integrado,2026-03-31,45,4969.45,Acordo Firmado,87.0,Sudeste
CONTR_2026_03387,Fenix Recuperacao de Credito,2026-03-09,69,2551.13,Em Aberto,30.0,Sudeste
CONTR_2026_03388,Nexus Mediacao Financeira,2026-01-17,102,5998.09,Em Aberto,3.0,Sul
CONTR_2026_03389,Fenix Recuperacao de Credito,2026-03-22,109,1294.22,Acordo Firmado,61.0,Sudeste
CONTR_2026_03390,Nexus Mediacao Financeira,2026-04-02,103,5305.52,Insucesso,51.0,Nordeste
CONTR_2026_03391,Vertice Asset e Cobranca,2026-04-04,78,9794.73,Em Aberto,3.0,Centro-Oeste
CONTR_2026_03392,Acerta Credito Integrado,2026-02-09,93,2190.73,Acordo Firmado,15.0,Centro-Oeste
CONTR_2026_03393,Acerta Credito Integrado,2026-03-28,148,1806.38,Em Aberto,67.0,Centro-Oeste
CONTR_2026_03394,Vertice Asset e Cobranca,2026-02-15,68,18772.14,Acordo Firmado,51.0,Nordeste
CONTR_2026_03395,Fenix Recuperacao de Credito,2026-03-29,138,10472.33,Em Aberto,31.0,Nordeste
CONTR_2026_03396,Vertice Asset e Cobranca,2026-04-03,46,2997.69,Em Aberto,51.0,Centro-Oeste
CONTR_2026_03397,Acerta Credito Integrado,2026-01-04,38,2369.59,Acordo Firmado,71.0,Nordeste
CONTR_2026_03398,Acerta Credito Integrado,2026-02-07,85,3232.62,Ajuizado,55.0,Sudeste
CONTR_2026_03399,Fenix Recuperacao de Credito,2026-03-04,88,4021.35,Acordo Firmado,75.0,Nordeste
CONTR_2026_03400,Nexus Mediacao Financeira,2026-01-29,56,9804.16,Insucesso,92.0,Sul
CONTR_2026_03401,Fenix Recuperacao de Credito,2026-01-19,80,2566.95,Acordo Firmado,100.0,Sul
CONTR_2026_03402,Fenix Recuperacao de Credito,2026-04-01,102,7579.94,Acordo Firmado,43.0,Sudeste
CONTR_2026_03403,Vertice Asset e Cobranca,2026-01-29,60,14445.91,Em Aberto,25.0,Nordeste
CONTR_2026_03404,Vertice Asset e Cobranca,2026-04-30,120,3586.25,Em Aberto,81.0,Sul
CONTR_2026_03405,Acerta Credito Integrado,2026-04-10,123,1331.96,Acordo Firmado,55.0,Nordeste
CONTR_2026_03406,Acerta Credito Integrado,2026-02-04,127,9990.17,Insucesso,50.0,Nordeste
CONTR_2026_03407,Acerta Credito Integrado,2026-04-26,62,7362.1,Insucesso,38.0,Centro-Oeste
CONTR_2026_03408,Vertice Asset e Cobranca,2026-03-11,66,2007.13,Acordo Firmado,60.0,Sul
CONTR_2026_03409,Fenix Recuperacao de Credito,2026-01-23,84,5742.92,Acordo Firmado,85.0,Sudeste
CONTR_2026_03410,Fenix Recuperacao de Credito,2026-04-13,81,9909.61,Em Aberto,52.0,Sudeste
CONTR_2026_03411,Vertice Asset e Cobranca,2026-02-15,80,2198.55,Acordo Firmado,84.0,Norte
CONTR_2026_03412,Fenix Recuperacao de Credito,2026-02-13,112,2460.94,Ajuizado,74.0,Nordeste
CONTR_2026_03413,Fenix Recuperacao de Credito,2026-02-17,108,2326.86,Em Aberto,70.0,Nordeste
CONTR_2026_03414,Vertice Asset e Cobranca,2026-02-21,63,31160.43,Ajuizado,76.0,Sul
CONTR_2026_03415,Acerta Credito Integrado,2026-01-08,55,2503.72,Acordo Firmado,81.0,Nordeste
CONTR_2026_03416,Nexus Mediacao Financeira,2026-02-24,52,2752.49,Acordo Firmado,45.0,Nordeste
CONTR_2026_03417,Vertice Asset e Cobranca,2026-03-07,63,1445.56,Em Aberto,97.0,Sudeste
CONTR_2026_03418,Nexus Mediacao Financeira,2026-03-18,115,21655.29,Em Aberto,100.0,Sul
CONTR_2026_03419,Fenix Recuperacao de Credito,2026-02-09,94,2616.82,Insucesso,19.0,Nordeste
CONTR_2026_03420,Fenix Recuperacao de Credito,2026-03-26,117,7659.16,Insucesso,5.0,Sudeste
CONTR_2026_03421,Acerta Credito Integrado,2026-01-31,38,1333.61,Ajuizado,42.0,Sudeste
CONTR_2026_03422,Nexus Mediacao Financeira,2026-04-26,98,8848.58,Acordo Firmado,93.0,Nordeste
CONTR_2026_03423,Acerta Credito Integrado,2026-02-17,97,8143.7,Em Aberto,30.0,Sudeste
CONTR_2026_03424,Fenix Recuperacao de Credito,2026-04-10,126,1639.53,Em Aberto,65.0,Centro-Oeste
CONTR_2026_03425,Acerta Credito Integrado,2026-03-02,77,1853.97,Em Aberto,76.0,Sul
CONTR_2026_03426,Nexus Mediacao Financeira,2026-04-22,75,2948.56,Acordo Firmado,79.0,Sudeste
CONTR_2026_03427,Nexus Mediacao Financeira,2026-02-21,135,3389.95,Ajuizado,5.0,Nordeste
CONTR_2026_03428,Nexus Mediacao Financeira,2026-02-07,84,8850.82,Acordo Firmado,38.0,Nordeste
CONTR_2026_03429,Acerta Credito Integrado,2026-04-01,95,1515.71,Ajuizado,11.0,Nordeste
CONTR_2026_03430,Nexus Mediacao Financeira,2026-02-05,104,6452.53,Em Aberto,84.0,Sul
CONTR_2026_03431,Nexus Mediacao Financeira,2026-04-22,39,2497.31,Insucesso,29.0,Sul
CONTR_2026_03432,Vertice Asset e Cobranca,2026-03-28,91,3610.13,Ajuizado,14.0,Sul
CONTR_2026_03433,Acerta Credito Integrado,2026-02-24,52,1211.03,Em Aberto,90.0,Nordeste
CONTR_2026_03434,Vertice Asset e Cobranca,2026-03-26,87,2920.37,Em Aberto,98.0,Nordeste
CONTR_2026_03435,Acerta Credito Integrado,2026-01-13,81,2139.71,Em Aberto,74.0,Sul
CONTR_2026_03436,Vertice Asset e Cobranca,2026-02-06,74,4705.62,Acordo Firmado,91.0,Centro-Oeste
CONTR_2026_03437,Fenix Recuperacao de Credito,2026-02-16,108,2061.02,Insucesso,89.0,Sudeste
CONTR_2026_03438,Nexus Mediacao Financeira,2026-03-31,92,10233.89,Em Aberto,10.0,Sul
CONTR_2026_03439,Fenix Recuperacao de Credito,2026-04-14,58,11923.88,Em Aberto,51.0,Sul
CONTR_2026_03440,Fenix Recuperacao de Credito,2026-03-12,57,10531.0,Em Aberto,60.0,Centro-Oeste
CONTR_2026_03441,Vertice Asset e Cobranca,2026-04-20,115,21232.44,Acordo Firmado,96.0,Nordeste
CONTR_2026_03442,Nexus Mediacao Financeira,2026-04-13,88,13504.76,Acordo Firmado,98.0,Norte
CONTR_2026_03443,Fenix Recuperacao de Credito,2026-01-22,47,2841.05,Insucesso,23.0,Centro-Oeste
CONTR_2026_03444,Vertice Asset e Cobranca,2026-02-08,77,3087.75,Insucesso,97.0,Centro-Oeste
CONTR_2026_03445,Vertice Asset e Cobranca,2026-03-28,85,5003.49,Insucesso,51.0,Nordeste
CONTR_2026_03446,Nexus Mediacao Financeira,2026-02-27,52,3630.32,Em Aberto,22.0,Sudeste
CONTR_2026_03447,Acerta Credito Integrado,2026-01-30,70,18717.98,Em Aberto,86.0,Nordeste
CONTR_2026_03448,Acerta Credito Integrado,2026-01-18,117,3274.03,Em Aberto,87.0,Sul
CONTR_2026_03449,Nexus Mediacao Financeira,2026-04-16,164,7936.95,Em Aberto,83.0,Nordeste
CONTR_2026_03450,Fenix Recuperacao de Credito,2026-01-18,99,5482.59,Insucesso,23.0,Sul
CONTR_2026_03451,Vertice Asset e Cobranca,2026-04-20,49,16872.75,Insucesso,22.0,Sudeste
CONTR_2026_03452,Nexus Mediacao Financeira,2026-03-15,83,8023.01,Em Aberto,62.0,Nordeste
CONTR_2026_03453,Nexus Mediacao Financeira,2026-02-08,93,3009.48,Insucesso,94.0,Sudeste
CONTR_2026_03454,Vertice Asset e Cobranca,2026-04-04,113,2297.43,Acordo Firmado,19.0,Sul
CONTR_2026_03455,Fenix Recuperacao de Credito,2026-01-26,114,10841.96,Acordo Firmado,22.0,Nordeste
CONTR_2026_03456,Fenix Recuperacao de Credito,2026-03-12,130,13296.41,Acordo Firmado,1.0,Nordeste
CONTR_2026_03457,Nexus Mediacao Financeira,2026-01-07,89,10092.07,Acordo Firmado,34.0,Sudeste
CONTR_2026_03458,Nexus Mediacao Financeira,2026-03-10,90,7886.56,Em Aberto,26.0,Nordeste
CONTR_2026_03459,Nexus Mediacao Financeira,2026-03-06,33,3141.05,Em Aberto,4.0,Norte
CONTR_2026_03460,Nexus Mediacao Financeira,2026-02-15,59,4719.76,Acordo Firmado,48.0,Sul
CONTR_2026_03461,Vertice Asset e Cobranca,2026-01-18,49,13567.04,Acordo Firmado,45.0,Sudeste
CONTR_2026_03462,Fenix Recuperacao de Credito,2026-01-13,64,1924.54,Ajuizado,12.0,Nordeste
CONTR_2026_03463,Nexus Mediacao Financeira,2026-01-25,55,4615.18,Acordo Firmado,92.0,Sudeste
CONTR_2026_03464,Nexus Mediacao Financeira,2026-04-14,57,3396.47,Ajuizado,37.0,Sudeste
CONTR_2026_03465,Fenix Recuperacao de Credito,2026-01-08,122,6858.1,Insucesso,3.0,Sudeste
CONTR_2026_03466,Acerta Credito Integrado,2026-03-15,32,6226.56,Acordo Firmado,28.0,Norte
CONTR_2026_03467,Vertice Asset e Cobranca,2026-02-01,84,5305.55,Em Aberto,93.0,Sul
CONTR_2026_03468,Nexus Mediacao Financeira,2026-01-17,115,2839.85,Acordo Firmado,84.0,Sudeste
CONTR_2026_03469,Acerta Credito Integrado,2026-04-12,80,2069.09,Insucesso,2.0,Sudeste
CONTR_2026_03470,Fenix Recuperacao de Credito,2026-03-20,129,8870.22,Acordo Firmado,56.0,Sudeste
CONTR_2026_03471,Fenix Recuperacao de Credito,2026-03-20,72,25187.29,Ajuizado,65.0,Centro-Oeste
CONTR_2026_03472,Acerta Credito Integrado,2026-02-17,142,2126.19,Ajuizado,46.0,Sudeste
CONTR_2026_03473,Nexus Mediacao Financeira,2026-03-04,42,1594.09,Em Aberto,100.0,Sudeste
CONTR_2026_03474,Nexus Mediacao Financeira,2026-02-09,-999,8046.81,Em Aberto,44.0,Sudeste
CONTR_2026_03475,Acerta Credito Integrado,2026-04-25,63,3306.87,Ajuizado,18.0,Sudeste
CONTR_2026_03476,Acerta Credito Integrado,2026-03-25,133,2397.66,Em Aberto,73.0,Nordeste
CONTR_2026_03477,Vertice Asset e Cobranca,2026-01-15,75,4923.53,Acordo Firmado,37.0,Nordeste
CONTR_2026_03478,Nexus Mediacao Financeira,2026-04-09,123,6822.95,Em Aberto,54.0,Nordeste
CONTR_2026_03479,Vertice Asset e Cobranca,2026-01-06,128,2409.4,Em Aberto,25.0,Nordeste
CONTR_2026_03480,Vertice Asset e Cobranca,2026-04-04,72,27218.28,Em Aberto,83.0,Sul
CONTR_2026_03481,Fenix Recuperacao de Credito,2026-03-04,120,3189.15,Acordo Firmado,62.0,Nordeste
CONTR_2026_03482,Nexus Mediacao Financeira,2026-01-08,89,3091.34,Insucesso,25.0,Centro-Oeste
CONTR_2026_03483,Vertice Asset e Cobranca,2026-04-05,46,3949.57,Em Aberto,52.0,Nordeste
CONTR_2026_03484,Fenix Recuperacao de Credito,2026-04-22,105,8033.03,Ajuizado,63.0,Nordeste
CONTR_2026_03485,Nexus Mediacao Financeira,2026-04-21,59,11527.98,Acordo Firmado,15.0,Nordeste
CONTR_2026_03486,Nexus Mediacao Financeira,2026-02-01,70,3157.71,Ajuizado,46.0,Nordeste
CONTR_2026_03487,Vertice Asset e Cobranca,2026-02-14,63,1832.05,Ajuizado,56.0,Nordeste
CONTR_2026_03488,Fenix Recuperacao de Credito,2026-02-21,101,2679.45,Em Aberto,26.0,Nordeste
CONTR_2026_03489,Fenix Recuperacao de Credito,2026-03-20,60,1640.22,Em Aberto,64.0,Nordeste
CONTR_2026_03490,Vertice Asset e Cobranca,2026-03-23,53,6175.92,Insucesso,20.0,Sudeste
CONTR_2026_03491,Fenix Recuperacao de Credito,2026-01-13,58,7948.77,Acordo Firmado,67.0,Nordeste
CONTR_2026_03492,Nexus Mediacao Financeira,2026-01-24,68,4004.16,Em Aberto,25.0,Nordeste
CONTR_2026_03493,Acerta Credito Integrado,2026-02-09,104,16466.28,Acordo Firmado,21.0,Sul
CONTR_2026_03494,Acerta Credito Integrado,2026-01-14,117,7701.02,Ajuizado,34.0,Centro-Oeste
CONTR_2026_03495,Nexus Mediacao Financeira,2026-04-02,116,3587.43,Em Aberto,88.0,Norte
CONTR_2026_03496,Fenix Recuperacao de Credito,2026-03-16,88,1739.12,Em Aberto,25.0,Sudeste
CONTR_2026_03497,Acerta Credito Integrado,2026-03-11,88,4603.17,Em Aberto,65.0,Nordeste
CONTR_2026_03498,Acerta Credito Integrado,2026-03-03,84,4704.24,Em Aberto,29.0,Sudeste
CONTR_2026_03499,Fenix Recuperacao de Credito,2026-04-30,103,5199.06,Em Aberto,32.0,Centro-Oeste
CONTR_2026_03500,Acerta Credito Integrado,2026-03-30,123,6935.59,Acordo Firmado,1.0,Nordeste
CONTR_2026_03501,Vertice Asset e Cobranca,2026-03-02,85,2735.23,Em Aberto,35.0,Centro-Oeste
CONTR_2026_03502,Acerta Credito Integrado,2026-01-01,105,1212.44,Em Aberto,56.0,Nordeste
CONTR_2026_03503,Vertice Asset e Cobranca,2026-03-30,52,9579.08,Acordo Firmado,16.0,Nordeste
CONTR_2026_03504,Fenix Recuperacao de Credito,2026-03-07,115,9873.21,Acordo Firmado,32.0,Sudeste
CONTR_2026_03505,Acerta Credito Integrado,2026-02-01,96,13330.65,Em Aberto,79.0,Centro-Oeste
CONTR_2026_03506,Nexus Mediacao Financeira,2026-01-13,59,18574.75,Em Aberto,5.0,Nordeste
CONTR_2026_03507,Vertice Asset e Cobranca,2026-02-02,122,2066.84,Em Aberto,51.0,Nordeste
CONTR_2026_03508,Vertice Asset e Cobranca,2026-02-01,52,3383.79,Acordo Firmado,86.0,Sul
CONTR_2026_03509,Acerta Credito Integrado,2026-02-25,21,10731.11,Acordo Firmado,72.0,Norte
CONTR_2026_03510,Fenix Recuperacao de Credito,2026-01-24,115,14790.46,Em Aberto,79.0,Nordeste
CONTR_2026_03511,Vertice Asset e Cobranca,2026-04-01,101,1273.18,Acordo Firmado,20.0,Sudeste
CONTR_2026_03512,Fenix Recuperacao de Credito,2026-01-04,53,3651.31,Acordo Firmado,89.0,Centro-Oeste
CONTR_2026_03513,Vertice Asset e Cobranca,2026-03-29,100,1801.73,Ajuizado,12.0,Centro-Oeste
CONTR_2026_03514,Acerta Credito Integrado,2026-01-23,125,8966.66,Acordo Firmado,90.0,Norte
CONTR_2026_03515,Acerta Credito Integrado,2026-01-29,97,8074.41,Insucesso,68.0,Centro-Oeste
CONTR_2026_03516,Fenix Recuperacao de Credito,2026-04-08,163,8218.28,Ajuizado,63.0,Nordeste
CONTR_2026_03517,Fenix Recuperacao de Credito,2026-01-21,64,3673.41,Em Aberto,26.0,Nordeste
CONTR_2026_03518,Vertice Asset e Cobranca,2026-01-30,22,3806.46,Acordo Firmado,60.0,Centro-Oeste
CONTR_2026_03519,Fenix Recuperacao de Credito,2026-03-31,47,2718.14,Em Aberto,74.0,Sul
CONTR_2026_03520,Fenix Recuperacao de Credito,2026-01-20,21,3438.42,Acordo Firmado,61.0,Sudeste
CONTR_2026_03521,Fenix Recuperacao de Credito,2026-01-16,154,21596.75,Em Aberto,15.0,Sul
CONTR_2026_03522,Vertice Asset e Cobranca,2026-03-08,89,1438.44,Em Aberto,5.0,Nordeste
CONTR_2026_03523,Vertice Asset e Cobranca,2026-02-18,148,3157.87,Insucesso,32.0,Sudeste
CONTR_2026_03524,Fenix Recuperacao de Credito,2026-04-11,79,9001.4,Acordo Firmado,96.0,Nordeste
CONTR_2026_03525,Fenix Recuperacao de Credito,2026-02-27,62,3609.13,Insucesso,22.0,Sudeste
CONTR_2026_03526,Fenix Recuperacao de Credito,2026-04-14,38,16177.1,Em Aberto,22.0,Centro-Oeste
CONTR_2026_03527,Vertice Asset e Cobranca,2026-02-13,78,3218.41,Em Aberto,12.0,Sul
CONTR_2026_03528,Acerta Credito Integrado,2026-01-25,115,10677.55,Em Aberto,64.0,Sudeste
CONTR_2026_03529,Vertice Asset e Cobranca,2026-01-23,83,9639.56,Acordo Firmado,75.0,Nordeste
CONTR_2026_03530,Vertice Asset e Cobranca,2026-04-18,42,1246.25,Insucesso,88.0,Nordeste
CONTR_2026_03531,Vertice Asset e Cobranca,2026-02-28,109,3779.1,Acordo Firmado,80.0,Sul
CONTR_2026_03532,Acerta Credito Integrado,2026-01-01,115,2846.95,Em Aberto,16.0,Sudeste
CONTR_2026_03533,Vertice Asset e Cobranca,2026-04-07,74,4465.87,Acordo Firmado,65.0,Nordeste
CONTR_2026_03534,Vertice Asset e Cobranca,2026-01-15,70,4306.65,Acordo Firmado,51.0,Norte
CONTR_2026_03535,Fenix Recuperacao de Credito,2026-03-22,38,12997.34,Em Aberto,87.0,Sudeste
CONTR_2026_03536,Fenix Recuperacao de Credito,2026-04-08,108,2214.14,Acordo Firmado,92.0,Sudeste
CONTR_2026_03537,Vertice Asset e Cobranca,2026-03-22,76,2205.63,Acordo Firmado,32.0,Nordeste
CONTR_2026_03538,Vertice Asset e Cobranca,2026-02-21,15,1771.82,Insucesso,53.0,Centro-Oeste
CONTR_2026_03539,Nexus Mediacao Financeira,2026-02-27,45,7909.5,Em Aberto,100.0,Centro-Oeste
CONTR_2026_03540,Fenix Recuperacao de Credito,2026-02-10,106,13696.67,Acordo Firmado,3.0,Sul
CONTR_2026_03541,Fenix Recuperacao de Credito,2026-02-13,79,3498.32,Acordo Firmado,13.0,Nordeste
CONTR_2026_03542,Acerta Credito Integrado,2026-01-04,55,1519.08,Acordo Firmado,92.0,Nordeste
CONTR_2026_03543,Fenix Recuperacao de Credito,2026-03-18,91,2048.14,Ajuizado,92.0,Sudeste
CONTR_2026_03544,Vertice Asset e Cobranca,2026-03-09,64,1740.07,Acordo Firmado,58.0,Nordeste
CONTR_2026_03545,Acerta Credito Integrado,2026-01-07,70,5686.61,Acordo Firmado,45.0,Nordeste
CONTR_2026_03546,Fenix Recuperacao de Credito,2026-02-15,81,2858.5,Ajuizado,24.0,Nordeste
CONTR_2026_03547,Fenix Recuperacao de Credito,2026-01-09,140,12586.91,Acordo Firmado,51.0,Nordeste
CONTR_2026_03548,Vertice Asset e Cobranca,2026-03-28,140,2085.37,Acordo Firmado,13.0,Norte
CONTR_2026_03549,Vertice Asset e Cobranca,2026-02-02,30,14507.46,Acordo Firmado,24.0,Sul
CONTR_2026_03550,Nexus Mediacao Financeira,2026-02-02,88,3222.87,Ajuizado,5.0,Nordeste
CONTR_2026_03551,Acerta Credito Integrado,2026-03-25,46,11298.54,Em Aberto,81.0,Sudeste
CONTR_2026_03552,Fenix Recuperacao de Credito,2026-01-04,58,16079.25,Ajuizado,50.0,Nordeste
CONTR_2026_03553,Nexus Mediacao Financeira,2026-03-06,34,22675.06,Em Aberto,51.0,Sudeste
CONTR_2026_03554,Nexus Mediacao Financeira,2026-04-28,63,9337.84,Em Aberto,49.0,Sudeste
CONTR_2026_03555,Fenix Recuperacao de Credito,2026-04-16,54,1736.18,Ajuizado,18.0,Sudeste
CONTR_2026_03556,Nexus Mediacao Financeira,2026-02-03,120,1484.86,Em Aberto,33.0,Nordeste
CONTR_2026_03557,Vertice Asset e Cobranca,2026-04-01,64,7930.16,Em Aberto,58.0,Sudeste
CONTR_2026_03558,Vertice Asset e Cobranca,2026-03-26,31,12567.06,Acordo Firmado,31.0,Sudeste
CONTR_2026_03559,Fenix Recuperacao de Credito,2026-03-29,89,2107.95,Acordo Firmado,51.0,Sudeste
CONTR_2026_03560,Vertice Asset e Cobranca,2026-03-20,84,15356.81,Insucesso,94.0,Nordeste
CONTR_2026_03561,Vertice Asset e Cobranca,2026-04-09,82,5910.96,Insucesso,96.0,Nordeste
CONTR_2026_03562,Acerta Credito Integrado,2026-03-05,108,1862.0,Em Aberto,74.0,Sudeste
CONTR_2026_03563,Fenix Recuperacao de Credito,2026-01-25,126,2113.81,Em Aberto,31.0,Nordeste
CONTR_2026_03564,Vertice Asset e Cobranca,2026-02-24,81,1541.16,Em Aberto,99.0,Nordeste
CONTR_2026_03565,Vertice Asset e Cobranca,2026-01-09,97,1972.84,Acordo Firmado,79.0,Nordeste
CONTR_2026_03566,Acerta Credito Integrado,2026-01-17,82,7786.15,Em Aberto,27.0,Sul
CONTR_2026_03567,Nexus Mediacao Financeira,2026-01-21,105,2434.41,Em Aberto,59.0,Sudeste
CONTR_2026_03568,Nexus Mediacao Financeira,2026-03-01,45,5323.74,Em Aberto,27.0,Centro-Oeste
CONTR_2026_03569,Acerta Credito Integrado,2026-01-13,108,7584.17,Em Aberto,1.0,Nordeste
CONTR_2026_03570,Acerta Credito Integrado,2026-01-03,98,12482.22,Ajuizado,76.0,Centro-Oeste
CONTR_2026_03571,Vertice Asset e Cobranca,2026-03-09,61,5657.1,Insucesso,68.0,Centro-Oeste
CONTR_2026_03572,Nexus Mediacao Financeira,2026-01-04,156,5416.57,Em Aberto,23.0,Sudeste
CONTR_2026_03573,Acerta Credito Integrado,2026-04-17,49,13399.08,Acordo Firmado,98.0,Sudeste
CONTR_2026_03574,Vertice Asset e Cobranca,2026-04-02,99,2947.11,Em Aberto,52.0,Sudeste
CONTR_2026_03575,Acerta Credito Integrado,2026-01-07,61,2338.91,Em Aberto,57.0,Nordeste
CONTR_2026_03576,Vertice Asset e Cobranca,2026-01-26,107,11509.81,Acordo Firmado,87.0,Nordeste
CONTR_2026_03577,Fenix Recuperacao de Credito,2026-03-16,149,1587.23,Em Aberto,51.0,Nordeste
CONTR_2026_03578,Vertice Asset e Cobranca,2026-01-24,113,2251.64,Em Aberto,83.0,Sul
CONTR_2026_03579,Acerta Credito Integrado,2026-04-17,86,3848.79,Insucesso,84.0,Sudeste
CONTR_2026_03580,Vertice Asset e Cobranca,2026-01-10,117,3441.22,Em Aberto,63.0,Nordeste
CONTR_2026_03581,Vertice Asset e Cobranca,2026-04-11,72,7322.44,Acordo Firmado,84.0,Sudeste
CONTR_2026_03582,Acerta Credito Integrado,2026-01-13,104,1681.49,Ajuizado,93.0,Nordeste
CONTR_2026_03583,Vertice Asset e Cobranca,2026-02-13,92,4442.38,Ajuizado,77.0,Nordeste
CONTR_2026_03584,Acerta Credito Integrado,2026-04-16,53,9465.77,Ajuizado,51.0,Sul
CONTR_2026_03585,Vertice Asset e Cobranca,2026-02-08,141,6949.69,Em Aberto,24.0,Centro-Oeste
CONTR_2026_03586,Vertice Asset e Cobranca,2026-01-19,127,6193.6,Insucesso,22.0,Nordeste
CONTR_2026_03587,Vertice Asset e Cobranca,2026-02-20,64,2567.97,Acordo Firmado,86.0,Sudeste
CONTR_2026_03588,Acerta Credito Integrado,2026-01-19,120,3701.35,Insucesso,40.0,Sudeste
CONTR_2026_03589,Fenix Recuperacao de Credito,2026-03-17,54,2196.67,Insucesso,75.0,Sudeste
CONTR_2026_03590,Fenix Recuperacao de Credito,2026-02-21,103,4755.79,Em Aberto,8.0,Sudeste
CONTR_2026_03591,Vertice Asset e Cobranca,2026-03-27,91,5587.37,Acordo Firmado,96.0,Sudeste
CONTR_2026_03592,Fenix Recuperacao de Credito,2026-02-16,140,6187.25,Acordo Firmado,88.0,Sudeste
CONTR_2026_03593,Nexus Mediacao Financeira,2026-04-11,99,11635.58,Ajuizado,12.0,Nordeste
CONTR_2026_03594,Nexus Mediacao Financeira,2026-04-30,43,1519.12,Insucesso,49.0,Norte
CONTR_2026_03595,Vertice Asset e Cobranca,2026-01-30,120,3657.67,Insucesso,21.0,Nordeste
CONTR_2026_03596,Nexus Mediacao Financeira,2026-02-15,76,5669.84,Em Aberto,67.0,Nordeste
CONTR_2026_03597,Fenix Recuperacao de Credito,2026-03-17,75,5421.28,Acordo Firmado,39.0,Norte
CONTR_2026_03598,Nexus Mediacao Financeira,2026-04-03,90,1309.72,Em Aberto,62.0,Nordeste
CONTR_2026_03599,Vertice Asset e Cobranca,2026-01-21,72,2249.34,Ajuizado,82.0,Sudeste
CONTR_2026_03600,Nexus Mediacao Financeira,2026-03-16,143,10545.73,Em Aberto,58.0,Nordeste
CONTR_2026_03601,Fenix Recuperacao de Credito,2026-04-11,114,4822.07,Insucesso,62.0,Nordeste
CONTR_2026_03602,Nexus Mediacao Financeira,2026-02-17,55,3868.42,Insucesso,70.0,Norte
CONTR_2026_03603,Fenix Recuperacao de Credito,2026-03-03,68,12721.7,Em Aberto,36.0,Sudeste
CONTR_2026_03604,Vertice Asset e Cobranca,2026-02-27,50,1589.55,Acordo Firmado,51.0,Sudeste
CONTR_2026_03605,Fenix Recuperacao de Credito,2026-01-18,119,13975.17,Em Aberto,79.0,Centro-Oeste
CONTR_2026_03606,Fenix Recuperacao de Credito,2026-04-18,87,1340.88,Acordo Firmado,15.0,Sudeste
CONTR_2026_03607,Acerta Credito Integrado,2026-02-28,60,5335.34,Em Aberto,62.0,Sul
CONTR_2026_03608,Vertice Asset e Cobranca,2026-04-01,137,5249.43,Em Aberto,38.0,Sul
CONTR_2026_03609,Fenix Recuperacao de Credito,2026-04-11,105,6295.33,Em Aberto,64.0,Sudeste
CONTR_2026_03610,Vertice Asset e Cobranca,2026-02-17,95,1350.37,Em Aberto,88.0,Sudeste
CONTR_2026_03611,Nexus Mediacao Financeira,2026-03-04,94,4980.64,Acordo Firmado,71.0,Nordeste
CONTR_2026_03612,Fenix Recuperacao de Credito,2026-01-12,49,1803.01,Acordo Firmado,9.0,Nordeste
CONTR_2026_03613,Vertice Asset e Cobranca,2026-03-28,106,2047.89,Acordo Firmado,75.0,Sudeste
CONTR_2026_03614,Acerta Credito Integrado,2026-02-03,77,2412.62,Em Aberto,80.0,Nordeste
CONTR_2026_03615,Vertice Asset e Cobranca,2026-03-02,116,5948.94,Em Aberto,71.0,Sudeste
CONTR_2026_03616,Fenix Recuperacao de Credito,2026-04-12,109,3672.21,Em Aberto,25.0,Nordeste
CONTR_2026_03617,Nexus Mediacao Financeira,2026-03-28,88,1646.0,Acordo Firmado,78.0,Centro-Oeste
CONTR_2026_03618,Acerta Credito Integrado,2026-02-22,86,2905.51,Em Aberto,65.0,Nordeste
CONTR_2026_03619,Acerta Credito Integrado,2026-01-25,139,1598.58,Insucesso,20.0,Sul
CONTR_2026_03620,Fenix Recuperacao de Credito,2026-03-03,49,6655.12,Acordo Firmado,28.0,Sul
CONTR_2026_03621,Nexus Mediacao Financeira,2026-01-04,72,5276.18,Em Aberto,49.0,Nordeste
CONTR_2026_03622,Fenix Recuperacao de Credito,2026-04-04,124,3818.59,Em Aberto,34.0,Sul
CONTR_2026_03623,Fenix Recuperacao de Credito,2026-04-04,134,14333.05,Acordo Firmado,73.0,Norte
CONTR_2026_03624,Acerta Credito Integrado,2026-01-13,85,4856.58,Insucesso,20.0,Sudeste
CONTR_2026_03625,Fenix Recuperacao de Credito,2026-02-11,69,12125.59,Acordo Firmado,95.0,Nordeste
CONTR_2026_03626,Vertice Asset e Cobranca,2026-02-18,69,5526.62,Em Aberto,85.0,Sudeste
CONTR_2026_03627,Fenix Recuperacao de Credito,2026-03-19,46,3564.38,Ajuizado,22.0,Nordeste
CONTR_2026_03628,Acerta Credito Integrado,2026-02-25,150,5071.75,Insucesso,77.0,Norte
CONTR_2026_03629,Acerta Credito Integrado,2026-02-16,85,2023.56,Em Aberto,44.0,Sudeste
CONTR_2026_03630,Nexus Mediacao Financeira,2026-01-08,103,6815.86,Ajuizado,47.0,Sudeste
CONTR_2026_03631,Acerta Credito Integrado,2026-02-24,104,21324.05,Acordo Firmado,25.0,Sudeste
CONTR_2026_03632,Fenix Recuperacao de Credito,2026-03-29,134,2621.36,Em Aberto,22.0,Nordeste
CONTR_2026_03633,Vertice Asset e Cobranca,2026-01-18,77,3151.88,Acordo Firmado,61.0,Nordeste
CONTR_2026_03634,Vertice Asset e Cobranca,2026-02-04,79,3805.15,Em Aberto,52.0,Sudeste
CONTR_2026_03635,Fenix Recuperacao de Credito,2026-03-30,114,4503.23,Acordo Firmado,20.0,Sudeste
CONTR_2026_03636,Vertice Asset e Cobranca,2026-03-22,36,7548.84,Acordo Firmado,96.0,Sudeste
CONTR_2026_03637,Fenix Recuperacao de Credito,2026-02-01,134,1934.81,Em Aberto,80.0,Nordeste
CONTR_2026_03638,Fenix Recuperacao de Credito,2026-04-30,142,3001.02,Insucesso,20.0,Sudeste
CONTR_2026_03639,Vertice Asset e Cobranca,2026-01-24,97,5068.21,Em Aberto,86.0,Sudeste
CONTR_2026_03640,Fenix Recuperacao de Credito,2026-01-07,61,5652.84,Acordo Firmado,45.0,Nordeste
CONTR_2026_03641,Fenix Recuperacao de Credito,2026-01-13,115,5046.15,Em Aberto,37.0,Sudeste
CONTR_2026_03642,Fenix Recuperacao de Credito,2026-04-01,84,4058.98,Acordo Firmado,15.0,Nordeste
CONTR_2026_03643,Vertice Asset e Cobranca,2026-04-22,94,7414.87,Acordo Firmado,76.0,Norte
CONTR_2026_03644,Vertice Asset e Cobranca,2026-03-10,96,2343.76,Insucesso,9.0,Nordeste
CONTR_2026_03645,Acerta Credito Integrado,2026-04-10,70,2861.5,Em Aberto,44.0,Sul
CONTR_2026_03646,Fenix Recuperacao de Credito,2026-03-31,100,4139.28,Em Aberto,15.0,Centro-Oeste
CONTR_2026_03647,Vertice Asset e Cobranca,2026-02-11,46,7145.47,Em Aberto,44.0,Sul
CONTR_2026_03648,Vertice Asset e Cobranca,2026-04-19,24,1629.7,Em Aberto,86.0,Sudeste
CONTR_2026_03649,Nexus Mediacao Financeira,2026-01-31,100,1814.63,Ajuizado,12.0,Norte
CONTR_2026_03650,Vertice Asset e Cobranca,2026-03-15,121,8825.68,Em Aberto,27.0,Sudeste
CONTR_2026_03651,Acerta Credito Integrado,2026-04-20,74,2711.98,Em Aberto,19.0,Sul
CONTR_2026_03652,Vertice Asset e Cobranca,2026-01-26,72,17750.4,Em Aberto,25.0,Nordeste
CONTR_2026_03653,Acerta Credito Integrado,2026-03-27,109,17473.15,Acordo Firmado,74.0,Sudeste
CONTR_2026_03654,Fenix Recuperacao de Credito,2026-03-17,89,6990.94,Insucesso,99.0,Sudeste
CONTR_2026_03655,Fenix Recuperacao de Credito,2026-02-01,73,7509.3,Acordo Firmado,64.0,Nordeste
CONTR_2026_03656,Fenix Recuperacao de Credito,2026-04-01,99,6463.42,Ajuizado,12.0,Norte
CONTR_2026_03657,Vertice Asset e Cobranca,2026-04-07,90,2176.01,Em Aberto,50.0,Nordeste
CONTR_2026_03658,Nexus Mediacao Financeira,2026-04-27,52,4670.29,Acordo Firmado,72.0,Sul
CONTR_2026_03659,Nexus Mediacao Financeira,2026-02-21,86,9075.57,Em Aberto,11.0,Nordeste
CONTR_2026_03660,Fenix Recuperacao de Credito,2026-01-20,95,8651.13,Acordo Firmado,83.0,Nordeste
CONTR_2026_03661,Nexus Mediacao Financeira,2026-04-13,73,12651.83,Acordo Firmado,23.0,Sudeste
CONTR_2026_03662,Nexus Mediacao Financeira,2026-04-15,117,12752.99,Em Aberto,88.0,Sudeste
CONTR_2026_03663,Fenix Recuperacao de Credito,2026-02-09,104,2715.57,Acordo Firmado,15.0,Nordeste
CONTR_2026_03664,Fenix Recuperacao de Credito,2026-02-28,81,7595.65,Insucesso,63.0,Sudeste
CONTR_2026_03665,Nexus Mediacao Financeira,2026-03-18,94,6468.29,Insucesso,20.0,Nordeste
CONTR_2026_03666,Vertice Asset e Cobranca,2026-01-14,78,12050.34,Em Aberto,89.0,Centro-Oeste
CONTR_2026_03667,Acerta Credito Integrado,2026-02-13,83,2213.49,Em Aberto,78.0,Sul
CONTR_2026_03668,Fenix Recuperacao de Credito,2026-04-14,84,7931.38,Acordo Firmado,10.0,Sul
CONTR_2026_03669,Fenix Recuperacao de Credito,2026-04-27,36,3952.44,Ajuizado,61.0,Norte
CONTR_2026_03670,Vertice Asset e Cobranca,2026-03-27,90,3708.38,Acordo Firmado,51.0,Sul
CONTR_2026_03671,Fenix Recuperacao de Credito,2026-03-23,99,1382.24,Insucesso,47.0,Nordeste
CONTR_2026_03672,Fenix Recuperacao de Credito,2026-02-17,163,17480.35,Acordo Firmado,49.0,Norte
CONTR_2026_03673,Acerta Credito Integrado,2026-04-03,103,6831.49,Em Aberto,49.0,Nordeste
CONTR_2026_03674,Fenix Recuperacao de Credito,2026-02-12,70,5666.56,Em Aberto,76.0,Nordeste
CONTR_2026_03675,Nexus Mediacao Financeira,2026-01-16,40,2646.19,Ajuizado,33.0,Nordeste
CONTR_2026_03676,Vertice Asset e Cobranca,2026-04-20,58,6571.24,Em Aberto,87.0,Nordeste
CONTR_2026_03677,Fenix Recuperacao de Credito,2026-02-04,75,15757.21,Em Aberto,78.0,Nordeste
CONTR_2026_03678,Vertice Asset e Cobranca,2026-02-22,75,2091.38,Ajuizado,23.0,Sudeste
CONTR_2026_03679,Acerta Credito Integrado,2026-02-03,82,21816.38,Em Aberto,53.0,Sudeste
CONTR_2026_03680,Vertice Asset e Cobranca,2026-01-03,77,3988.1,Ajuizado,37.0,Sudeste
CONTR_2026_03681,Acerta Credito Integrado,2026-03-09,83,20335.91,Acordo Firmado,22.0,Nordeste
CONTR_2026_03682,Fenix Recuperacao de Credito,2026-04-28,77,6223.8,Acordo Firmado,93.0,Centro-Oeste
CONTR_2026_03683,Acerta Credito Integrado,2026-01-05,90,3158.6,Insucesso,100.0,Sudeste
CONTR_2026_03684,Fenix Recuperacao de Credito,2026-01-10,62,3545.57,Insucesso,2.0,Sul
CONTR_2026_03685,Nexus Mediacao Financeira,2026-02-21,52,2916.36,Em Aberto,20.0,Nordeste
CONTR_2026_03686,Nexus Mediacao Financeira,2026-01-29,82,3238.17,Insucesso,5.0,Nordeste
CONTR_2026_03687,Fenix Recuperacao de Credito,2026-04-06,103,6399.87,Acordo Firmado,91.0,Sul
CONTR_2026_03688,Vertice Asset e Cobranca,2026-01-31,56,1283.72,Em Aberto,3.0,Nordeste
CONTR_2026_03689,Fenix Recuperacao de Credito,2026-03-07,72,18352.8,Insucesso,82.0,Centro-Oeste
CONTR_2026_03690,Fenix Recuperacao de Credito,2026-03-17,85,8516.48,Em Aberto,77.0,Sudeste
CONTR_2026_03691,Acerta Credito Integrado,2026-04-01,84,15351.88,Ajuizado,86.0,Norte
CONTR_2026_03692,Nexus Mediacao Financeira,2026-03-10,112,7521.15,Acordo Firmado,77.0,Sul
CONTR_2026_03693,Acerta Credito Integrado,2026-02-06,118,4479.58,Em Aberto,12.0,Norte
CONTR_2026_03694,Fenix Recuperacao de Credito,2026-01-27,96,2251.92,Em Aberto,32.0,Nordeste
CONTR_2026_03695,Vertice Asset e Cobranca,2026-03-28,126,4831.67,Acordo Firmado,58.0,Sul
CONTR_2026_03696,Fenix Recuperacao de Credito,2026-02-02,78,7418.69,Acordo Firmado,100.0,Centro-Oeste
CONTR_2026_03697,Vertice Asset e Cobranca,2026-03-09,115,10827.0,Insucesso,71.0,Sudeste
CONTR_2026_03698,Nexus Mediacao Financeira,2026-02-28,71,3158.78,Ajuizado,70.0,Nordeste
CONTR_2026_03699,Fenix Recuperacao de Credito,2026-03-05,98,4771.66,Acordo Firmado,40.0,Nordeste
CONTR_2026_03700,Vertice Asset e Cobranca,2026-03-26,109,6037.67,Em Aberto,6.0,Sul
CONTR_2026_03701,Nexus Mediacao Financeira,2026-03-29,91,5640.86,Acordo Firmado,63.0,Nordeste
CONTR_2026_03702,Nexus Mediacao Financeira,2026-02-13,61,1468.97,Acordo Firmado,25.0,Nordeste
CONTR_2026_03703,Vertice Asset e Cobranca,2026-04-05,39,4502.37,Em Aberto,91.0,Sudeste
CONTR_2026_03704,Acerta Credito Integrado,2026-04-18,106,9478.23,Ajuizado,69.0,Sudeste
CONTR_2026_03705,Fenix Recuperacao de Credito,2026-04-22,81,9305.12,Ajuizado,83.0,Sudeste
CONTR_2026_03706,Acerta Credito Integrado,2026-03-29,83,4737.67,Ajuizado,73.0,Nordeste
CONTR_2026_03707,Acerta Credito Integrado,2026-02-18,135,16420.03,Em Aberto,50.0,Sudeste
CONTR_2026_03708,Vertice Asset e Cobranca,2026-02-22,61,9950.12,Acordo Firmado,40.0,Nordeste
CONTR_2026_03709,Vertice Asset e Cobranca,2026-03-15,112,7884.23,Acordo Firmado,1.0,Sul
CONTR_2026_03710,Vertice Asset e Cobranca,2026-02-18,67,4824.23,Insucesso,46.0,Nordeste
CONTR_2026_03711,Fenix Recuperacao de Credito,2026-04-23,84,5666.25,Insucesso,73.0,Sudeste
CONTR_2026_03712,Acerta Credito Integrado,2026-04-24,57,2463.09,Em Aberto,39.0,Sudeste
CONTR_2026_03713,Acerta Credito Integrado,2026-03-07,67,5000.78,Insucesso,10.0,Sudeste
CONTR_2026_03714,Nexus Mediacao Financeira,2026-04-05,102,4932.97,Ajuizado,49.0,Nordeste
CONTR_2026_03715,Vertice Asset e Cobranca,2026-03-04,128,2333.01,Em Aberto,14.0,Sudeste
CONTR_2026_03716,Vertice Asset e Cobranca,2026-01-25,102,16294.83,Acordo Firmado,46.0,Sudeste
CONTR_2026_03717,Vertice Asset e Cobranca,2026-01-04,99,2603.55,Em Aberto,40.0,Sudeste
CONTR_2026_03718,Fenix Recuperacao de Credito,2026-02-20,166,1750.32,Insucesso,89.0,Sul
CONTR_2026_03719,Vertice Asset e Cobranca,2026-01-11,106,4346.26,Em Aberto,19.0,Nordeste
CONTR_2026_03720,Vertice Asset e Cobranca,2026-01-17,61,6992.98,Ajuizado,17.0,Norte
CONTR_2026_03721,Vertice Asset e Cobranca,2026-04-18,39,2285.51,Em Aberto,82.0,Sudeste
CONTR_2026_03722,Acerta Credito Integrado,2026-03-07,101,2209.92,Insucesso,46.0,Sudeste
CONTR_2026_03723,Fenix Recuperacao de Credito,2026-03-11,47,2715.47,Acordo Firmado,73.0,Nordeste
CONTR_2026_03724,Fenix Recuperacao de Credito,2026-03-14,59,3002.82,Ajuizado,65.0,Sul
CONTR_2026_03725,Vertice Asset e Cobranca,2026-03-10,99,2613.14,Acordo Firmado,70.0,Sudeste
CONTR_2026_03726,Fenix Recuperacao de Credito,2026-03-25,121,4380.99,Em Aberto,38.0,Norte
CONTR_2026_03727,Fenix Recuperacao de Credito,2026-01-29,81,1292.16,Acordo Firmado,17.0,Sudeste
CONTR_2026_03728,Fenix Recuperacao de Credito,2026-03-26,53,1657.93,Em Aberto,73.0,Sul
CONTR_2026_03729,Fenix Recuperacao de Credito,2026-03-14,85,7734.91,Acordo Firmado,11.0,Nordeste
CONTR_2026_03730,Nexus Mediacao Financeira,2026-04-02,81,3858.03,Acordo Firmado,53.0,Nordeste
CONTR_2026_03731,Fenix Recuperacao de Credito,2026-04-29,93,3433.91,Em Aberto,18.0,Norte
CONTR_2026_03732,Vertice Asset e Cobranca,2026-03-13,53,1252.5,Insucesso,7.0,Nordeste
CONTR_2026_03733,Vertice Asset e Cobranca,2026-04-05,64,2970.66,Em Aberto,35.0,Centro-Oeste
CONTR_2026_03734,Nexus Mediacao Financeira,2026-01-20,120,9807.06,Insucesso,44.0,Nordeste
CONTR_2026_03735,Fenix Recuperacao de Credito,2026-01-27,112,3280.36,Ajuizado,71.0,Sudeste
CONTR_2026_03736,Vertice Asset e Cobranca,2026-01-08,124,17778.79,Acordo Firmado,39.0,Sudeste
CONTR_2026_03737,Nexus Mediacao Financeira,2026-04-28,34,3671.15,Em Aberto,11.0,Norte
CONTR_2026_03738,Acerta Credito Integrado,2026-03-26,63,4319.31,Em Aberto,10.0,Sudeste
CONTR_2026_03739,Acerta Credito Integrado,2026-03-02,119,9295.16,Em Aberto,98.0,Nordeste
CONTR_2026_03740,Nexus Mediacao Financeira,2026-01-28,107,21579.86,Acordo Firmado,88.0,Sudeste
CONTR_2026_03741,Fenix Recuperacao de Credito,2026-03-28,102,3522.87,Em Aberto,76.0,Sul
CONTR_2026_03742,Acerta Credito Integrado,2026-03-11,79,1838.8,Acordo Firmado,9.0,Nordeste
CONTR_2026_03743,Acerta Credito Integrado,2026-01-03,71,4901.79,Ajuizado,86.0,Nordeste
CONTR_2026_03744,Fenix Recuperacao de Credito,2026-03-10,90,5679.51,Ajuizado,96.0,Sul
CONTR_2026_03745,Fenix Recuperacao de Credito,2026-03-14,76,17226.9,Em Aberto,51.0,Sul
CONTR_2026_03746,Fenix Recuperacao de Credito,2026-01-07,105,3871.52,Insucesso,48.0,Nordeste
CONTR_2026_03747,Nexus Mediacao Financeira,2026-03-01,91,1676.01,Em Aberto,21.0,Sudeste
CONTR_2026_03748,Vertice Asset e Cobranca,2026-01-04,60,6462.48,Acordo Firmado,80.0,Nordeste
CONTR_2026_03749,Vertice Asset e Cobranca,2026-04-13,109,1306.69,Em Aberto,97.0,Sul
CONTR_2026_03750,Acerta Credito Integrado,2026-01-05,127,3970.56,Acordo Firmado,89.0,Nordeste
CONTR_2026_03751,Acerta Credito Integrado,2026-01-11,129,3835.17,Acordo Firmado,6.0,Nordeste
CONTR_2026_03752,Fenix Recuperacao de Credito,2026-01-15,110,2670.64,Em Aberto,59.0,Sudeste
CONTR_2026_03753,Vertice Asset e Cobranca,2026-03-05,110,17864.29,Acordo Firmado,68.0,Centro-Oeste
CONTR_2026_03754,Nexus Mediacao Financeira,2026-04-08,55,3782.61,Em Aberto,23.0,Nordeste
CONTR_2026_03755,Vertice Asset e Cobranca,2026-01-13,69,12455.05,Acordo Firmado,73.0,Nordeste
CONTR_2026_03756,Fenix Recuperacao de Credito,2026-04-28,84,4819.17,Acordo Firmado,100.0,Nordeste
CONTR_2026_03757,Fenix Recuperacao de Credito,2026-04-22,107,9788.91,Ajuizado,75.0,Centro-Oeste
CONTR_2026_03758,Vertice Asset e Cobranca,2026-01-07,71,4201.88,Em Aberto,35.0,Centro-Oeste
CONTR_2026_03759,Vertice Asset e Cobranca,2026-04-14,80,25060.37,Em Aberto,12.0,Centro-Oeste
CONTR_2026_03760,Acerta Credito Integrado,2026-01-06,106,6308.66,Insucesso,99.0,Sudeste
CONTR_2026_03761,Fenix Recuperacao de Credito,2026-02-25,94,2047.7,Acordo Firmado,71.0,Nordeste
CONTR_2026_03762,Acerta Credito Integrado,2026-03-05,100,1232.26,Ajuizado,57.0,Nordeste
CONTR_2026_03763,Nexus Mediacao Financeira,2026-04-13,66,14418.37,Insucesso,29.0,Centro-Oeste
CONTR_2026_03764,Vertice Asset e Cobranca,2026-02-19,80,7004.58,Acordo Firmado,85.0,Nordeste
CONTR_2026_03765,Vertice Asset e Cobranca,2026-01-30,75,1761.87,Em Aberto,67.0,Sudeste
CONTR_2026_03766,Vertice Asset e Cobranca,2026-01-22,89,8002.88,Ajuizado,61.0,Nordeste
CONTR_2026_03767,Nexus Mediacao Financeira,2026-01-25,77,2488.34,Insucesso,61.0,Sudeste
CONTR_2026_03768,Vertice Asset e Cobranca,2026-01-28,72,9483.44,Em Aberto,88.0,Nordeste
CONTR_2026_03769,Fenix Recuperacao de Credito,2026-04-28,93,5907.05,Acordo Firmado,30.0,Nordeste
CONTR_2026_03770,Fenix Recuperacao de Credito,2026-03-25,152,1860.01,Ajuizado,27.0,Sudeste
CONTR_2026_03771,Nexus Mediacao Financeira,2026-02-08,107,1567.96,Em Aberto,51.0,Nordeste
CONTR_2026_03772,Fenix Recuperacao de Credito,2026-03-08,36,4337.9,Acordo Firmado,30.0,Sul
CONTR_2026_03773,Vertice Asset e Cobranca,2026-01-05,100,15014.65,Acordo Firmado,100.0,Sudeste
CONTR_2026_03774,Acerta Credito Integrado,2026-03-06,74,5357.83,Acordo Firmado,55.0,Nordeste
CONTR_2026_03775,Nexus Mediacao Financeira,2026-01-15,61,8317.05,Em Aberto,23.0,Nordeste
CONTR_2026_03776,Fenix Recuperacao de Credito,2026-03-31,111,4369.43,Em Aberto,37.0,Nordeste
CONTR_2026_03777,Acerta Credito Integrado,2026-03-08,92,3623.2,Em Aberto,26.0,Nordeste
CONTR_2026_03778,Nexus Mediacao Financeira,2026-02-09,164,9835.69,Em Aberto,36.0,Sudeste
CONTR_2026_03779,Nexus Mediacao Financeira,2026-04-15,86,4312.39,Em Aberto,92.0,Nordeste
CONTR_2026_03780,Acerta Credito Integrado,2026-04-21,83,1963.09,Acordo Firmado,63.0,Nordeste
CONTR_2026_03781,Vertice Asset e Cobranca,2026-04-16,125,2804.61,Em Aberto,37.0,Nordeste
CONTR_2026_03782,Vertice Asset e Cobranca,2026-04-08,90,5320.65,Em Aberto,51.0,Sudeste
CONTR_2026_03783,Fenix Recuperacao de Credito,2026-04-26,58,3775.65,Em Aberto,68.0,Sudeste
CONTR_2026_03784,Acerta Credito Integrado,2026-03-10,63,3481.63,Ajuizado,93.0,Nordeste
CONTR_2026_03785,Acerta Credito Integrado,2026-04-05,80,6724.62,Insucesso,78.0,Centro-Oeste
CONTR_2026_03786,Fenix Recuperacao de Credito,2026-04-25,109,6257.41,Em Aberto,63.0,Sudeste
CONTR_2026_03787,Nexus Mediacao Financeira,2026-03-18,128,3084.58,Em Aberto,37.0,Sudeste
CONTR_2026_03788,Vertice Asset e Cobranca,2026-02-12,114,3426.96,Ajuizado,97.0,Nordeste
CONTR_2026_03789,Fenix Recuperacao de Credito,2026-01-01,107,8172.97,Ajuizado,31.0,Sudeste
CONTR_2026_03790,Vertice Asset e Cobranca,2026-01-22,122,13909.77,Acordo Firmado,78.0,Sudeste
CONTR_2026_03791,Fenix Recuperacao de Credito,2026-03-03,108,3159.4,Acordo Firmado,25.0,Nordeste
CONTR_2026_03792,Fenix Recuperacao de Credito,2026-03-20,62,2925.69,Em Aberto,73.0,Nordeste
CONTR_2026_03793,Nexus Mediacao Financeira,2026-01-26,83,2741.33,Insucesso,51.0,Nordeste
CONTR_2026_03794,Acerta Credito Integrado,2026-01-18,74,1962.88,Ajuizado,46.0,Nordeste
CONTR_2026_03795,Fenix Recuperacao de Credito,2026-02-17,127,3567.44,Em Aberto,89.0,Sudeste
CONTR_2026_03796,Nexus Mediacao Financeira,2026-01-09,61,4828.42,Acordo Firmado,30.0,Sudeste
CONTR_2026_03797,Nexus Mediacao Financeira,2026-01-01,61,5054.82,Em Aberto,20.0,Sudeste
CONTR_2026_03798,Fenix Recuperacao de Credito,2026-04-17,95,7072.56,Acordo Firmado,23.0,Nordeste
CONTR_2026_03799,Fenix Recuperacao de Credito,2026-01-09,147,1469.92,Em Aberto,1.0,Sudeste
CONTR_2026_03800,Nexus Mediacao Financeira,2026-01-23,112,5320.94,Em Aberto,15.0,Sudeste
CONTR_2026_03801,Vertice Asset e Cobranca,2026-04-17,121,2671.78,Acordo Firmado,21.0,Sudeste
CONTR_2026_03802,Fenix Recuperacao de Credito,2026-02-14,56,2566.42,Insucesso,30.0,Nordeste
CONTR_2026_03803,Acerta Credito Integrado,2026-01-02,110,8996.72,Em Aberto,11.0,Sul
CONTR_2026_03804,Vertice Asset e Cobranca,2026-01-14,56,2033.09,Insucesso,90.0,Nordeste
CONTR_2026_03805,Vertice Asset e Cobranca,2026-02-07,111,3195.68,Em Aberto,52.0,Sul
CONTR_2026_03806,Vertice Asset e Cobranca,2026-02-09,42,6275.56,Acordo Firmado,30.0,Nordeste
CONTR_2026_03807,Vertice Asset e Cobranca,2026-03-04,79,6348.32,Insucesso,9.0,Sudeste
CONTR_2026_03808,Vertice Asset e Cobranca,2026-03-23,28,1446.41,Em Aberto,69.0,Sudeste
CONTR_2026_03809,Fenix Recuperacao de Credito,2026-01-16,63,1576.63,Em Aberto,47.0,Sudeste
CONTR_2026_03810,Fenix Recuperacao de Credito,2026-04-27,47,6526.32,Acordo Firmado,34.0,Sudeste
CONTR_2026_03811,Nexus Mediacao Financeira,2026-04-03,109,16504.14,Acordo Firmado,33.0,Norte
CONTR_2026_03812,Vertice Asset e Cobranca,2026-04-18,92,33721.84,Insucesso,98.0,Centro-Oeste
CONTR_2026_03813,Fenix Recuperacao de Credito,2026-03-16,75,22956.45,Acordo Firmado,65.0,Nordeste
CONTR_2026_03814,Nexus Mediacao Financeira,2026-01-06,93,3366.08,Ajuizado,51.0,Sudeste
CONTR_2026_03815,Vertice Asset e Cobranca,2026-01-03,65,2584.11,Acordo Firmado,51.0,Sul
CONTR_2026_03816,Nexus Mediacao Financeira,2026-01-14,99,1719.3,Em Aberto,31.0,Nordeste
CONTR_2026_03817,Vertice Asset e Cobranca,2026-03-07,87,3171.34,Acordo Firmado,56.0,Nordeste
CONTR_2026_03818,Acerta Credito Integrado,2026-04-06,158,2820.72,Acordo Firmado,76.0,Norte
CONTR_2026_03819,Acerta Credito Integrado,2026-04-05,139,5499.51,Acordo Firmado,71.0,Norte
CONTR_2026_03820,Vertice Asset e Cobranca,2026-03-16,118,3500.55,Ajuizado,45.0,Nordeste
CONTR_2026_03821,Vertice Asset e Cobranca,2026-03-27,98,2516.77,Em Aberto,33.0,Nordeste
CONTR_2026_03822,Vertice Asset e Cobranca,2026-03-08,102,5940.78,Em Aberto,96.0,Nordeste
CONTR_2026_03823,Acerta Credito Integrado,2026-04-24,127,3150.92,Em Aberto,51.0,Sudeste
CONTR_2026_03824,Vertice Asset e Cobranca,2026-01-31,98,3381.99,Acordo Firmado,5.0,Sul
CONTR_2026_03825,Fenix Recuperacao de Credito,2026-02-02,100,5762.0,Ajuizado,38.0,Sudeste
CONTR_2026_03826,Fenix Recuperacao de Credito,2026-03-29,72,1829.06,Acordo Firmado,5.0,Nordeste
CONTR_2026_03827,Vertice Asset e Cobranca,2026-01-01,-999,8641.62,Insucesso,56.0,Sudeste
CONTR_2026_03828,Vertice Asset e Cobranca,2026-02-13,86,18024.48,Insucesso,81.0,Sudeste
CONTR_2026_03829,Acerta Credito Integrado,2026-01-15,15,4574.83,Em Aberto,71.0,Sudeste
CONTR_2026_03830,Fenix Recuperacao de Credito,2026-02-06,89,5303.3,Em Aberto,89.0,Sudeste
CONTR_2026_03831,Vertice Asset e Cobranca,2026-01-27,82,3627.76,Em Aberto,25.0,Nordeste
CONTR_2026_03832,Acerta Credito Integrado,2026-04-12,116,16900.12,Acordo Firmado,67.0,Sudeste
CONTR_2026_03833,Acerta Credito Integrado,2026-02-17,126,1913.26,Insucesso,52.0,Nordeste
CONTR_2026_03834,Vertice Asset e Cobranca,2026-01-27,167,9597.21,Em Aberto,36.0,Sudeste
CONTR_2026_03835,Vertice Asset e Cobranca,2026-04-18,107,6455.2,Acordo Firmado,92.0,Nordeste
CONTR_2026_03836,Vertice Asset e Cobranca,2026-01-12,94,9038.99,Acordo Firmado,23.0,Centro-Oeste
CONTR_2026_03837,Fenix Recuperacao de Credito,2026-03-08,73,16224.83,Em Aberto,8.0,Centro-Oeste
CONTR_2026_03838,Fenix Recuperacao de Credito,2026-01-30,58,4627.41,Acordo Firmado,31.0,Sudeste
CONTR_2026_03839,Fenix Recuperacao de Credito,2026-04-06,117,2900.71,Ajuizado,63.0,Sul
CONTR_2026_03840,Nexus Mediacao Financeira,2026-03-28,89,8759.55,Em Aberto,21.0,Sudeste
CONTR_2026_03841,Nexus Mediacao Financeira,2026-03-07,102,10507.82,Acordo Firmado,99.0,Sudeste
CONTR_2026_03842,Fenix Recuperacao de Credito,2026-01-07,90,6995.88,Acordo Firmado,50.0,Sudeste
CONTR_2026_03843,Vertice Asset e Cobranca,2026-02-03,91,10652.43,Ajuizado,29.0,Sudeste
CONTR_2026_03844,Vertice Asset e Cobranca,2026-02-01,96,7752.73,Em Aberto,60.0,Norte
CONTR_2026_03845,Fenix Recuperacao de Credito,2026-04-27,102,16988.08,Ajuizado,67.0,Sudeste
CONTR_2026_03846,Nexus Mediacao Financeira,2026-02-08,118,5427.78,Em Aberto,44.0,Nordeste
CONTR_2026_03847,Vertice Asset e Cobranca,2026-04-06,53,3594.0,Acordo Firmado,89.0,Sudeste
CONTR_2026_03848,Nexus Mediacao Financeira,2026-02-12,107,6905.31,Em Aberto,2.0,Nordeste
CONTR_2026_03849,Acerta Credito Integrado,2026-02-12,51,1558.09,Em Aberto,98.0,Nordeste
CONTR_2026_03850,Fenix Recuperacao de Credito,2026-03-19,111,4649.67,Acordo Firmado,15.0,Sudeste
CONTR_2026_03851,Vertice Asset e Cobranca,2026-01-03,-999,8622.86,Ajuizado,39.0,Centro-Oeste
CONTR_2026_03852,Fenix Recuperacao de Credito,2026-02-15,87,2125.41,Acordo Firmado,40.0,Sudeste
CONTR_2026_03853,Nexus Mediacao Financeira,2026-02-01,88,3757.52,Insucesso,47.0,Sudeste
CONTR_2026_03854,Fenix Recuperacao de Credito,2026-02-12,94,3356.12,Em Aberto,76.0,Nordeste
CONTR_2026_03855,Nexus Mediacao Financeira,2026-04-10,122,3239.61,Acordo Firmado,52.0,Nordeste
CONTR_2026_03856,Fenix Recuperacao de Credito,2026-03-22,120,6458.07,Em Aberto,88.0,Nordeste
CONTR_2026_03857,Vertice Asset e Cobranca,2026-04-22,116,4640.76,Em Aberto,6.0,Sul
CONTR_2026_03858,Nexus Mediacao Financeira,2026-01-03,49,9180.52,Em Aberto,70.0,Sul
CONTR_2026_03859,Vertice Asset e Cobranca,2026-03-15,107,1497.95,Em Aberto,48.0,Nordeste
CONTR_2026_03860,Acerta Credito Integrado,2026-04-27,18,4224.85,Acordo Firmado,58.0,Nordeste
CONTR_2026_03861,Acerta Credito Integrado,2026-03-04,26,1270.49,Em Aberto,90.0,Sudeste
CONTR_2026_03862,Nexus Mediacao Financeira,2026-04-21,123,2447.82,Em Aberto,3.0,Nordeste
CONTR_2026_03863,Vertice Asset e Cobranca,2026-02-09,46,8666.63,Insucesso,96.0,Sudeste
CONTR_2026_03864,Vertice Asset e Cobranca,2026-01-18,-999,1760.53,Em Aberto,46.0,Norte
CONTR_2026_03865,Fenix Recuperacao de Credito,2026-03-08,132,1757.9,Insucesso,18.0,Sul
CONTR_2026_03866,Vertice Asset e Cobranca,2026-04-13,107,3766.13,Em Aberto,56.0,Nordeste
CONTR_2026_03867,Vertice Asset e Cobranca,2026-03-03,101,8701.61,Insucesso,92.0,Nordeste
CONTR_2026_03868,Nexus Mediacao Financeira,2026-01-10,88,6280.87,Acordo Firmado,33.0,Sudeste
CONTR_2026_03869,Nexus Mediacao Financeira,2026-02-21,93,8810.69,Insucesso,17.0,Sudeste
CONTR_2026_03870,Fenix Recuperacao de Credito,2026-03-14,71,1454.09,Acordo Firmado,32.0,Sul
CONTR_2026_03871,Vertice Asset e Cobranca,2026-02-15,75,5347.42,Ajuizado,51.0,Nordeste
CONTR_2026_03872,Fenix Recuperacao de Credito,2026-02-24,92,4219.21,Em Aberto,85.0,Nordeste
CONTR_2026_03873,Fenix Recuperacao de Credito,2026-02-15,96,12517.85,Acordo Firmado,2.0,Sudeste
CONTR_2026_03874,Acerta Credito Integrado,2026-03-16,85,7884.46,Em Aberto,26.0,Nordeste
CONTR_2026_03875,Fenix Recuperacao de Credito,2026-03-01,22,3961.2,Acordo Firmado,39.0,Nordeste
CONTR_2026_03876,Vertice Asset e Cobranca,2026-04-07,136,5235.49,Em Aberto,63.0,Nordeste
CONTR_2026_03877,Fenix Recuperacao de Credito,2026-04-10,118,3965.48,Insucesso,17.0,Sul
CONTR_2026_03878,Acerta Credito Integrado,2026-01-26,83,4109.34,Ajuizado,100.0,Nordeste
CONTR_2026_03879,Nexus Mediacao Financeira,2026-01-27,119,6226.74,Em Aberto,34.0,Sudeste
CONTR_2026_03880,Fenix Recuperacao de Credito,2026-02-07,79,2420.14,Em Aberto,19.0,Sul
CONTR_2026_03881,Nexus Mediacao Financeira,2026-01-22,99,3226.2,Acordo Firmado,62.0,Nordeste
CONTR_2026_03882,Acerta Credito Integrado,2026-01-26,32,2836.68,Em Aberto,32.0,Centro-Oeste
CONTR_2026_03883,Vertice Asset e Cobranca,2026-03-27,97,9267.29,Em Aberto,50.0,Nordeste
CONTR_2026_03884,Fenix Recuperacao de Credito,2026-03-10,81,15431.69,Em Aberto,86.0,Sudeste
CONTR_2026_03885,Acerta Credito Integrado,2026-02-04,96,3874.74,Em Aberto,45.0,Nordeste
CONTR_2026_03886,Fenix Recuperacao de Credito,2026-03-07,141,1601.18,Acordo Firmado,54.0,Sul
CONTR_2026_03887,Fenix Recuperacao de Credito,2026-04-09,89,1691.1,Em Aberto,82.0,Sudeste
CONTR_2026_03888,Nexus Mediacao Financeira,2026-03-14,76,3750.7,Insucesso,88.0,Sudeste
CONTR_2026_03889,Nexus Mediacao Financeira,2026-04-25,76,3712.51,Em Aberto,51.0,Nordeste
CONTR_2026_03890,Vertice Asset e Cobranca,2026-02-20,47,1990.04,Em Aberto,66.0,Nordeste
CONTR_2026_03891,Acerta Credito Integrado,2026-04-23,102,9428.52,Acordo Firmado,40.0,Sudeste
CONTR_2026_03892,Nexus Mediacao Financeira,2026-01-18,106,4667.08,Em Aberto,24.0,Sul
CONTR_2026_03893,Nexus Mediacao Financeira,2026-02-12,91,1777.39,Em Aberto,52.0,Nordeste
CONTR_2026_03894,Vertice Asset e Cobranca,2026-01-12,117,1719.7,Em Aberto,2.0,Sul
CONTR_2026_03895,Acerta Credito Integrado,2026-01-03,117,4152.63,Em Aberto,61.0,Sudeste
CONTR_2026_03896,Acerta Credito Integrado,2026-03-23,92,1821.22,Em Aberto,27.0,Sudeste
CONTR_2026_03897,Fenix Recuperacao de Credito,2026-04-30,107,5318.51,Acordo Firmado,66.0,Nordeste
CONTR_2026_03898,Acerta Credito Integrado,2026-04-12,155,3630.79,Acordo Firmado,87.0,Nordeste
CONTR_2026_03899,Nexus Mediacao Financeira,2026-01-07,65,13808.33,Em Aberto,33.0,Sudeste
CONTR_2026_03900,Acerta Credito Integrado,2026-04-07,113,3914.25,Em Aberto,34.0,Sudeste
CONTR_2026_03901,Vertice Asset e Cobranca,2026-01-06,92,5965.16,Em Aberto,62.0,Nordeste
CONTR_2026_03902,Vertice Asset e Cobranca,2026-03-23,121,9539.42,Acordo Firmado,32.0,Nordeste
CONTR_2026_03903,Fenix Recuperacao de Credito,2026-02-14,66,3003.96,Em Aberto,3.0,Sudeste
CONTR_2026_03904,Vertice Asset e Cobranca,2026-03-27,96,4786.06,Em Aberto,55.0,Nordeste
CONTR_2026_03905,Acerta Credito Integrado,2026-04-25,69,1844.51,Em Aberto,27.0,Nordeste
CONTR_2026_03906,Vertice Asset e Cobranca,2026-02-08,36,4034.95,Ajuizado,76.0,Sudeste
CONTR_2026_03907,Nexus Mediacao Financeira,2026-02-20,132,3556.59,Em Aberto,8.0,Nordeste
CONTR_2026_03908,Vertice Asset e Cobranca,2026-01-09,76,3994.73,Em Aberto,20.0,Sul
CONTR_2026_03909,Nexus Mediacao Financeira,2026-04-09,64,1768.14,Acordo Firmado,52.0,Centro-Oeste
CONTR_2026_03910,Vertice Asset e Cobranca,2026-01-23,72,3740.82,Insucesso,17.0,Nordeste
CONTR_2026_03911,Fenix Recuperacao de Credito,2026-01-12,144,11411.38,Acordo Firmado,33.0,Sudeste
CONTR_2026_03912,Vertice Asset e Cobranca,2026-04-26,129,15027.48,Em Aberto,55.0,Nordeste
CONTR_2026_03913,Fenix Recuperacao de Credito,2026-03-29,83,2583.56,Em Aberto,75.0,Sul
CONTR_2026_03914,Vertice Asset e Cobranca,2026-03-03,115,2986.96,Insucesso,73.0,Sul
CONTR_2026_03915,Vertice Asset e Cobranca,2026-04-24,57,1248.01,Insucesso,98.0,Sudeste
CONTR_2026_03916,Vertice Asset e Cobranca,2026-04-14,105,1814.12,Ajuizado,71.0,Sudeste
CONTR_2026_03917,Acerta Credito Integrado,2026-03-14,77,3316.51,Acordo Firmado,51.0,Sul
CONTR_2026_03918,Vertice Asset e Cobranca,2026-03-18,103,6977.64,Acordo Firmado,51.0,Nordeste
CONTR_2026_03919,Nexus Mediacao Financeira,2026-02-09,48,2928.0,Em Aberto,79.0,Nordeste
CONTR_2026_03920,Acerta Credito Integrado,2026-02-23,72,1591.96,Acordo Firmado,64.0,Sudeste
CONTR_2026_03921,Fenix Recuperacao de Credito,2026-04-16,95,7762.76,Acordo Firmado,88.0,Sudeste
CONTR_2026_03922,Vertice Asset e Cobranca,2026-03-22,95,4343.97,Acordo Firmado,40.0,Sudeste
CONTR_2026_03923,Acerta Credito Integrado,2026-01-07,46,4861.49,Em Aberto,58.0,Sudeste
CONTR_2026_03924,Vertice Asset e Cobranca,2026-01-17,60,3172.81,Insucesso,83.0,Sudeste
CONTR_2026_03925,Vertice Asset e Cobranca,2026-04-29,102,5947.22,Em Aberto,23.0,Sudeste
CONTR_2026_03926,Fenix Recuperacao de Credito,2026-02-19,99,12271.92,Insucesso,95.0,Nordeste
CONTR_2026_03927,Nexus Mediacao Financeira,2026-01-24,109,5234.47,Em Aberto,94.0,Nordeste
CONTR_2026_03928,Nexus Mediacao Financeira,2026-01-02,95,5627.79,Em Aberto,7.0,Sudeste
CONTR_2026_03929,Nexus Mediacao Financeira,2026-04-09,58,3538.53,Acordo Firmado,59.0,Norte
CONTR_2026_03930,Fenix Recuperacao de Credito,2026-04-02,79,1631.23,Insucesso,59.0,Sudeste
CONTR_2026_03931,Fenix Recuperacao de Credito,2026-03-24,105,3997.82,Em Aberto,51.0,Sudeste
CONTR_2026_03932,Fenix Recuperacao de Credito,2026-02-02,59,14127.35,Acordo Firmado,30.0,Sudeste
CONTR_2026_03933,Nexus Mediacao Financeira,2026-01-21,56,6900.53,Ajuizado,10.0,Sul
CONTR_2026_03934,Fenix Recuperacao de Credito,2026-04-27,80,4568.88,Em Aberto,98.0,Sudeste
CONTR_2026_03935,Vertice Asset e Cobranca,2026-03-15,98,6049.56,Em Aberto,13.0,Nordeste
CONTR_2026_03936,Nexus Mediacao Financeira,2026-02-22,34,5288.3,Acordo Firmado,39.0,Sudeste
CONTR_2026_03937,Vertice Asset e Cobranca,2026-02-15,82,13375.05,Acordo Firmado,77.0,Sudeste
CONTR_2026_03938,Fenix Recuperacao de Credito,2026-02-14,105,2467.03,Acordo Firmado,51.0,Centro-Oeste
CONTR_2026_03939,Fenix Recuperacao de Credito,2026-01-09,111,12177.02,Acordo Firmado,25.0,Nordeste
CONTR_2026_03940,Vertice Asset e Cobranca,2026-04-12,59,7031.31,Ajuizado,41.0,Nordeste
CONTR_2026_03941,Acerta Credito Integrado,2026-01-06,101,1883.38,Em Aberto,98.0,Sudeste
CONTR_2026_03942,Acerta Credito Integrado,2026-02-20,119,3525.32,Em Aberto,40.0,Nordeste
CONTR_2026_03943,Fenix Recuperacao de Credito,2026-04-27,108,4066.16,Em Aberto,62.0,Sul
CONTR_2026_03944,Vertice Asset e Cobranca,2026-04-16,77,1632.88,Acordo Firmado,40.0,Sudeste
CONTR_2026_03945,Fenix Recuperacao de Credito,2026-04-29,18,5239.42,Em Aberto,34.0,Sudeste
CONTR_2026_03946,Fenix Recuperacao de Credito,2026-02-04,96,2701.23,Em Aberto,79.0,Sudeste
CONTR_2026_03947,Nexus Mediacao Financeira,2026-03-23,137,4263.62,Insucesso,3.0,Sudeste
CONTR_2026_03948,Nexus Mediacao Financeira,2026-02-22,114,4088.1,Em Aberto,52.0,Sul
CONTR_2026_03949,Fenix Recuperacao de Credito,2026-01-19,112,4887.32,Acordo Firmado,46.0,Nordeste
CONTR_2026_03950,Fenix Recuperacao de Credito,2026-03-10,95,10560.75,Acordo Firmado,86.0,Nordeste
CONTR_2026_03951,Fenix Recuperacao de Credito,2026-01-25,116,8787.97,Em Aberto,98.0,Sudeste
CONTR_2026_03952,Acerta Credito Integrado,2026-01-11,99,11517.9,Em Aberto,69.0,Centro-Oeste
CONTR_2026_03953,Vertice Asset e Cobranca,2026-03-15,37,5447.22,Insucesso,41.0,Sudeste
CONTR_2026_03954,Fenix Recuperacao de Credito,2026-01-17,116,5983.03,Insucesso,86.0,Sul
CONTR_2026_03955,Fenix Recuperacao de Credito,2026-02-05,64,4014.86,Insucesso,60.0,Centro-Oeste
CONTR_2026_03956,Acerta Credito Integrado,2026-03-31,92,7515.41,Acordo Firmado,29.0,Nordeste
CONTR_2026_03957,Fenix Recuperacao de Credito,2026-04-05,112,2346.41,Acordo Firmado,8.0,Sudeste
CONTR_2026_03958,Vertice Asset e Cobranca,2026-04-06,67,4423.53,Ajuizado,98.0,Sul
CONTR_2026_03959,Fenix Recuperacao de Credito,2026-01-21,-999,7461.85,Acordo Firmado,4.0,Sudeste
CONTR_2026_03960,Fenix Recuperacao de Credito,2026-01-18,104,8722.66,Insucesso,25.0,Sudeste
CONTR_2026_03961,Nexus Mediacao Financeira,2026-03-01,56,2624.76,Em Aberto,50.0,Sul
CONTR_2026_03962,Vertice Asset e Cobranca,2026-01-18,84,2201.71,Acordo Firmado,23.0,Sul
CONTR_2026_03963,Fenix Recuperacao de Credito,2026-01-01,123,2902.14,Acordo Firmado,25.0,Sudeste
CONTR_2026_03964,Nexus Mediacao Financeira,2026-01-14,138,13838.38,Insucesso,98.0,Nordeste
CONTR_2026_03965,Fenix Recuperacao de Credito,2026-01-08,36,1891.26,Insucesso,70.0,Sudeste
CONTR_2026_03966,Acerta Credito Integrado,2026-03-07,83,16498.17,Em Aberto,98.0,Nordeste
CONTR_2026_03967,Vertice Asset e Cobranca,2026-02-20,128,27507.62,Em Aberto,21.0,Nordeste
CONTR_2026_03968,Fenix Recuperacao de Credito,2026-03-20,78,8849.54,Acordo Firmado,94.0,Sudeste
CONTR_2026_03969,Nexus Mediacao Financeira,2026-03-01,113,8344.39,Acordo Firmado,56.0,Sudeste
CONTR_2026_03970,Vertice Asset e Cobranca,2026-02-03,116,16518.61,Ajuizado,3.0,Sul
CONTR_2026_03971,Vertice Asset e Cobranca,2026-02-05,71,2916.22,Em Aberto,79.0,Sudeste
CONTR_2026_03972,Nexus Mediacao Financeira,2026-03-03,102,1890.46,Insucesso,51.0,Centro-Oeste
CONTR_2026_03973,Vertice Asset e Cobranca,2026-01-01,104,9860.86,Acordo Firmado,83.0,Sudeste
CONTR_2026_03974,Acerta Credito Integrado,2026-04-25,117,2137.25,Ajuizado,83.0,Sudeste
CONTR_2026_03975,Vertice Asset e Cobranca,2026-03-26,41,1432.37,Ajuizado,49.0,Nordeste
CONTR_2026_03976,Fenix Recuperacao de Credito,2026-02-11,128,2293.65,Insucesso,51.0,Sudeste
CONTR_2026_03977,Vertice Asset e Cobranca,2026-01-01,110,4080.44,Acordo Firmado,98.0,Nordeste
CONTR_2026_03978,Nexus Mediacao Financeira,2026-04-06,56,4617.0,Ajuizado,78.0,Sul
CONTR_2026_03979,Fenix Recuperacao de Credito,2026-03-25,86,1522.7,Ajuizado,68.0,Sul
CONTR_2026_03980,Vertice Asset e Cobranca,2026-02-23,115,4129.49,Acordo Firmado,31.0,Nordeste
CONTR_2026_03981,Acerta Credito Integrado,2026-02-16,57,5835.59,Acordo Firmado,46.0,Sudeste
CONTR_2026_03982,Acerta Credito Integrado,2026-04-10,62,14627.03,Insucesso,75.0,Nordeste
CONTR_2026_03983,Fenix Recuperacao de Credito,2026-02-08,90,2489.45,Em Aberto,44.0,Sudeste
CONTR_2026_03984,Fenix Recuperacao de Credito,2026-01-30,76,2384.76,Insucesso,45.0,Centro-Oeste
CONTR_2026_03985,Acerta Credito Integrado,2026-01-07,97,3666.77,Acordo Firmado,75.0,Centro-Oeste
CONTR_2026_03986,Fenix Recuperacao de Credito,2026-01-22,114,21769.02,Em Aberto,49.0,Nordeste
CONTR_2026_03987,Fenix Recuperacao de Credito,2026-02-19,98,3249.06,Acordo Firmado,4.0,Nordeste
CONTR_2026_03988,Vertice Asset e Cobranca,2026-02-14,89,1424.3,Acordo Firmado,80.0,Sul
CONTR_2026_03989,Vertice Asset e Cobranca,2026-03-15,114,2743.61,Em Aberto,57.0,Sudeste
CONTR_2026_03990,Acerta Credito Integrado,2026-04-30,86,5285.64,Acordo Firmado,56.0,Sudeste
CONTR_2026_03991,Fenix Recuperacao de Credito,2026-03-13,67,3859.77,Insucesso,38.0,Sul
CONTR_2026_03992,Fenix Recuperacao de Credito,2026-04-01,124,8641.04,Insucesso,6.0,Nordeste
CONTR_2026_03993,Acerta Credito Integrado,2026-01-10,17,5873.18,Acordo Firmado,82.0,Nordeste
CONTR_2026_03994,Fenix Recuperacao de Credito,2026-01-14,91,5298.74,Em Aberto,89.0,Sudeste
CONTR_2026_03995,Vertice Asset e Cobranca,2026-02-15,79,3150.38,Acordo Firmado,24.0,Nordeste
CONTR_2026_03996,Vertice Asset e Cobranca,2026-04-26,62,5213.09,Em Aberto,52.0,Sudeste
CONTR_2026_03997,Vertice Asset e Cobranca,2026-04-28,98,5980.24,Insucesso,39.0,Sudeste
CONTR_2026_03998,Vertice Asset e Cobranca,2026-03-16,103,2187.41,Ajuizado,73.0,Nordeste
CONTR_2026_03999,Nexus Mediacao Financeira,2026-01-06,65,7856.53,Em Aberto,37.0,Nordeste
CONTR_2026_04000,Fenix Recuperacao de Credito,2026-01-21,48,3695.58,Acordo Firmado,98.0,Sul
CONTR_2026_04001,Nexus Mediacao Financeira,2026-03-03,50,7979.32,Em Aberto,34.0,Sul
CONTR_2026_04002,Acerta Credito Integrado,2026-04-07,144,2178.31,Em Aberto,40.0,Sudeste
CONTR_2026_04003,Acerta Credito Integrado,2026-01-19,147,6543.14,Em Aberto,40.0,Nordeste
CONTR_2026_04004,Fenix Recuperacao de Credito,2026-04-13,90,1336.26,Em Aberto,37.0,Sudeste
CONTR_2026_04005,Fenix Recuperacao de Credito,2026-03-29,48,2065.61,Acordo Firmado,92.0,Nordeste
CONTR_2026_04006,Vertice Asset e Cobranca,2026-03-23,85,12287.59,Insucesso,50.0,Centro-Oeste
CONTR_2026_04007,Vertice Asset e Cobranca,2026-04-09,23,4294.58,Em Aberto,11.0,Sudeste
CONTR_2026_04008,Vertice Asset e Cobranca,2026-04-26,99,4744.99,Insucesso,78.0,Nordeste
CONTR_2026_04009,Nexus Mediacao Financeira,2026-03-03,60,13106.94,Em Aberto,59.0,Nordeste
CONTR_2026_04010,Fenix Recuperacao de Credito,2026-04-17,53,4517.3,Em Aberto,26.0,Sudeste
CONTR_2026_04011,Fenix Recuperacao de Credito,2026-04-11,119,6515.09,Acordo Firmado,60.0,Nordeste
CONTR_2026_04012,Vertice Asset e Cobranca,2026-03-24,85,2454.86,Acordo Firmado,8.0,Centro-Oeste
CONTR_2026_04013,Nexus Mediacao Financeira,2026-02-22,115,1625.47,Em Aberto,28.0,Norte
CONTR_2026_04014,Fenix Recuperacao de Credito,2026-01-24,126,3379.76,Acordo Firmado,84.0,Nordeste
CONTR_2026_04015,Nexus Mediacao Financeira,2026-02-25,87,9214.28,Ajuizado,60.0,Sudeste
CONTR_2026_04016,Vertice Asset e Cobranca,2026-03-03,89,4160.52,Ajuizado,89.0,Sudeste
CONTR_2026_04017,Acerta Credito Integrado,2026-02-03,121,2120.52,Em Aberto,10.0,Sudeste
CONTR_2026_04018,Acerta Credito Integrado,2026-01-22,73,5138.37,Em Aberto,63.0,Nordeste
CONTR_2026_04019,Vertice Asset e Cobranca,2026-03-09,124,2731.54,Em Aberto,61.0,Sudeste
CONTR_2026_04020,Fenix Recuperacao de Credito,2026-02-26,29,15856.08,Em Aberto,75.0,Nordeste
CONTR_2026_04021,Vertice Asset e Cobranca,2026-01-10,79,5506.8,Ajuizado,26.0,Nordeste
CONTR_2026_04022,Fenix Recuperacao de Credito,2026-03-07,95,21561.67,Em Aberto,23.0,Sudeste
CONTR_2026_04023,Nexus Mediacao Financeira,2026-01-08,53,1420.14,Acordo Firmado,63.0,Sudeste
CONTR_2026_04024,Acerta Credito Integrado,2026-04-07,101,1258.13,Insucesso,19.0,Nordeste
CONTR_2026_04025,Nexus Mediacao Financeira,2026-02-07,95,4441.78,Ajuizado,18.0,Norte
CONTR_2026_04026,Acerta Credito Integrado,2026-04-17,68,11102.49,Em Aberto,50.0,Nordeste
CONTR_2026_04027,Vertice Asset e Cobranca,2026-03-03,66,4915.96,Insucesso,19.0,Centro-Oeste
CONTR_2026_04028,Fenix Recuperacao de Credito,2026-01-28,63,11644.9,Insucesso,15.0,Nordeste
CONTR_2026_04029,Acerta Credito Integrado,2026-01-10,43,1899.56,Acordo Firmado,51.0,Nordeste
CONTR_2026_04030,Vertice Asset e Cobranca,2026-02-14,138,7208.66,Acordo Firmado,20.0,Nordeste
CONTR_2026_04031,Nexus Mediacao Financeira,2026-03-06,83,6592.24,Acordo Firmado,19.0,Sudeste
CONTR_2026_04032,Vertice Asset e Cobranca,2026-04-08,49,5136.89,Ajuizado,75.0,Sudeste
CONTR_2026_04033,Fenix Recuperacao de Credito,2026-03-08,86,3796.85,Acordo Firmado,71.0,Centro-Oeste
CONTR_2026_04034,Vertice Asset e Cobranca,2026-01-09,97,6407.4,Em Aberto,19.0,Sul
CONTR_2026_04035,Fenix Recuperacao de Credito,2026-01-05,65,5193.56,Insucesso,88.0,Nordeste
CONTR_2026_04036,Vertice Asset e Cobranca,2026-04-16,79,2791.57,Em Aberto,31.0,Nordeste
CONTR_2026_04037,Vertice Asset e Cobranca,2026-01-10,129,1752.51,Acordo Firmado,52.0,Nordeste
CONTR_2026_04038,Acerta Credito Integrado,2026-01-12,54,3644.09,Acordo Firmado,48.0,Sudeste
CONTR_2026_04039,Nexus Mediacao Financeira,2026-03-23,72,4791.67,Acordo Firmado,8.0,Nordeste
CONTR_2026_04040,Nexus Mediacao Financeira,2026-02-27,29,4751.62,Acordo Firmado,50.0,Nordeste
CONTR_2026_04041,Acerta Credito Integrado,2026-01-21,144,3971.99,Em Aberto,61.0,Sudeste
CONTR_2026_04042,Vertice Asset e Cobranca,2026-01-21,109,3182.69,Em Aberto,88.0,Nordeste
CONTR_2026_04043,Vertice Asset e Cobranca,2026-03-06,88,3357.72,Em Aberto,8.0,Nordeste
CONTR_2026_04044,Nexus Mediacao Financeira,2026-01-03,68,2745.18,Insucesso,13.0,Nordeste
CONTR_2026_04045,Vertice Asset e Cobranca,2026-03-10,66,5536.41,Acordo Firmado,74.0,Sudeste
CONTR_2026_04046,Vertice Asset e Cobranca,2026-03-30,81,10681.85,Em Aberto,19.0,Nordeste
CONTR_2026_04047,Vertice Asset e Cobranca,2026-03-05,104,11788.41,Acordo Firmado,50.0,Sul
CONTR_2026_04048,Nexus Mediacao Financeira,2026-02-18,58,26555.87,Em Aberto,23.0,Sul
CONTR_2026_04049,Acerta Credito Integrado,2026-03-13,76,1665.06,Em Aberto,57.0,Sudeste
CONTR_2026_04050,Fenix Recuperacao de Credito,2026-01-17,115,2405.64,Ajuizado,97.0,Sul
CONTR_2026_04051,Fenix Recuperacao de Credito,2026-03-14,138,7750.5,Ajuizado,30.0,Nordeste
CONTR_2026_04052,Nexus Mediacao Financeira,2026-02-01,106,6381.58,Acordo Firmado,94.0,Sudeste
CONTR_2026_04053,Acerta Credito Integrado,2026-03-11,70,1918.58,Acordo Firmado,29.0,Sudeste
CONTR_2026_04054,Nexus Mediacao Financeira,2026-04-23,85,6185.04,Acordo Firmado,61.0,Sudeste
CONTR_2026_04055,Acerta Credito Integrado,2026-04-14,102,3808.27,Acordo Firmado,35.0,Nordeste
CONTR_2026_04056,Fenix Recuperacao de Credito,2026-01-21,81,16916.46,Acordo Firmado,9.0,Sudeste
CONTR_2026_04057,Acerta Credito Integrado,2026-01-07,111,10863.49,Insucesso,72.0,Sudeste
CONTR_2026_04058,Fenix Recuperacao de Credito,2026-01-07,68,1580.32,Acordo Firmado,25.0,Nordeste
CONTR_2026_04059,Acerta Credito Integrado,2026-04-21,138,1671.5,Em Aberto,64.0,Sudeste
CONTR_2026_04060,Vertice Asset e Cobranca,2026-04-13,87,3898.33,Ajuizado,37.0,Nordeste
CONTR_2026_04061,Vertice Asset e Cobranca,2026-04-28,71,1242.03,Em Aberto,38.0,Sudeste
CONTR_2026_04062,Fenix Recuperacao de Credito,2026-01-27,107,1695.72,Acordo Firmado,8.0,Nordeste
CONTR_2026_04063,Acerta Credito Integrado,2026-01-08,60,14685.23,Em Aberto,90.0,Centro-Oeste
CONTR_2026_04064,Vertice Asset e Cobranca,2026-03-14,94,9061.48,Em Aberto,75.0,Sul
CONTR_2026_04065,Acerta Credito Integrado,2026-01-28,132,6784.53,Em Aberto,40.0,Sudeste
CONTR_2026_04066,Fenix Recuperacao de Credito,2026-03-20,53,10066.77,Em Aberto,23.0,Sudeste
CONTR_2026_04067,Fenix Recuperacao de Credito,2026-03-07,125,2638.78,Acordo Firmado,96.0,Sul
CONTR_2026_04068,Vertice Asset e Cobranca,2026-03-12,51,7665.24,Em Aberto,45.0,Sudeste
CONTR_2026_04069,Nexus Mediacao Financeira,2026-02-16,114,5979.93,Em Aberto,1.0,Sudeste
CONTR_2026_04070,Acerta Credito Integrado,2026-03-23,61,10640.72,Insucesso,49.0,Sudeste
CONTR_2026_04071,Vertice Asset e Cobranca,2026-03-27,125,2861.22,Insucesso,9.0,Centro-Oeste
CONTR_2026_04072,Nexus Mediacao Financeira,2026-04-24,72,8413.6,Acordo Firmado,40.0,Nordeste
CONTR_2026_04073,Nexus Mediacao Financeira,2026-01-10,79,10774.77,Em Aberto,28.0,Centro-Oeste
CONTR_2026_04074,Nexus Mediacao Financeira,2026-04-28,61,5181.52,Insucesso,97.0,Sudeste
CONTR_2026_04075,Nexus Mediacao Financeira,2026-04-24,-999,3870.35,Acordo Firmado,96.0,Sudeste
CONTR_2026_04076,Nexus Mediacao Financeira,2026-02-02,55,16045.7,Acordo Firmado,8.0,Norte
CONTR_2026_04077,Vertice Asset e Cobranca,2026-01-07,39,2125.44,Insucesso,51.0,Sudeste
CONTR_2026_04078,Vertice Asset e Cobranca,2026-01-03,28,1384.74,Acordo Firmado,82.0,Sudeste
CONTR_2026_04079,Acerta Credito Integrado,2026-01-14,98,2187.02,Em Aberto,71.0,Sudeste
CONTR_2026_04080,Fenix Recuperacao de Credito,2026-02-13,135,6951.43,Insucesso,18.0,Norte
CONTR_2026_04081,Nexus Mediacao Financeira,2026-02-15,143,8978.2,Insucesso,76.0,Sudeste
CONTR_2026_04082,Fenix Recuperacao de Credito,2026-03-02,55,7508.5,Insucesso,68.0,Nordeste
CONTR_2026_04083,Nexus Mediacao Financeira,2026-02-05,86,3922.49,Insucesso,77.0,Sudeste
CONTR_2026_04084,Acerta Credito Integrado,2026-01-13,124,18343.9,Em Aberto,75.0,Centro-Oeste
CONTR_2026_04085,Fenix Recuperacao de Credito,2026-01-16,50,4137.65,Insucesso,80.0,Sudeste
CONTR_2026_04086,Fenix Recuperacao de Credito,2026-03-21,126,21097.48,Insucesso,44.0,Nordeste
CONTR_2026_04087,Fenix Recuperacao de Credito,2026-04-28,126,13712.29,Acordo Firmado,78.0,Sudeste
CONTR_2026_04088,Nexus Mediacao Financeira,2026-01-05,31,3814.02,Acordo Firmado,16.0,Sudeste
CONTR_2026_04089,Acerta Credito Integrado,2026-04-26,19,2077.77,Acordo Firmado,52.0,Sudeste
CONTR_2026_04090,Fenix Recuperacao de Credito,2026-03-30,77,1670.66,Em Aberto,53.0,Nordeste
CONTR_2026_04091,Acerta Credito Integrado,2026-02-07,118,4990.83,Acordo Firmado,86.0,Nordeste
CONTR_2026_04092,Vertice Asset e Cobranca,2026-04-12,44,8402.86,Em Aberto,18.0,Sudeste
CONTR_2026_04093,Vertice Asset e Cobranca,2026-02-19,28,2168.21,Acordo Firmado,40.0,Nordeste
CONTR_2026_04094,Fenix Recuperacao de Credito,2026-02-07,91,3115.17,Em Aberto,61.0,Nordeste
CONTR_2026_04095,Vertice Asset e Cobranca,2026-04-13,108,6178.45,Acordo Firmado,25.0,Sul
CONTR_2026_04096,Vertice Asset e Cobranca,2026-02-25,69,4288.98,Em Aberto,35.0,Norte
CONTR_2026_04097,Fenix Recuperacao de Credito,2026-03-04,72,5830.04,Ajuizado,71.0,Norte
CONTR_2026_04098,Fenix Recuperacao de Credito,2026-04-30,108,6840.73,Acordo Firmado,84.0,Norte
CONTR_2026_04099,Vertice Asset e Cobranca,2026-02-17,63,3595.79,Acordo Firmado,27.0,Norte
CONTR_2026_04100,Fenix Recuperacao de Credito,2026-04-15,66,8908.11,Insucesso,93.0,Sul
CONTR_2026_04101,Nexus Mediacao Financeira,2026-03-31,98,7267.84,Acordo Firmado,10.0,Sul
CONTR_2026_04102,Vertice Asset e Cobranca,2026-02-28,101,7016.61,Em Aberto,75.0,Nordeste
CONTR_2026_04103,Nexus Mediacao Financeira,2026-03-18,83,2009.56,Em Aberto,20.0,Sudeste
CONTR_2026_04104,Fenix Recuperacao de Credito,2026-02-13,134,4414.51,Em Aberto,33.0,Sudeste
CONTR_2026_04105,Vertice Asset e Cobranca,2026-04-25,112,5503.96,Em Aberto,77.0,Sul
CONTR_2026_04106,Nexus Mediacao Financeira,2026-03-31,79,2483.41,Ajuizado,80.0,Sudeste
CONTR_2026_04107,Vertice Asset e Cobranca,2026-02-24,51,8305.82,Ajuizado,11.0,Sudeste
CONTR_2026_04108,Fenix Recuperacao de Credito,2026-02-24,119,1845.31,Em Aberto,69.0,Sul
CONTR_2026_04109,Acerta Credito Integrado,2026-01-01,120,2011.76,Em Aberto,67.0,Sul
CONTR_2026_04110,Nexus Mediacao Financeira,2026-01-08,87,3866.37,Acordo Firmado,59.0,Sudeste
CONTR_2026_04111,Nexus Mediacao Financeira,2026-01-04,98,1927.12,Em Aberto,66.0,Sudeste
CONTR_2026_04112,Nexus Mediacao Financeira,2026-03-26,111,1258.56,Em Aberto,53.0,Centro-Oeste
CONTR_2026_04113,Fenix Recuperacao de Credito,2026-03-27,138,3850.06,Insucesso,38.0,Sul
CONTR_2026_04114,Fenix Recuperacao de Credito,2026-04-25,116,6428.47,Acordo Firmado,10.0,Sudeste
CONTR_2026_04115,Nexus Mediacao Financeira,2026-02-22,103,4617.35,Ajuizado,6.0,Sul
CONTR_2026_04116,Vertice Asset e Cobranca,2026-02-27,117,1467.95,Em Aberto,85.0,Nordeste
CONTR_2026_04117,Fenix Recuperacao de Credito,2026-02-06,124,2522.86,Em Aberto,95.0,Sudeste
CONTR_2026_04118,Vertice Asset e Cobranca,2026-02-18,98,4915.35,Insucesso,34.0,Nordeste
CONTR_2026_04119,Fenix Recuperacao de Credito,2026-03-08,117,7898.82,Acordo Firmado,49.0,Nordeste
CONTR_2026_04120,Acerta Credito Integrado,2026-01-19,69,9097.38,Acordo Firmado,32.0,Sul
CONTR_2026_04121,Vertice Asset e Cobranca,2026-01-01,121,4863.27,Acordo Firmado,29.0,Nordeste
CONTR_2026_04122,Nexus Mediacao Financeira,2026-01-29,69,6394.09,Acordo Firmado,65.0,Nordeste
CONTR_2026_04123,Nexus Mediacao Financeira,2026-03-28,59,12886.78,Insucesso,33.0,Sudeste
CONTR_2026_04124,Fenix Recuperacao de Credito,2026-02-02,86,1537.11,Insucesso,17.0,Sudeste
CONTR_2026_04125,Acerta Credito Integrado,2026-04-29,49,1722.21,Acordo Firmado,98.0,Sudeste
CONTR_2026_04126,Nexus Mediacao Financeira,2026-02-21,72,4261.16,Acordo Firmado,49.0,Sudeste
CONTR_2026_04127,Nexus Mediacao Financeira,2026-02-10,101,5904.64,Em Aberto,16.0,Sul
CONTR_2026_04128,Fenix Recuperacao de Credito,2026-01-23,98,1223.22,Acordo Firmado,7.0,Nordeste
CONTR_2026_04129,Vertice Asset e Cobranca,2026-01-05,109,4212.41,Acordo Firmado,100.0,Nordeste
CONTR_2026_04130,Fenix Recuperacao de Credito,2026-03-12,109,2148.31,Em Aberto,13.0,Sudeste
CONTR_2026_04131,Vertice Asset e Cobranca,2026-02-26,101,6379.66,Ajuizado,84.0,Sudeste
CONTR_2026_04132,Fenix Recuperacao de Credito,2026-01-06,64,2758.07,Em Aberto,51.0,Nordeste
CONTR_2026_04133,Nexus Mediacao Financeira,2026-02-18,117,12810.78,Acordo Firmado,63.0,Sudeste
CONTR_2026_04134,Nexus Mediacao Financeira,2026-01-22,86,1529.88,Insucesso,69.0,Sul
CONTR_2026_04135,Nexus Mediacao Financeira,2026-04-23,97,9482.81,Em Aberto,80.0,Sul
CONTR_2026_04136,Fenix Recuperacao de Credito,2026-03-18,93,3690.6,Acordo Firmado,73.0,Sudeste
CONTR_2026_04137,Acerta Credito Integrado,2026-03-17,137,10930.17,Em Aberto,76.0,Nordeste
CONTR_2026_04138,Vertice Asset e Cobranca,2026-01-04,54,9640.31,Em Aberto,78.0,Nordeste
CONTR_2026_04139,Nexus Mediacao Financeira,2026-03-13,79,2567.53,Acordo Firmado,15.0,Sudeste
CONTR_2026_04140,Nexus Mediacao Financeira,2026-03-05,105,1459.46,Em Aberto,51.0,Sul
CONTR_2026_04141,Vertice Asset e Cobranca,2026-02-06,90,7145.77,Em Aberto,42.0,Sudeste
CONTR_2026_04142,Fenix Recuperacao de Credito,2026-01-31,75,2343.26,Acordo Firmado,51.0,Sul
CONTR_2026_04143,Fenix Recuperacao de Credito,2026-02-06,32,14532.65,Acordo Firmado,72.0,Centro-Oeste
CONTR_2026_04144,Acerta Credito Integrado,2026-02-14,81,1547.99,Acordo Firmado,8.0,Sudeste
CONTR_2026_04145,Fenix Recuperacao de Credito,2026-03-31,100,3157.66,Em Aberto,89.0,Nordeste
CONTR_2026_04146,Nexus Mediacao Financeira,2026-04-17,106,1263.65,Ajuizado,68.0,Nordeste
CONTR_2026_04147,Fenix Recuperacao de Credito,2026-01-08,84,3106.45,Em Aberto,51.0,Nordeste
CONTR_2026_04148,Vertice Asset e Cobranca,2026-02-09,95,5096.34,Acordo Firmado,75.0,Nordeste
CONTR_2026_04149,Acerta Credito Integrado,2026-04-07,55,6519.06,Acordo Firmado,70.0,Nordeste
CONTR_2026_04150,Acerta Credito Integrado,2026-04-19,101,7681.06,Insucesso,33.0,Nordeste
CONTR_2026_04151,Fenix Recuperacao de Credito,2026-04-03,90,10162.3,Acordo Firmado,22.0,Sudeste
CONTR_2026_04152,Fenix Recuperacao de Credito,2026-01-05,94,1787.08,Ajuizado,93.0,Nordeste
CONTR_2026_04153,Acerta Credito Integrado,2026-01-28,83,8374.75,Em Aberto,69.0,Sudeste
CONTR_2026_04154,Vertice Asset e Cobranca,2026-04-27,96,2831.21,Acordo Firmado,51.0,Nordeste
CONTR_2026_04155,Vertice Asset e Cobranca,2026-04-14,109,1943.93,Acordo Firmado,86.0,Nordeste
CONTR_2026_04156,Fenix Recuperacao de Credito,2026-03-22,97,2743.88,Em Aberto,35.0,Nordeste
CONTR_2026_04157,Nexus Mediacao Financeira,2026-04-29,35,10959.4,Em Aberto,56.0,Sul
CONTR_2026_04158,Acerta Credito Integrado,2026-03-28,98,6136.14,Acordo Firmado,95.0,Sudeste
CONTR_2026_04159,Vertice Asset e Cobranca,2026-04-19,78,5748.83,Em Aberto,67.0,Sudeste
CONTR_2026_04160,Nexus Mediacao Financeira,2026-01-09,68,5593.01,Em Aberto,3.0,Sul
CONTR_2026_04161,Nexus Mediacao Financeira,2026-01-02,130,3826.55,Em Aberto,71.0,Centro-Oeste
CONTR_2026_04162,Fenix Recuperacao de Credito,2026-03-04,62,3897.88,Insucesso,1.0,Sudeste
CONTR_2026_04163,Nexus Mediacao Financeira,2026-04-06,65,2002.75,Em Aberto,42.0,Sudeste
CONTR_2026_04164,Vertice Asset e Cobranca,2026-02-20,9999,3221.93,Em Aberto,58.0,Sul
CONTR_2026_04165,Nexus Mediacao Financeira,2026-04-26,133,4787.53,Acordo Firmado,88.0,Nordeste
CONTR_2026_04166,Vertice Asset e Cobranca,2026-04-23,116,5857.25,Ajuizado,94.0,Sul
CONTR_2026_04167,Fenix Recuperacao de Credito,2026-01-31,80,1571.67,Acordo Firmado,96.0,Sudeste
CONTR_2026_04168,Fenix Recuperacao de Credito,2026-01-07,108,3230.9,Insucesso,96.0,Sudeste
CONTR_2026_04169,Vertice Asset e Cobranca,2026-01-30,23,3273.19,Insucesso,85.0,Nordeste
CONTR_2026_04170,Fenix Recuperacao de Credito,2026-02-27,104,4818.76,Insucesso,64.0,Norte
CONTR_2026_04171,Fenix Recuperacao de Credito,2026-01-03,64,7389.97,Acordo Firmado,80.0,Sudeste
CONTR_2026_04172,Vertice Asset e Cobranca,2026-02-20,140,6242.48,Ajuizado,4.0,Sudeste
CONTR_2026_04173,Vertice Asset e Cobranca,2026-04-25,101,5430.15,Em Aberto,17.0,Sudeste
CONTR_2026_04174,Nexus Mediacao Financeira,2026-02-25,93,2922.45,Acordo Firmado,77.0,Sul
CONTR_2026_04175,Acerta Credito Integrado,2026-03-14,65,10333.51,Em Aberto,99.0,Sudeste
CONTR_2026_04176,Vertice Asset e Cobranca,2026-01-10,65,8892.39,Em Aberto,40.0,Sudeste
CONTR_2026_04177,Nexus Mediacao Financeira,2026-03-02,107,2214.33,Em Aberto,34.0,Nordeste
CONTR_2026_04178,Acerta Credito Integrado,2026-04-20,65,6522.96,Em Aberto,56.0,Norte
CONTR_2026_04179,Vertice Asset e Cobranca,2026-02-19,63,13057.24,Em Aberto,11.0,Nordeste
CONTR_2026_04180,Vertice Asset e Cobranca,2026-02-16,9999,4059.97,Em Aberto,100.0,Sudeste
CONTR_2026_04181,Vertice Asset e Cobranca,2026-03-31,98,14135.98,Acordo Firmado,89.0,Nordeste
CONTR_2026_04182,Nexus Mediacao Financeira,2026-01-01,57,1311.04,Acordo Firmado,40.0,Nordeste
CONTR_2026_04183,Nexus Mediacao Financeira,2026-04-04,106,4830.83,Acordo Firmado,94.0,Nordeste
CONTR_2026_04184,Vertice Asset e Cobranca,2026-02-26,81,2680.39,Em Aberto,13.0,Centro-Oeste
CONTR_2026_04185,Fenix Recuperacao de Credito,2026-02-07,37,2720.12,Insucesso,24.0,Sul
CONTR_2026_04186,Nexus Mediacao Financeira,2026-03-03,75,11700.15,Acordo Firmado,100.0,Nordeste
CONTR_2026_04187,Fenix Recuperacao de Credito,2026-03-20,58,3066.2,Acordo Firmado,34.0,Sudeste
CONTR_2026_04188,Nexus Mediacao Financeira,2026-03-30,97,1318.04,Acordo Firmado,8.0,Nordeste
CONTR_2026_04189,Nexus Mediacao Financeira,2026-03-11,70,5079.26,Acordo Firmado,82.0,Sul
CONTR_2026_04190,Acerta Credito Integrado,2026-03-23,92,18878.74,Em Aberto,7.0,Sudeste
CONTR_2026_04191,Acerta Credito Integrado,2026-03-06,109,1611.99,Em Aberto,62.0,Norte
CONTR_2026_04192,Acerta Credito Integrado,2026-03-03,160,2886.46,Ajuizado,46.0,Sudeste
CONTR_2026_04193,Vertice Asset e Cobranca,2026-02-25,149,4369.71,Em Aberto,86.0,Sul
CONTR_2026_04194,Acerta Credito Integrado,2026-03-08,96,10073.93,Acordo Firmado,71.0,Nordeste
CONTR_2026_04195,Nexus Mediacao Financeira,2026-01-17,88,2765.99,Acordo Firmado,13.0,Norte
CONTR_2026_04196,Fenix Recuperacao de Credito,2026-04-22,72,3305.57,Insucesso,2.0,Sudeste
CONTR_2026_04197,Fenix Recuperacao de Credito,2026-01-08,40,3626.56,Em Aberto,2.0,Nordeste
CONTR_2026_04198,Vertice Asset e Cobranca,2026-03-01,21,3587.23,Acordo Firmado,29.0,Nordeste
CONTR_2026_04199,Vertice Asset e Cobranca,2026-04-23,64,2317.88,Insucesso,91.0,Sudeste
CONTR_2026_04200,Nexus Mediacao Financeira,2026-02-09,139,13564.84,Em Aberto,82.0,Sul
CONTR_2026_04201,Acerta Credito Integrado,2026-03-22,138,9073.02,Em Aberto,58.0,Nordeste
CONTR_2026_04202,Fenix Recuperacao de Credito,2026-03-30,92,19774.63,Acordo Firmado,2.0,Nordeste
CONTR_2026_04203,Fenix Recuperacao de Credito,2026-03-03,103,3518.07,Em Aberto,59.0,Sudeste
CONTR_2026_04204,Vertice Asset e Cobranca,2026-02-10,71,1431.77,Insucesso,53.0,Centro-Oeste
CONTR_2026_04205,Fenix Recuperacao de Credito,2026-01-12,89,1813.67,Acordo Firmado,68.0,Sudeste
CONTR_2026_04206,Vertice Asset e Cobranca,2026-04-03,66,3411.81,Em Aberto,61.0,Sul
CONTR_2026_04207,Nexus Mediacao Financeira,2026-03-30,66,13299.2,Acordo Firmado,49.0,Nordeste
CONTR_2026_04208,Nexus Mediacao Financeira,2026-04-25,108,21038.93,Em Aberto,46.0,Centro-Oeste
CONTR_2026_04209,Fenix Recuperacao de Credito,2026-04-10,71,9829.78,Ajuizado,72.0,Nordeste
CONTR_2026_04210,Fenix Recuperacao de Credito,2026-04-27,104,2561.84,Em Aberto,100.0,Centro-Oeste
CONTR_2026_04211,Fenix Recuperacao de Credito,2026-02-23,85,6589.63,Acordo Firmado,59.0,Sudeste
CONTR_2026_04212,Nexus Mediacao Financeira,2026-03-30,132,5739.22,Em Aberto,48.0,Sul
CONTR_2026_04213,Nexus Mediacao Financeira,2026-04-03,106,9865.16,Acordo Firmado,9.0,Nordeste
CONTR_2026_04214,Fenix Recuperacao de Credito,2026-01-11,97,4764.19,Insucesso,18.0,Nordeste
CONTR_2026_04215,Nexus Mediacao Financeira,2026-03-01,47,3114.58,Em Aberto,50.0,Sudeste
CONTR_2026_04216,Acerta Credito Integrado,2026-03-09,75,1297.33,Em Aberto,86.0,Nordeste
CONTR_2026_04217,Fenix Recuperacao de Credito,2026-03-19,88,9124.37,Ajuizado,75.0,Sudeste
CONTR_2026_04218,Vertice Asset e Cobranca,2026-02-15,91,4977.76,Acordo Firmado,27.0,Sul
CONTR_2026_04219,Nexus Mediacao Financeira,2026-02-07,109,5019.86,Acordo Firmado,32.0,Sudeste
CONTR_2026_04220,Vertice Asset e Cobranca,2026-03-02,96,16940.03,Ajuizado,66.0,Sudeste
CONTR_2026_04221,Vertice Asset e Cobranca,2026-01-17,59,4529.87,Ajuizado,66.0,Nordeste
CONTR_2026_04222,Nexus Mediacao Financeira,2026-03-07,107,3097.53,Em Aberto,94.0,Nordeste
CONTR_2026_04223,Acerta Credito Integrado,2026-03-13,76,3276.35,Acordo Firmado,22.0,Sul
CONTR_2026_04224,Acerta Credito Integrado,2026-02-05,70,1259.08,Acordo Firmado,86.0,Nordeste
CONTR_2026_04225,Nexus Mediacao Financeira,2026-03-15,56,1852.54,Em Aberto,24.0,Sudeste
CONTR_2026_04226,Acerta Credito Integrado,2026-01-07,79,1423.99,Insucesso,91.0,Nordeste
CONTR_2026_04227,Vertice Asset e Cobranca,2026-04-10,-999,2593.68,Em Aberto,75.0,Sudeste
CONTR_2026_04228,Nexus Mediacao Financeira,2026-01-16,124,1534.18,Em Aberto,13.0,Sudeste
CONTR_2026_04229,Vertice Asset e Cobranca,2026-01-14,81,3210.73,Insucesso,91.0,Sudeste
CONTR_2026_04230,Fenix Recuperacao de Credito,2026-03-21,105,1874.12,Em Aberto,15.0,Sul
CONTR_2026_04231,Acerta Credito Integrado,2026-01-25,35,13700.25,Em Aberto,49.0,Centro-Oeste
CONTR_2026_04232,Nexus Mediacao Financeira,2026-04-15,112,15134.16,Acordo Firmado,17.0,Sul
CONTR_2026_04233,Vertice Asset e Cobranca,2026-01-04,109,5824.85,Acordo Firmado,39.0,Sudeste
CONTR_2026_04234,Fenix Recuperacao de Credito,2026-01-29,46,9386.3,Em Aberto,73.0,Norte
CONTR_2026_04235,Fenix Recuperacao de Credito,2026-02-25,63,6853.79,Insucesso,87.0,Sudeste
CONTR_2026_04236,Vertice Asset e Cobranca,2026-01-06,70,9532.92,Em Aberto,4.0,Sudeste
CONTR_2026_04237,Fenix Recuperacao de Credito,2026-01-01,83,6305.58,Em Aberto,57.0,Sudeste
CONTR_2026_04238,Acerta Credito Integrado,2026-02-08,68,4012.29,Em Aberto,15.0,Sul
CONTR_2026_04239,Acerta Credito Integrado,2026-01-01,82,11547.63,Em Aberto,43.0,Sudeste
CONTR_2026_04240,Vertice Asset e Cobranca,2026-04-25,109,4081.86,Em Aberto,31.0,Sudeste
CONTR_2026_04241,Nexus Mediacao Financeira,2026-04-14,73,3722.66,Acordo Firmado,6.0,Sudeste
CONTR_2026_04242,Vertice Asset e Cobranca,2026-03-04,98,6095.93,Insucesso,90.0,Nordeste
CONTR_2026_04243,Acerta Credito Integrado,2026-02-26,95,15097.61,Insucesso,59.0,Centro-Oeste
CONTR_2026_04244,Vertice Asset e Cobranca,2026-03-08,15,4118.8,Insucesso,65.0,Centro-Oeste
CONTR_2026_04245,Vertice Asset e Cobranca,2026-03-06,65,5477.68,Ajuizado,86.0,Sul
CONTR_2026_04246,Fenix Recuperacao de Credito,2026-03-06,119,4589.65,Em Aberto,30.0,Nordeste
CONTR_2026_04247,Vertice Asset e Cobranca,2026-04-13,63,13224.91,Em Aberto,58.0,Sudeste
CONTR_2026_04248,Fenix Recuperacao de Credito,2026-01-21,57,6846.57,Acordo Firmado,86.0,Nordeste
CONTR_2026_04249,Nexus Mediacao Financeira,2026-04-19,121,3920.1,Acordo Firmado,97.0,Nordeste
CONTR_2026_04250,Vertice Asset e Cobranca,2026-01-30,94,5868.49,Em Aberto,56.0,Sudeste
CONTR_2026_04251,Vertice Asset e Cobranca,2026-04-06,133,2048.36,Insucesso,69.0,Nordeste
CONTR_2026_04252,Fenix Recuperacao de Credito,2026-02-02,76,3292.33,Acordo Firmado,36.0,Nordeste
CONTR_2026_04253,Vertice Asset e Cobranca,2026-02-17,126,7862.46,Ajuizado,46.0,Nordeste
CONTR_2026_04254,Nexus Mediacao Financeira,2026-01-22,63,5332.18,Em Aberto,74.0,Sudeste
CONTR_2026_04255,Fenix Recuperacao de Credito,2026-04-04,15,3086.38,Em Aberto,1.0,Sudeste
CONTR_2026_04256,Nexus Mediacao Financeira,2026-02-23,110,3449.42,Acordo Firmado,12.0,Nordeste
CONTR_2026_04257,Vertice Asset e Cobranca,2026-04-20,107,9497.94,Em Aberto,67.0,Norte
CONTR_2026_04258,Vertice Asset e Cobranca,2026-01-04,110,5092.25,Insucesso,10.0,Norte
CONTR_2026_04259,Vertice Asset e Cobranca,2026-03-28,83,2564.01,Ajuizado,1.0,Nordeste
CONTR_2026_04260,Vertice Asset e Cobranca,2026-02-24,134,2960.66,Acordo Firmado,19.0,Sudeste
CONTR_2026_04261,Fenix Recuperacao de Credito,2026-02-13,115,4354.46,Insucesso,82.0,Nordeste
CONTR_2026_04262,Acerta Credito Integrado,2026-03-30,114,8395.05,Em Aberto,95.0,Nordeste
CONTR_2026_04263,Vertice Asset e Cobranca,2026-01-12,93,31039.58,Acordo Firmado,55.0,Sul
CONTR_2026_04264,Vertice Asset e Cobranca,2026-03-22,49,2227.5,Em Aberto,49.0,Sudeste
CONTR_2026_04265,Nexus Mediacao Financeira,2026-04-27,92,8231.04,Em Aberto,55.0,Nordeste
CONTR_2026_04266,Vertice Asset e Cobranca,2026-03-20,100,6001.47,Em Aberto,86.0,Sul
CONTR_2026_04267,Nexus Mediacao Financeira,2026-03-15,150,4987.82,Em Aberto,68.0,Sudeste
CONTR_2026_04268,Fenix Recuperacao de Credito,2026-04-09,97,18174.64,Em Aberto,41.0,Norte
CONTR_2026_04269,Acerta Credito Integrado,2026-04-29,58,3148.6,Em Aberto,55.0,Centro-Oeste
CONTR_2026_04270,Fenix Recuperacao de Credito,2026-04-26,104,2173.86,Acordo Firmado,74.0,Norte
CONTR_2026_04271,Nexus Mediacao Financeira,2026-02-21,127,11702.19,Acordo Firmado,74.0,Sudeste
CONTR_2026_04272,Vertice Asset e Cobranca,2026-04-03,141,1555.81,Em Aberto,79.0,Sul
CONTR_2026_04273,Fenix Recuperacao de Credito,2026-03-17,86,9694.62,Em Aberto,69.0,Norte
CONTR_2026_04274,Vertice Asset e Cobranca,2026-03-06,84,5648.68,Acordo Firmado,43.0,Nordeste
CONTR_2026_04275,Nexus Mediacao Financeira,2026-03-06,47,2095.66,Acordo Firmado,81.0,Sul
CONTR_2026_04276,Nexus Mediacao Financeira,2026-01-10,71,2489.72,Em Aberto,82.0,Nordeste
CONTR_2026_04277,Vertice Asset e Cobranca,2026-01-18,102,2047.07,Ajuizado,57.0,Nordeste
CONTR_2026_04278,Vertice Asset e Cobranca,2026-02-16,44,7535.25,Insucesso,48.0,Nordeste
CONTR_2026_04279,Fenix Recuperacao de Credito,2026-03-07,151,1996.8,Acordo Firmado,50.0,Sudeste
CONTR_2026_04280,Vertice Asset e Cobranca,2026-02-18,79,6918.64,Acordo Firmado,69.0,Sudeste
CONTR_2026_04281,Fenix Recuperacao de Credito,2026-03-13,93,1885.69,Ajuizado,8.0,Nordeste
CONTR_2026_04282,Acerta Credito Integrado,2026-01-22,100,9304.18,Insucesso,56.0,Sul
CONTR_2026_04283,Fenix Recuperacao de Credito,2026-03-27,123,13796.92,Insucesso,91.0,Nordeste
CONTR_2026_04284,Fenix Recuperacao de Credito,2026-01-26,98,5297.09,Insucesso,89.0,Nordeste
CONTR_2026_04285,Nexus Mediacao Financeira,2026-03-31,57,18134.11,Ajuizado,26.0,Nordeste
CONTR_2026_04286,Nexus Mediacao Financeira,2026-01-09,102,3674.6,Acordo Firmado,23.0,Sul
CONTR_2026_04287,Acerta Credito Integrado,2026-01-21,123,2602.56,Acordo Firmado,41.0,Nordeste
CONTR_2026_04288,Nexus Mediacao Financeira,2026-04-05,63,2175.8,Ajuizado,87.0,Centro-Oeste
CONTR_2026_04289,Vertice Asset e Cobranca,2026-04-26,114,4459.67,Em Aberto,93.0,Nordeste
CONTR_2026_04290,Acerta Credito Integrado,2026-03-04,97,1900.6,Em Aberto,97.0,Sudeste
CONTR_2026_04291,Nexus Mediacao Financeira,2026-04-17,92,11628.93,Acordo Firmado,59.0,Sudeste
CONTR_2026_04292,Fenix Recuperacao de Credito,2026-01-06,70,8880.14,Acordo Firmado,18.0,Sul
CONTR_2026_04293,Nexus Mediacao Financeira,2026-04-30,83,5329.03,Ajuizado,71.0,Nordeste
CONTR_2026_04294,Fenix Recuperacao de Credito,2026-01-14,103,7591.02,Em Aberto,96.0,Sul
CONTR_2026_04295,Vertice Asset e Cobranca,2026-02-02,77,1456.42,Insucesso,71.0,Sul
CONTR_2026_04296,Vertice Asset e Cobranca,2026-03-12,60,2337.75,Em Aberto,8.0,Nordeste
CONTR_2026_04297,Fenix Recuperacao de Credito,2026-01-24,59,6053.89,Em Aberto,58.0,Nordeste
CONTR_2026_04298,Fenix Recuperacao de Credito,2026-03-14,98,4445.36,Em Aberto,85.0,Sudeste
CONTR_2026_04299,Vertice Asset e Cobranca,2026-03-16,104,5839.58,Ajuizado,17.0,Sudeste
CONTR_2026_04300,Nexus Mediacao Financeira,2026-04-30,87,1665.89,Em Aberto,51.0,Nordeste
CONTR_2026_04301,Fenix Recuperacao de Credito,2026-03-28,144,6483.84,Em Aberto,33.0,Sul
CONTR_2026_04302,Fenix Recuperacao de Credito,2026-04-22,38,9338.42,Insucesso,30.0,Sudeste
CONTR_2026_04303,Acerta Credito Integrado,2026-02-20,101,5151.32,Em Aberto,66.0,Nordeste
CONTR_2026_04304,Nexus Mediacao Financeira,2026-01-02,34,3411.22,Em Aberto,60.0,Sudeste
CONTR_2026_04305,Acerta Credito Integrado,2026-01-15,86,2159.73,Em Aberto,46.0,Sudeste
CONTR_2026_04306,Fenix Recuperacao de Credito,2026-02-04,97,2741.84,Insucesso,100.0,Sudeste
CONTR_2026_04307,Vertice Asset e Cobranca,2026-02-05,84,4896.3,Insucesso,22.0,Centro-Oeste
CONTR_2026_04308,Nexus Mediacao Financeira,2026-04-26,31,2675.33,Acordo Firmado,32.0,Centro-Oeste
CONTR_2026_04309,Acerta Credito Integrado,2026-04-28,87,8724.16,Em Aberto,25.0,Nordeste
CONTR_2026_04310,Acerta Credito Integrado,2026-04-02,90,1906.33,Insucesso,8.0,Nordeste
CONTR_2026_04311,Vertice Asset e Cobranca,2026-02-08,116,4832.74,Em Aberto,97.0,Nordeste
CONTR_2026_04312,Fenix Recuperacao de Credito,2026-04-18,47,4625.56,Acordo Firmado,63.0,Norte
CONTR_2026_04313,Fenix Recuperacao de Credito,2026-01-04,-999,1947.68,Acordo Firmado,29.0,Norte
CONTR_2026_04314,Acerta Credito Integrado,2026-03-05,15,27679.18,Insucesso,51.0,Sul
CONTR_2026_04315,Vertice Asset e Cobranca,2026-03-15,51,9861.85,Ajuizado,40.0,Sudeste
CONTR_2026_04316,Fenix Recuperacao de Credito,2026-01-06,95,3643.14,Acordo Firmado,45.0,Nordeste
CONTR_2026_04317,Acerta Credito Integrado,2026-02-26,99,6974.43,Acordo Firmado,2.0,Sul
CONTR_2026_04318,Fenix Recuperacao de Credito,2026-01-30,135,7504.15,Insucesso,49.0,Sudeste
CONTR_2026_04319,Vertice Asset e Cobranca,2026-04-28,95,6465.55,Ajuizado,31.0,Sul
CONTR_2026_04320,Nexus Mediacao Financeira,2026-04-20,86,4032.43,Acordo Firmado,68.0,Sudeste
CONTR_2026_04321,Nexus Mediacao Financeira,2026-04-09,103,12018.96,Insucesso,90.0,Sul
CONTR_2026_04322,Fenix Recuperacao de Credito,2026-04-23,19,8582.22,Em Aberto,9.0,Sudeste
CONTR_2026_04323,Nexus Mediacao Financeira,2026-04-17,59,5104.65,Acordo Firmado,95.0,Sudeste
CONTR_2026_04324,Vertice Asset e Cobranca,2026-03-15,54,1212.83,Em Aberto,10.0,Nordeste
CONTR_2026_04325,Acerta Credito Integrado,2026-04-27,118,2463.98,Acordo Firmado,51.0,Sudeste
CONTR_2026_04326,Vertice Asset e Cobranca,2026-04-06,129,4754.78,Em Aberto,70.0,Sul
CONTR_2026_04327,Fenix Recuperacao de Credito,2026-04-16,145,12659.66,Acordo Firmado,44.0,Sudeste
CONTR_2026_04328,Vertice Asset e Cobranca,2026-04-16,107,6152.66,Em Aberto,26.0,Nordeste
CONTR_2026_04329,Fenix Recuperacao de Credito,2026-03-08,116,3905.24,Em Aberto,75.0,Sudeste
CONTR_2026_04330,Acerta Credito Integrado,2026-04-30,92,1445.49,Ajuizado,79.0,Sudeste
CONTR_2026_04331,Vertice Asset e Cobranca,2026-03-31,75,5747.57,Em Aberto,84.0,Nordeste
CONTR_2026_04332,Fenix Recuperacao de Credito,2026-01-15,57,3359.7,Acordo Firmado,51.0,Sul
CONTR_2026_04333,Vertice Asset e Cobranca,2026-01-17,54,5054.21,Em Aberto,21.0,Nordeste
CONTR_2026_04334,Nexus Mediacao Financeira,2026-04-01,48,8471.62,Acordo Firmado,91.0,Sul
CONTR_2026_04335,Vertice Asset e Cobranca,2026-01-18,111,9341.58,Acordo Firmado,30.0,Nordeste
CONTR_2026_04336,Fenix Recuperacao de Credito,2026-04-25,-999,11185.74,Em Aberto,71.0,Sudeste
CONTR_2026_04337,Nexus Mediacao Financeira,2026-01-19,68,6253.65,Em Aberto,15.0,Sudeste
CONTR_2026_04338,Fenix Recuperacao de Credito,2026-03-17,29,13002.02,Em Aberto,80.0,Nordeste
CONTR_2026_04339,Vertice Asset e Cobranca,2026-03-29,62,7066.05,Acordo Firmado,59.0,Nordeste
CONTR_2026_04340,Fenix Recuperacao de Credito,2026-03-10,81,8860.4,Em Aberto,84.0,Sudeste
CONTR_2026_04341,Vertice Asset e Cobranca,2026-01-24,43,6983.57,Em Aberto,84.0,Nordeste
CONTR_2026_04342,Fenix Recuperacao de Credito,2026-04-01,169,11473.31,Acordo Firmado,86.0,Sul
CONTR_2026_04343,Acerta Credito Integrado,2026-02-17,49,2460.87,Acordo Firmado,70.0,Centro-Oeste
CONTR_2026_04344,Acerta Credito Integrado,2026-01-30,124,8333.23,Acordo Firmado,20.0,Centro-Oeste
CONTR_2026_04345,Nexus Mediacao Financeira,2026-01-15,86,1823.04,Insucesso,69.0,Norte
CONTR_2026_04346,Vertice Asset e Cobranca,2026-02-16,73,1682.52,Acordo Firmado,53.0,Sudeste
CONTR_2026_04347,Acerta Credito Integrado,2026-04-12,82,4582.66,Acordo Firmado,75.0,Sudeste
CONTR_2026_04348,Nexus Mediacao Financeira,2026-02-13,90,2985.07,Acordo Firmado,2.0,Nordeste
CONTR_2026_04349,Acerta Credito Integrado,2026-04-08,96,5343.21,Acordo Firmado,30.0,Sul
CONTR_2026_04350,Nexus Mediacao Financeira,2026-01-27,60,6861.89,Acordo Firmado,8.0,Sudeste
CONTR_2026_04351,Acerta Credito Integrado,2026-03-25,106,2484.55,Ajuizado,40.0,Sudeste
CONTR_2026_04352,Nexus Mediacao Financeira,2026-03-05,81,7218.63,Ajuizado,8.0,Nordeste
CONTR_2026_04353,Vertice Asset e Cobranca,2026-02-10,50,28173.14,Em Aberto,17.0,Centro-Oeste
CONTR_2026_04354,Vertice Asset e Cobranca,2026-04-06,77,8334.64,Insucesso,99.0,Sudeste
CONTR_2026_04355,Nexus Mediacao Financeira,2026-03-09,132,2154.51,Ajuizado,30.0,Sudeste
CONTR_2026_04356,Nexus Mediacao Financeira,2026-01-05,96,6221.45,Insucesso,1.0,Sudeste
CONTR_2026_04357,Fenix Recuperacao de Credito,2026-02-22,90,1247.65,Em Aberto,69.0,Nordeste
CONTR_2026_04358,Nexus Mediacao Financeira,2026-01-08,78,4371.73,Acordo Firmado,64.0,Sul
CONTR_2026_04359,Nexus Mediacao Financeira,2026-01-22,80,5010.41,Acordo Firmado,80.0,Sul
CONTR_2026_04360,Fenix Recuperacao de Credito,2026-04-16,96,19145.63,Em Aberto,36.0,Sudeste
CONTR_2026_04361,Fenix Recuperacao de Credito,2026-01-07,82,7881.91,Acordo Firmado,79.0,Centro-Oeste
CONTR_2026_04362,Nexus Mediacao Financeira,2026-01-22,103,7320.2,Insucesso,49.0,Nordeste
CONTR_2026_04363,Acerta Credito Integrado,2026-02-15,99,5000.76,Acordo Firmado,81.0,Sudeste
CONTR_2026_04364,Nexus Mediacao Financeira,2026-01-30,54,4799.26,Em Aberto,77.0,Nordeste
CONTR_2026_04365,Fenix Recuperacao de Credito,2026-04-11,105,25393.58,Em Aberto,24.0,Sudeste
CONTR_2026_04366,Nexus Mediacao Financeira,2026-01-16,61,1307.49,Acordo Firmado,4.0,Nordeste
CONTR_2026_04367,Fenix Recuperacao de Credito,2026-03-20,60,3006.33,Em Aberto,77.0,Sudeste
CONTR_2026_04368,Vertice Asset e Cobranca,2026-01-05,89,1918.1,Em Aberto,62.0,Sudeste
CONTR_2026_04369,Fenix Recuperacao de Credito,2026-03-08,97,3091.48,Acordo Firmado,9.0,Sudeste
CONTR_2026_04370,Fenix Recuperacao de Credito,2026-01-23,108,4314.56,Em Aberto,26.0,Nordeste
CONTR_2026_04371,Fenix Recuperacao de Credito,2026-03-02,25,3292.24,Insucesso,47.0,Sudeste
CONTR_2026_04372,Vertice Asset e Cobranca,2026-03-15,113,17644.5,Ajuizado,16.0,Sudeste
CONTR_2026_04373,Fenix Recuperacao de Credito,2026-01-05,102,6906.37,Insucesso,37.0,Sudeste
CONTR_2026_04374,Vertice Asset e Cobranca,2026-01-23,68,7710.59,Acordo Firmado,70.0,Sudeste
CONTR_2026_04375,Nexus Mediacao Financeira,2026-03-20,82,7979.64,Acordo Firmado,11.0,Nordeste
CONTR_2026_04376,Vertice Asset e Cobranca,2026-03-23,95,12674.42,Ajuizado,2.0,Sudeste
CONTR_2026_04377,Vertice Asset e Cobranca,2026-01-25,15,8505.49,Em Aberto,94.0,Sudeste
CONTR_2026_04378,Acerta Credito Integrado,2026-01-08,52,1281.69,Acordo Firmado,83.0,Nordeste
CONTR_2026_04379,Fenix Recuperacao de Credito,2026-04-05,124,2714.97,Acordo Firmado,23.0,Sudeste
CONTR_2026_04380,Nexus Mediacao Financeira,2026-01-21,71,23796.97,Em Aberto,47.0,Norte
CONTR_2026_04381,Fenix Recuperacao de Credito,2026-01-02,87,6479.55,Insucesso,62.0,Norte
CONTR_2026_04382,Fenix Recuperacao de Credito,2026-01-22,86,1552.74,Acordo Firmado,76.0,Sul
CONTR_2026_04383,Nexus Mediacao Financeira,2026-03-13,111,4342.78,Acordo Firmado,39.0,Nordeste
CONTR_2026_04384,Nexus Mediacao Financeira,2026-03-28,77,20973.21,Em Aberto,6.0,Sul
CONTR_2026_04385,Acerta Credito Integrado,2026-04-06,80,25894.93,Em Aberto,36.0,Sudeste
CONTR_2026_04386,Nexus Mediacao Financeira,2026-03-13,95,4032.1,Ajuizado,62.0,Norte
CONTR_2026_04387,Vertice Asset e Cobranca,2026-03-09,115,12377.11,Em Aberto,60.0,Sudeste
CONTR_2026_04388,Fenix Recuperacao de Credito,2026-03-05,124,5682.35,Insucesso,79.0,Nordeste
CONTR_2026_04389,Fenix Recuperacao de Credito,2026-04-04,80,4760.93,Ajuizado,36.0,Nordeste
CONTR_2026_04390,Fenix Recuperacao de Credito,2026-01-19,75,3854.65,Em Aberto,77.0,Nordeste
CONTR_2026_04391,Fenix Recuperacao de Credito,2026-03-28,85,12334.14,Em Aberto,72.0,Nordeste
CONTR_2026_04392,Nexus Mediacao Financeira,2026-03-23,130,6052.77,Em Aberto,89.0,Sul
CONTR_2026_04393,Nexus Mediacao Financeira,2026-02-22,113,3230.81,Em Aberto,88.0,Nordeste
CONTR_2026_04394,Fenix Recuperacao de Credito,2026-04-03,75,4585.7,Em Aberto,31.0,Nordeste
CONTR_2026_04395,Fenix Recuperacao de Credito,2026-03-28,41,4135.65,Em Aberto,40.0,Sudeste
CONTR_2026_04396,Acerta Credito Integrado,2026-04-07,123,4199.69,Acordo Firmado,60.0,Sudeste
CONTR_2026_04397,Vertice Asset e Cobranca,2026-02-21,126,3067.0,Insucesso,51.0,Nordeste
CONTR_2026_04398,Fenix Recuperacao de Credito,2026-02-16,56,6211.39,Em Aberto,93.0,Nordeste
CONTR_2026_04399,Fenix Recuperacao de Credito,2026-03-23,76,1468.26,Em Aberto,96.0,Nordeste
CONTR_2026_04400,Fenix Recuperacao de Credito,2026-02-23,116,12064.95,Insucesso,37.0,Sul
CONTR_2026_04401,Fenix Recuperacao de Credito,2026-02-13,101,3884.11,Em Aberto,61.0,Norte
CONTR_2026_04402,Nexus Mediacao Financeira,2026-04-07,30,9268.8,Em Aberto,18.0,Sudeste
CONTR_2026_04403,Fenix Recuperacao de Credito,2026-01-07,56,7737.26,Em Aberto,90.0,Sudeste
CONTR_2026_04404,Vertice Asset e Cobranca,2026-04-25,107,4391.89,Em Aberto,18.0,Sul
CONTR_2026_04405,Vertice Asset e Cobranca,2026-04-02,97,2307.67,Acordo Firmado,34.0,Nordeste
CONTR_2026_04406,Nexus Mediacao Financeira,2026-01-01,109,5330.1,Em Aberto,54.0,Nordeste
CONTR_2026_04407,Fenix Recuperacao de Credito,2026-03-04,113,15989.51,Acordo Firmado,31.0,Sudeste
CONTR_2026_04408,Fenix Recuperacao de Credito,2026-04-30,97,2227.58,Acordo Firmado,79.0,Sul
CONTR_2026_04409,Vertice Asset e Cobranca,2026-04-13,102,2678.65,Ajuizado,37.0,Sudeste
CONTR_2026_04410,Nexus Mediacao Financeira,2026-04-08,72,26013.12,Acordo Firmado,84.0,Norte
CONTR_2026_04411,Fenix Recuperacao de Credito,2026-02-08,93,12354.62,Em Aberto,92.0,Sudeste
CONTR_2026_04412,Fenix Recuperacao de Credito,2026-01-19,99,5187.54,Acordo Firmado,68.0,Sudeste
CONTR_2026_04413,Nexus Mediacao Financeira,2026-01-31,141,7132.98,Insucesso,72.0,Norte
CONTR_2026_04414,Nexus Mediacao Financeira,2026-03-18,65,4126.51,Em Aberto,58.0,Centro-Oeste
CONTR_2026_04415,Vertice Asset e Cobranca,2026-01-24,111,3788.35,Em Aberto,82.0,Nordeste
CONTR_2026_04416,Vertice Asset e Cobranca,2026-03-10,86,4127.63,Insucesso,96.0,Sudeste
CONTR_2026_04417,Vertice Asset e Cobranca,2026-03-28,112,3875.73,Ajuizado,53.0,Sul
CONTR_2026_04418,Fenix Recuperacao de Credito,2026-03-24,86,6828.2,Em Aberto,87.0,Nordeste
CONTR_2026_04419,Vertice Asset e Cobranca,2026-03-06,125,3205.8,Acordo Firmado,62.0,Centro-Oeste
CONTR_2026_04420,Fenix Recuperacao de Credito,2026-02-02,67,2136.33,Em Aberto,79.0,Sudeste
CONTR_2026_04421,Fenix Recuperacao de Credito,2026-02-28,94,7330.54,Acordo Firmado,7.0,Nordeste
CONTR_2026_04422,Vertice Asset e Cobranca,2026-04-24,103,1358.99,Insucesso,31.0,Sudeste
CONTR_2026_04423,Nexus Mediacao Financeira,2026-04-30,69,7542.62,Ajuizado,96.0,Sudeste
CONTR_2026_04424,Acerta Credito Integrado,2026-02-02,99,2727.49,Em Aberto,40.0,Sudeste
CONTR_2026_04425,Vertice Asset e Cobranca,2026-02-01,120,2255.17,Acordo Firmado,78.0,Sudeste
CONTR_2026_04426,Vertice Asset e Cobranca,2026-02-28,87,3581.77,Em Aberto,83.0,Centro-Oeste
CONTR_2026_04427,Fenix Recuperacao de Credito,2026-04-02,112,1824.98,Acordo Firmado,50.0,Nordeste
CONTR_2026_04428,Fenix Recuperacao de Credito,2026-04-11,69,3626.52,Em Aberto,80.0,Norte
CONTR_2026_04429,Fenix Recuperacao de Credito,2026-02-10,57,1739.72,Insucesso,9.0,Sudeste
CONTR_2026_04430,Acerta Credito Integrado,2026-01-12,110,4503.29,Acordo Firmado,65.0,Centro-Oeste
CONTR_2026_04431,Nexus Mediacao Financeira,2026-03-14,73,2168.95,Em Aberto,25.0,Nordeste
CONTR_2026_04432,Nexus Mediacao Financeira,2026-04-24,39,1896.29,Acordo Firmado,8.0,Sudeste
CONTR_2026_04433,Vertice Asset e Cobranca,2026-04-29,67,5526.91,Em Aberto,39.0,Sudeste
CONTR_2026_04434,Fenix Recuperacao de Credito,2026-01-11,130,6107.41,Em Aberto,32.0,Nordeste
CONTR_2026_04435,Fenix Recuperacao de Credito,2026-04-07,121,1227.66,Em Aberto,8.0,Sudeste
CONTR_2026_04436,Vertice Asset e Cobranca,2026-01-19,56,3652.48,Em Aberto,13.0,Centro-Oeste
CONTR_2026_04437,Vertice Asset e Cobranca,2026-02-23,46,1605.81,Em Aberto,51.0,Nordeste
CONTR_2026_04438,Acerta Credito Integrado,2026-02-26,77,7909.37,Acordo Firmado,66.0,Sudeste
CONTR_2026_04439,Vertice Asset e Cobranca,2026-02-11,121,6921.02,Acordo Firmado,28.0,Sudeste
CONTR_2026_04440,Fenix Recuperacao de Credito,2026-04-08,84,1455.04,Acordo Firmado,4.0,Sudeste
CONTR_2026_04441,Acerta Credito Integrado,2026-03-12,84,15372.37,Em Aberto,23.0,Nordeste
CONTR_2026_04442,Acerta Credito Integrado,2026-01-31,71,17289.43,Acordo Firmado,34.0,Sudeste
CONTR_2026_04443,Fenix Recuperacao de Credito,2026-02-21,81,3237.37,Em Aberto,55.0,Sudeste
CONTR_2026_04444,Vertice Asset e Cobranca,2026-01-02,115,1899.83,Acordo Firmado,71.0,Nordeste
CONTR_2026_04445,Vertice Asset e Cobranca,2026-03-24,92,1807.13,Insucesso,94.0,Nordeste
CONTR_2026_04446,Vertice Asset e Cobranca,2026-02-07,83,10385.47,Acordo Firmado,58.0,Sudeste
CONTR_2026_04447,Fenix Recuperacao de Credito,2026-02-01,109,4273.19,Acordo Firmado,73.0,Sudeste
CONTR_2026_04448,Acerta Credito Integrado,2026-01-10,92,1247.77,Acordo Firmado,19.0,Nordeste
CONTR_2026_04449,Vertice Asset e Cobranca,2026-04-15,118,14174.86,Acordo Firmado,9.0,Norte
CONTR_2026_04450,Acerta Credito Integrado,2026-01-08,69,5691.48,Em Aberto,51.0,Sudeste
CONTR_2026_04451,Vertice Asset e Cobranca,2026-03-31,98,7062.32,Acordo Firmado,75.0,Nordeste
CONTR_2026_04452,Nexus Mediacao Financeira,2026-04-04,116,9873.7,Acordo Firmado,13.0,Sudeste
CONTR_2026_04453,Acerta Credito Integrado,2026-03-16,136,9734.67,Insucesso,93.0,Sul
CONTR_2026_04454,Acerta Credito Integrado,2026-04-15,57,1594.16,Em Aberto,31.0,Sudeste
CONTR_2026_04455,Acerta Credito Integrado,2026-01-20,84,5466.49,Acordo Firmado,72.0,Nordeste
CONTR_2026_04456,Fenix Recuperacao de Credito,2026-01-20,50,7157.66,Acordo Firmado,19.0,Sudeste
CONTR_2026_04457,Nexus Mediacao Financeira,2026-01-09,60,1647.55,Acordo Firmado,51.0,Nordeste
CONTR_2026_04458,Fenix Recuperacao de Credito,2026-03-13,90,2457.72,Em Aberto,91.0,Sudeste
CONTR_2026_04459,Vertice Asset e Cobranca,2026-01-15,29,3719.37,Em Aberto,39.0,Sudeste
CONTR_2026_04460,Nexus Mediacao Financeira,2026-04-08,102,12080.87,Em Aberto,14.0,Sudeste
CONTR_2026_04461,Vertice Asset e Cobranca,2026-03-29,106,10706.76,Acordo Firmado,22.0,Sul
CONTR_2026_04462,Nexus Mediacao Financeira,2026-04-07,87,8818.66,Acordo Firmado,22.0,Sudeste
CONTR_2026_04463,Vertice Asset e Cobranca,2026-04-15,64,24366.16,Em Aberto,5.0,Sul
CONTR_2026_04464,Fenix Recuperacao de Credito,2026-04-15,82,2589.69,Ajuizado,62.0,Nordeste
CONTR_2026_04465,Nexus Mediacao Financeira,2026-04-19,153,4353.82,Acordo Firmado,52.0,Nordeste
CONTR_2026_04466,Vertice Asset e Cobranca,2026-03-04,74,4159.48,Em Aberto,80.0,Norte
CONTR_2026_04467,Fenix Recuperacao de Credito,2026-04-14,66,6880.6,Em Aberto,39.0,Nordeste
CONTR_2026_04468,Fenix Recuperacao de Credito,2026-04-01,20,10690.71,Em Aberto,26.0,Sudeste
CONTR_2026_04469,Fenix Recuperacao de Credito,2026-01-21,121,4583.25,Acordo Firmado,80.0,Centro-Oeste
CONTR_2026_04470,Acerta Credito Integrado,2026-01-05,52,4581.76,Acordo Firmado,56.0,Centro-Oeste
CONTR_2026_04471,Fenix Recuperacao de Credito,2026-02-04,92,5886.52,Insucesso,12.0,Centro-Oeste
CONTR_2026_04472,Vertice Asset e Cobranca,2026-03-26,153,7983.18,Em Aberto,80.0,Sudeste
CONTR_2026_04473,Fenix Recuperacao de Credito,2026-03-09,101,2323.85,Em Aberto,49.0,Sudeste
CONTR_2026_04474,Vertice Asset e Cobranca,2026-04-23,100,17532.4,Em Aberto,12.0,Nordeste
CONTR_2026_04475,Nexus Mediacao Financeira,2026-02-17,80,1682.85,Em Aberto,96.0,Nordeste
CONTR_2026_04476,Vertice Asset e Cobranca,2026-03-21,99,1316.86,Em Aberto,5.0,Nordeste
CONTR_2026_04477,Vertice Asset e Cobranca,2026-04-05,92,3422.0,Acordo Firmado,100.0,Sudeste
CONTR_2026_04478,Vertice Asset e Cobranca,2026-03-31,106,7243.84,Acordo Firmado,92.0,Nordeste
CONTR_2026_04479,Nexus Mediacao Financeira,2026-03-03,17,20300.63,Acordo Firmado,51.0,Nordeste
CONTR_2026_04480,Nexus Mediacao Financeira,2026-04-26,101,14697.47,Em Aberto,4.0,Sudeste
CONTR_2026_04481,Fenix Recuperacao de Credito,2026-02-04,103,7031.58,Acordo Firmado,93.0,Nordeste
CONTR_2026_04482,Vertice Asset e Cobranca,2026-03-11,166,4068.35,Acordo Firmado,83.0,Nordeste
CONTR_2026_04483,Nexus Mediacao Financeira,2026-04-07,89,5729.25,Em Aberto,25.0,Sul
CONTR_2026_04484,Nexus Mediacao Financeira,2026-01-21,96,18513.87,Em Aberto,99.0,Sul
CONTR_2026_04485,Fenix Recuperacao de Credito,2026-03-21,101,2742.83,Em Aberto,24.0,Sudeste
CONTR_2026_04486,Acerta Credito Integrado,2026-04-21,102,4453.13,Em Aberto,56.0,Sudeste
CONTR_2026_04487,Fenix Recuperacao de Credito,2026-02-08,52,7102.94,Ajuizado,19.0,Nordeste
CONTR_2026_04488,Vertice Asset e Cobranca,2026-02-03,114,1251.76,Em Aberto,23.0,Sudeste
CONTR_2026_04489,Acerta Credito Integrado,2026-04-16,62,3600.36,Em Aberto,95.0,Nordeste
CONTR_2026_04490,Nexus Mediacao Financeira,2026-01-15,102,5395.63,Em Aberto,83.0,Nordeste
CONTR_2026_04491,Vertice Asset e Cobranca,2026-01-06,64,12759.05,Em Aberto,96.0,Nordeste
CONTR_2026_04492,Nexus Mediacao Financeira,2026-03-07,83,25340.11,Acordo Firmado,77.0,Sudeste
CONTR_2026_04493,Nexus Mediacao Financeira,2026-03-29,75,5263.31,Acordo Firmado,46.0,Sudeste
CONTR_2026_04494,Acerta Credito Integrado,2026-02-25,82,15664.1,Acordo Firmado,18.0,Sudeste
CONTR_2026_04495,Acerta Credito Integrado,2026-02-18,87,1722.72,Acordo Firmado,61.0,Nordeste
CONTR_2026_04496,Nexus Mediacao Financeira,2026-04-02,101,7241.09,Ajuizado,71.0,Nordeste
CONTR_2026_04497,Vertice Asset e Cobranca,2026-01-01,87,3758.75,Acordo Firmado,45.0,Sudeste
CONTR_2026_04498,Fenix Recuperacao de Credito,2026-03-06,116,8150.98,Insucesso,88.0,Centro-Oeste
CONTR_2026_04499,Vertice Asset e Cobranca,2026-01-28,73,11314.31,Em Aberto,46.0,Sudeste
CONTR_2026_04500,Vertice Asset e Cobranca,2026-04-10,102,1476.11,Insucesso,17.0,Nordeste
CONTR_2026_04501,Nexus Mediacao Financeira,2026-01-20,65,14903.4,Acordo Firmado,15.0,Norte
CONTR_2026_04502,Nexus Mediacao Financeira,2026-02-17,143,1552.95,Ajuizado,73.0,Sudeste
CONTR_2026_04503,Vertice Asset e Cobranca,2026-03-13,103,8199.91,Acordo Firmado,34.0,Sudeste
CONTR_2026_04504,Fenix Recuperacao de Credito,2026-03-06,69,1557.85,Em Aberto,51.0,Sul
CONTR_2026_04505,Vertice Asset e Cobranca,2026-03-31,142,11091.01,Ajuizado,8.0,Sudeste
CONTR_2026_04506,Vertice Asset e Cobranca,2026-02-20,105,2346.95,Em Aberto,50.0,Nordeste
CONTR_2026_04507,Acerta Credito Integrado,2026-02-12,69,4046.43,Acordo Firmado,11.0,Nordeste
CONTR_2026_04508,Fenix Recuperacao de Credito,2026-02-18,86,14687.1,Em Aberto,88.0,Sul
CONTR_2026_04509,Nexus Mediacao Financeira,2026-01-25,55,9052.7,Ajuizado,42.0,Norte
CONTR_2026_04510,Fenix Recuperacao de Credito,2026-03-15,55,8903.65,Acordo Firmado,94.0,Nordeste
CONTR_2026_04511,Fenix Recuperacao de Credito,2026-03-17,126,8405.44,Insucesso,85.0,Sudeste
CONTR_2026_04512,Vertice Asset e Cobranca,2026-02-10,63,5413.29,Em Aberto,43.0,Nordeste
CONTR_2026_04513,Fenix Recuperacao de Credito,2026-03-12,49,16323.75,Acordo Firmado,35.0,Centro-Oeste
CONTR_2026_04514,Nexus Mediacao Financeira,2026-03-05,109,10108.13,Acordo Firmado,59.0,Centro-Oeste
CONTR_2026_04515,Nexus Mediacao Financeira,2026-03-02,139,4101.67,Ajuizado,12.0,Sul
CONTR_2026_04516,Vertice Asset e Cobranca,2026-01-12,124,7984.76,Acordo Firmado,73.0,Sul
CONTR_2026_04517,Nexus Mediacao Financeira,2026-04-21,158,32549.21,Acordo Firmado,12.0,Sudeste
CONTR_2026_04518,Acerta Credito Integrado,2026-04-14,162,11439.73,Insucesso,28.0,Nordeste
CONTR_2026_04519,Fenix Recuperacao de Credito,2026-03-22,62,1206.12,Em Aberto,93.0,Centro-Oeste
CONTR_2026_04520,Fenix Recuperacao de Credito,2026-03-10,80,7894.88,Acordo Firmado,46.0,Nordeste
CONTR_2026_04521,Acerta Credito Integrado,2026-01-14,42,12608.11,Acordo Firmado,40.0,Nordeste
CONTR_2026_04522,Nexus Mediacao Financeira,2026-02-03,55,3185.64,Em Aberto,99.0,Sudeste
CONTR_2026_04523,Acerta Credito Integrado,2026-02-17,122,20169.39,Acordo Firmado,29.0,Sudeste
CONTR_2026_04524,Nexus Mediacao Financeira,2026-03-02,98,3764.97,Em Aberto,70.0,Nordeste
CONTR_2026_04525,Acerta Credito Integrado,2026-03-22,133,3933.79,Acordo Firmado,16.0,Sul
CONTR_2026_04526,Vertice Asset e Cobranca,2026-02-04,64,2076.96,Acordo Firmado,46.0,Nordeste
CONTR_2026_04527,Acerta Credito Integrado,2026-04-29,73,1707.92,Acordo Firmado,92.0,Sudeste
CONTR_2026_04528,Fenix Recuperacao de Credito,2026-03-06,107,5045.78,Em Aberto,65.0,Sudeste
CONTR_2026_04529,Nexus Mediacao Financeira,2026-02-28,121,5816.27,Em Aberto,29.0,Sul
CONTR_2026_04530,Fenix Recuperacao de Credito,2026-04-24,40,3485.61,Acordo Firmado,52.0,Nordeste
CONTR_2026_04531,Vertice Asset e Cobranca,2026-04-24,82,5864.76,Acordo Firmado,40.0,Sul
CONTR_2026_04532,Fenix Recuperacao de Credito,2026-02-05,101,3709.91,Em Aberto,6.0,Nordeste
CONTR_2026_04533,Fenix Recuperacao de Credito,2026-03-20,113,11331.78,Acordo Firmado,27.0,Sudeste
CONTR_2026_04534,Vertice Asset e Cobranca,2026-01-19,119,16576.38,Em Aberto,51.0,Sudeste
CONTR_2026_04535,Nexus Mediacao Financeira,2026-04-25,87,5701.36,Acordo Firmado,22.0,Sudeste
CONTR_2026_04536,Nexus Mediacao Financeira,2026-02-11,52,10434.49,Em Aberto,7.0,Nordeste
CONTR_2026_04537,Vertice Asset e Cobranca,2026-03-10,32,10811.9,Acordo Firmado,1.0,Sudeste
CONTR_2026_04538,Nexus Mediacao Financeira,2026-01-19,84,7454.67,Insucesso,77.0,Nordeste
CONTR_2026_04539,Fenix Recuperacao de Credito,2026-04-17,81,2265.98,Ajuizado,48.0,Nordeste
CONTR_2026_04540,Fenix Recuperacao de Credito,2026-02-08,66,2041.73,Acordo Firmado,51.0,Sudeste
CONTR_2026_04541,Fenix Recuperacao de Credito,2026-03-10,116,13796.51,Acordo Firmado,14.0,Sudeste
CONTR_2026_04542,Nexus Mediacao Financeira,2026-02-21,55,2739.84,Insucesso,79.0,Sudeste
CONTR_2026_04543,Fenix Recuperacao de Credito,2026-01-12,70,2614.01,Acordo Firmado,12.0,Sudeste
CONTR_2026_04544,Vertice Asset e Cobranca,2026-03-24,125,2108.38,Acordo Firmado,49.0,Nordeste
CONTR_2026_04545,Vertice Asset e Cobranca,2026-02-16,66,4948.1,Insucesso,41.0,Nordeste
CONTR_2026_04546,Acerta Credito Integrado,2026-03-17,99,6850.48,Ajuizado,68.0,Sudeste
CONTR_2026_04547,Fenix Recuperacao de Credito,2026-02-05,89,6837.55,Acordo Firmado,85.0,Sudeste
CONTR_2026_04548,Nexus Mediacao Financeira,2026-03-04,97,2712.64,Em Aberto,2.0,Sudeste
CONTR_2026_04549,Nexus Mediacao Financeira,2026-03-17,116,1697.92,Acordo Firmado,85.0,Centro-Oeste
CONTR_2026_04550,Acerta Credito Integrado,2026-03-23,99,3056.84,Em Aberto,62.0,Nordeste
CONTR_2026_04551,Fenix Recuperacao de Credito,2026-04-23,9999,4700.2,Acordo Firmado,57.0,Centro-Oeste
CONTR_2026_04552,Fenix Recuperacao de Credito,2026-02-20,53,5939.42,Acordo Firmado,14.0,Centro-Oeste
CONTR_2026_04553,Fenix Recuperacao de Credito,2026-04-22,98,2777.67,Acordo Firmado,44.0,Centro-Oeste
CONTR_2026_04554,Acerta Credito Integrado,2026-02-12,62,2211.55,Ajuizado,66.0,Sudeste
CONTR_2026_04555,Vertice Asset e Cobranca,2026-02-03,118,10412.39,Em Aberto,75.0,Centro-Oeste
CONTR_2026_04556,Nexus Mediacao Financeira,2026-04-22,99,10957.03,Acordo Firmado,37.0,Nordeste
CONTR_2026_04557,Nexus Mediacao Financeira,2026-04-07,38,2842.22,Acordo Firmado,78.0,Sudeste
CONTR_2026_04558,Nexus Mediacao Financeira,2026-02-18,146,5306.19,Em Aberto,47.0,Centro-Oeste
CONTR_2026_04559,Fenix Recuperacao de Credito,2026-01-18,79,4097.54,Em Aberto,61.0,Centro-Oeste
CONTR_2026_04560,Vertice Asset e Cobranca,2026-03-02,83,1965.56,Acordo Firmado,84.0,Nordeste
CONTR_2026_04561,Acerta Credito Integrado,2026-02-26,102,15316.15,Em Aberto,99.0,Sudeste
CONTR_2026_04562,Vertice Asset e Cobranca,2026-04-03,87,1249.16,Insucesso,27.0,Sudeste
CONTR_2026_04563,Acerta Credito Integrado,2026-04-19,118,2238.67,Insucesso,51.0,Nordeste
CONTR_2026_04564,Fenix Recuperacao de Credito,2026-01-05,59,3319.91,Em Aberto,60.0,Nordeste
CONTR_2026_04565,Fenix Recuperacao de Credito,2026-03-30,124,10905.75,Acordo Firmado,70.0,Sudeste
CONTR_2026_04566,Acerta Credito Integrado,2026-01-24,110,8971.29,Em Aberto,71.0,Sudeste
CONTR_2026_04567,Vertice Asset e Cobranca,2026-04-03,66,5536.12,Em Aberto,45.0,Nordeste
CONTR_2026_04568,Fenix Recuperacao de Credito,2026-03-05,97,7137.56,Ajuizado,1.0,Sudeste
CONTR_2026_04569,Fenix Recuperacao de Credito,2026-02-28,126,3284.49,Em Aberto,13.0,Sul
CONTR_2026_04570,Acerta Credito Integrado,2026-02-07,105,15312.39,Acordo Firmado,38.0,Sudeste
CONTR_2026_04571,Nexus Mediacao Financeira,2026-02-02,94,1335.76,Acordo Firmado,17.0,Sudeste
CONTR_2026_04572,Nexus Mediacao Financeira,2026-01-10,108,1731.96,Acordo Firmado,100.0,Nordeste
CONTR_2026_04573,Fenix Recuperacao de Credito,2026-02-06,111,14188.39,Em Aberto,38.0,Sul
CONTR_2026_04574,Acerta Credito Integrado,2026-04-07,74,15706.81,Acordo Firmado,1.0,Sudeste
CONTR_2026_04575,Acerta Credito Integrado,2026-03-28,94,4572.32,Em Aberto,1.0,Norte
CONTR_2026_04576,Vertice Asset e Cobranca,2026-01-11,115,5495.55,Em Aberto,83.0,Nordeste
CONTR_2026_04577,Vertice Asset e Cobranca,2026-01-24,93,12841.46,Em Aberto,30.0,Nordeste
CONTR_2026_04578,Fenix Recuperacao de Credito,2026-03-29,68,10801.41,Insucesso,77.0,Nordeste
CONTR_2026_04579,Vertice Asset e Cobranca,2026-03-12,98,11100.76,Em Aberto,7.0,Nordeste
CONTR_2026_04580,Nexus Mediacao Financeira,2026-04-24,78,3524.37,Ajuizado,20.0,Sudeste
CONTR_2026_04581,Fenix Recuperacao de Credito,2026-01-21,107,10075.92,Em Aberto,44.0,Nordeste
CONTR_2026_04582,Vertice Asset e Cobranca,2026-01-20,132,1559.15,Acordo Firmado,73.0,Nordeste
CONTR_2026_04583,Acerta Credito Integrado,2026-04-27,110,4537.05,Ajuizado,13.0,Nordeste
CONTR_2026_04584,Acerta Credito Integrado,2026-01-10,65,2555.15,Acordo Firmado,39.0,Sul
CONTR_2026_04585,Nexus Mediacao Financeira,2026-03-30,99,1382.27,Em Aberto,20.0,Sul
CONTR_2026_04586,Vertice Asset e Cobranca,2026-02-16,15,6001.35,Em Aberto,89.0,Nordeste
CONTR_2026_04587,Vertice Asset e Cobranca,2026-04-10,87,1596.19,Insucesso,5.0,Norte
CONTR_2026_04588,Fenix Recuperacao de Credito,2026-04-22,118,1840.07,Acordo Firmado,52.0,Nordeste
CONTR_2026_04589,Nexus Mediacao Financeira,2026-02-16,102,1626.4,Acordo Firmado,25.0,Nordeste
CONTR_2026_04590,Acerta Credito Integrado,2026-01-15,93,19653.92,Em Aberto,12.0,Nordeste
CONTR_2026_04591,Nexus Mediacao Financeira,2026-02-13,153,1400.15,Acordo Firmado,90.0,Nordeste
CONTR_2026_04592,Fenix Recuperacao de Credito,2026-04-14,38,2771.89,Acordo Firmado,56.0,Sudeste
CONTR_2026_04593,Nexus Mediacao Financeira,2026-04-14,45,6477.74,Acordo Firmado,86.0,Nordeste
CONTR_2026_04594,Vertice Asset e Cobranca,2026-04-24,104,9868.86,Em Aberto,1.0,Sudeste
CONTR_2026_04595,Vertice Asset e Cobranca,2026-03-03,116,5885.06,Acordo Firmado,72.0,Nordeste
CONTR_2026_04596,Nexus Mediacao Financeira,2026-01-06,118,19954.15,Acordo Firmado,100.0,Nordeste
CONTR_2026_04597,Acerta Credito Integrado,2026-04-11,72,3260.25,Acordo Firmado,49.0,Centro-Oeste
CONTR_2026_04598,Fenix Recuperacao de Credito,2026-03-07,64,4393.35,Em Aberto,67.0,Nordeste
CONTR_2026_04599,Vertice Asset e Cobranca,2026-03-17,60,9810.27,Em Aberto,22.0,Centro-Oeste
CONTR_2026_04600,Vertice Asset e Cobranca,2026-01-04,99,6923.76,Acordo Firmado,85.0,Nordeste
CONTR_2026_04601,Fenix Recuperacao de Credito,2026-01-23,60,2404.42,Acordo Firmado,85.0,Nordeste
CONTR_2026_04602,Acerta Credito Integrado,2026-01-13,123,4652.43,Acordo Firmado,31.0,Sudeste
CONTR_2026_04603,Fenix Recuperacao de Credito,2026-03-22,89,19840.04,Em Aberto,1.0,Sul
CONTR_2026_04604,Vertice Asset e Cobranca,2026-01-31,68,11139.72,Insucesso,27.0,Centro-Oeste
CONTR_2026_04605,Acerta Credito Integrado,2026-01-16,69,2264.75,Em Aberto,2.0,Sul
CONTR_2026_04606,Acerta Credito Integrado,2026-02-10,44,2190.95,Acordo Firmado,93.0,Sudeste
CONTR_2026_04607,Acerta Credito Integrado,2026-03-31,66,10012.79,Insucesso,1.0,Sul
CONTR_2026_04608,Fenix Recuperacao de Credito,2026-04-02,73,2308.81,Acordo Firmado,42.0,Sudeste
CONTR_2026_04609,Vertice Asset e Cobranca,2026-01-01,102,4214.61,Em Aberto,8.0,Sul
CONTR_2026_04610,Vertice Asset e Cobranca,2026-04-21,87,2196.88,Em Aberto,35.0,Norte
CONTR_2026_04611,Vertice Asset e Cobranca,2026-01-12,64,1273.86,Insucesso,35.0,Sul
CONTR_2026_04612,Fenix Recuperacao de Credito,2026-04-11,53,11613.38,Acordo Firmado,7.0,Norte
CONTR_2026_04613,Vertice Asset e Cobranca,2026-04-29,82,8748.06,Acordo Firmado,23.0,Sudeste
CONTR_2026_04614,Fenix Recuperacao de Credito,2026-02-25,28,4379.95,Acordo Firmado,23.0,Centro-Oeste
CONTR_2026_04615,Fenix Recuperacao de Credito,2026-02-19,80,2069.26,Acordo Firmado,46.0,Nordeste
CONTR_2026_04616,Vertice Asset e Cobranca,2026-01-20,123,9410.26,Insucesso,19.0,Nordeste
CONTR_2026_04617,Acerta Credito Integrado,2026-03-07,83,3426.49,Insucesso,79.0,Nordeste
CONTR_2026_04618,Acerta Credito Integrado,2026-02-05,94,6622.79,Em Aberto,72.0,Nordeste
CONTR_2026_04619,Vertice Asset e Cobranca,2026-03-20,91,3104.07,Acordo Firmado,97.0,Sul
CONTR_2026_04620,Acerta Credito Integrado,2026-02-07,48,4030.7,Acordo Firmado,99.0,Sudeste
CONTR_2026_04621,Acerta Credito Integrado,2026-01-22,142,5033.67,Insucesso,13.0,Nordeste
CONTR_2026_04622,Acerta Credito Integrado,2026-04-18,77,8377.76,Em Aberto,50.0,Sul
CONTR_2026_04623,Fenix Recuperacao de Credito,2026-03-02,89,10121.0,Ajuizado,31.0,Nordeste
CONTR_2026_04624,Nexus Mediacao Financeira,2026-02-19,70,4130.86,Acordo Firmado,71.0,Nordeste
CONTR_2026_04625,Fenix Recuperacao de Credito,2026-04-06,124,2526.6,Acordo Firmado,51.0,Sudeste
CONTR_2026_04626,Nexus Mediacao Financeira,2026-02-28,46,2034.11,Em Aberto,38.0,Nordeste
CONTR_2026_04627,Vertice Asset e Cobranca,2026-01-20,129,3283.25,Acordo Firmado,57.0,Nordeste
CONTR_2026_04628,Nexus Mediacao Financeira,2026-02-05,80,9291.98,Em Aberto,8.0,Sul
CONTR_2026_04629,Nexus Mediacao Financeira,2026-04-07,73,2800.9,Acordo Firmado,100.0,Sudeste
CONTR_2026_04630,Nexus Mediacao Financeira,2026-01-15,71,1443.43,Ajuizado,14.0,Nordeste
CONTR_2026_04631,Fenix Recuperacao de Credito,2026-03-03,144,5353.73,Ajuizado,94.0,Sudeste
CONTR_2026_04632,Vertice Asset e Cobranca,2026-04-24,41,1370.96,Acordo Firmado,51.0,Sudeste
CONTR_2026_04633,Acerta Credito Integrado,2026-04-20,73,12010.86,Acordo Firmado,9.0,Nordeste
CONTR_2026_04634,Acerta Credito Integrado,2026-01-03,51,6866.96,Em Aberto,13.0,Nordeste
CONTR_2026_04635,Fenix Recuperacao de Credito,2026-04-03,35,2684.26,Em Aberto,76.0,Sul
CONTR_2026_04636,Vertice Asset e Cobranca,2026-04-21,129,4365.83,Em Aberto,66.0,Nordeste
CONTR_2026_04637,Vertice Asset e Cobranca,2026-04-01,89,7920.33,Acordo Firmado,38.0,Norte
CONTR_2026_04638,Nexus Mediacao Financeira,2026-01-05,55,13565.91,Em Aberto,21.0,Nordeste
CONTR_2026_04639,Acerta Credito Integrado,2026-02-25,114,11575.41,Em Aberto,29.0,Sudeste
CONTR_2026_04640,Acerta Credito Integrado,2026-01-31,77,1560.34,Em Aberto,84.0,Nordeste
CONTR_2026_04641,Fenix Recuperacao de Credito,2026-03-27,70,1623.11,Acordo Firmado,50.0,Sudeste
CONTR_2026_04642,Vertice Asset e Cobranca,2026-02-04,107,5753.08,Acordo Firmado,64.0,Nordeste
CONTR_2026_04643,Acerta Credito Integrado,2026-04-28,77,4630.82,Acordo Firmado,9.0,Nordeste
CONTR_2026_04644,Fenix Recuperacao de Credito,2026-03-12,61,2933.18,Acordo Firmado,15.0,Centro-Oeste
CONTR_2026_04645,Acerta Credito Integrado,2026-03-11,110,19884.7,Acordo Firmado,53.0,Sudeste
CONTR_2026_04646,Acerta Credito Integrado,2026-01-26,85,8057.37,Insucesso,97.0,Nordeste
CONTR_2026_04647,Nexus Mediacao Financeira,2026-04-28,112,7012.83,Em Aberto,53.0,Norte
CONTR_2026_04648,Vertice Asset e Cobranca,2026-01-01,77,2200.37,Acordo Firmado,71.0,Nordeste
CONTR_2026_04649,Acerta Credito Integrado,2026-03-24,120,2869.89,Acordo Firmado,3.0,Nordeste
CONTR_2026_04650,Fenix Recuperacao de Credito,2026-01-07,90,5844.58,Acordo Firmado,87.0,Nordeste
CONTR_2026_04651,Fenix Recuperacao de Credito,2026-02-05,121,9138.3,Acordo Firmado,22.0,Nordeste
CONTR_2026_04652,Acerta Credito Integrado,2026-03-17,120,14572.62,Acordo Firmado,39.0,Sudeste
CONTR_2026_04653,Vertice Asset e Cobranca,2026-03-25,127,7182.12,Ajuizado,77.0,Sul
CONTR_2026_04654,Acerta Credito Integrado,2026-03-28,92,3911.9,Em Aberto,9.0,Nordeste
CONTR_2026_04655,Vertice Asset e Cobranca,2026-01-25,101,7073.33,Acordo Firmado,34.0,Nordeste
CONTR_2026_04656,Fenix Recuperacao de Credito,2026-04-04,83,1558.42,Em Aberto,12.0,Sudeste
CONTR_2026_04657,Acerta Credito Integrado,2026-02-28,63,5782.49,Ajuizado,34.0,Nordeste
CONTR_2026_04658,Nexus Mediacao Financeira,2026-03-02,150,12451.14,Insucesso,45.0,Sudeste
CONTR_2026_04659,Fenix Recuperacao de Credito,2026-01-29,67,6266.03,Ajuizado,97.0,Norte
CONTR_2026_04660,Acerta Credito Integrado,2026-04-05,117,1237.84,Acordo Firmado,51.0,Norte
CONTR_2026_04661,Nexus Mediacao Financeira,2026-01-18,111,7129.34,Em Aberto,99.0,Sudeste
CONTR_2026_04662,Nexus Mediacao Financeira,2026-02-10,95,7681.25,Insucesso,28.0,Sudeste
CONTR_2026_04663,Vertice Asset e Cobranca,2026-01-19,85,5096.02,Ajuizado,39.0,Nordeste
CONTR_2026_04664,Acerta Credito Integrado,2026-04-28,85,9666.5,Acordo Firmado,3.0,Norte
CONTR_2026_04665,Acerta Credito Integrado,2026-01-04,70,2330.06,Insucesso,47.0,Sudeste
CONTR_2026_04666,Acerta Credito Integrado,2026-03-06,92,3829.52,Acordo Firmado,12.0,Nordeste
CONTR_2026_04667,Fenix Recuperacao de Credito,2026-02-10,54,9440.53,Insucesso,43.0,Sul
CONTR_2026_04668,Acerta Credito Integrado,2026-01-15,112,5827.79,Ajuizado,77.0,Sudeste
CONTR_2026_04669,Nexus Mediacao Financeira,2026-02-23,83,27094.01,Em Aberto,67.0,Sudeste
CONTR_2026_04670,Nexus Mediacao Financeira,2026-03-05,61,1558.9,Acordo Firmado,18.0,Sul
CONTR_2026_04671,Vertice Asset e Cobranca,2026-03-13,51,2600.63,Em Aberto,90.0,Nordeste
CONTR_2026_04672,Acerta Credito Integrado,2026-01-15,86,2310.25,Em Aberto,10.0,Sudeste
CONTR_2026_04673,Acerta Credito Integrado,2026-03-20,87,19930.9,Acordo Firmado,4.0,Nordeste
CONTR_2026_04674,Fenix Recuperacao de Credito,2026-02-19,74,11372.82,Em Aberto,12.0,Nordeste
CONTR_2026_04675,Vertice Asset e Cobranca,2026-04-13,105,1914.29,Insucesso,53.0,Nordeste
CONTR_2026_04676,Acerta Credito Integrado,2026-01-22,100,3383.26,Em Aberto,51.0,Sudeste
CONTR_2026_04677,Fenix Recuperacao de Credito,2026-01-18,91,1470.15,Em Aberto,16.0,Nordeste
CONTR_2026_04678,Vertice Asset e Cobranca,2026-03-21,62,6206.08,Insucesso,17.0,Sul
CONTR_2026_04679,Nexus Mediacao Financeira,2026-01-02,67,3211.31,Em Aberto,95.0,Sul
CONTR_2026_04680,Nexus Mediacao Financeira,2026-02-05,48,2689.09,Em Aberto,26.0,Sul
CONTR_2026_04681,Vertice Asset e Cobranca,2026-01-20,84,4902.42,Acordo Firmado,2.0,Nordeste
CONTR_2026_04682,Fenix Recuperacao de Credito,2026-01-16,106,9137.2,Em Aberto,29.0,Sudeste
CONTR_2026_04683,Fenix Recuperacao de Credito,2026-03-08,53,3786.88,Em Aberto,94.0,Sudeste
CONTR_2026_04684,Vertice Asset e Cobranca,2026-04-30,73,8282.71,Acordo Firmado,47.0,Nordeste
CONTR_2026_04685,Acerta Credito Integrado,2026-01-30,88,4154.15,Em Aberto,11.0,Nordeste
CONTR_2026_04686,Vertice Asset e Cobranca,2026-02-24,106,2407.31,Ajuizado,34.0,Sul
CONTR_2026_04687,Fenix Recuperacao de Credito,2026-03-07,45,4154.81,Em Aberto,71.0,Sudeste
CONTR_2026_04688,Fenix Recuperacao de Credito,2026-04-09,156,5061.54,Em Aberto,29.0,Nordeste
CONTR_2026_04689,Nexus Mediacao Financeira,2026-01-26,112,4295.58,Acordo Firmado,97.0,Sudeste
CONTR_2026_04690,Vertice Asset e Cobranca,2026-02-26,72,2803.26,Ajuizado,49.0,Sudeste
CONTR_2026_04691,Vertice Asset e Cobranca,2026-03-10,57,2223.46,Em Aberto,91.0,Sul
CONTR_2026_04692,Vertice Asset e Cobranca,2026-01-02,98,15882.81,Em Aberto,16.0,Nordeste
CONTR_2026_04693,Vertice Asset e Cobranca,2026-04-25,104,2965.45,Acordo Firmado,81.0,Nordeste
CONTR_2026_04694,Nexus Mediacao Financeira,2026-02-25,60,7310.17,Acordo Firmado,75.0,Sul
CONTR_2026_04695,Vertice Asset e Cobranca,2026-03-25,56,3282.84,Em Aberto,14.0,Sudeste
CONTR_2026_04696,Acerta Credito Integrado,2026-03-03,63,18673.64,Em Aberto,13.0,Sul
CONTR_2026_04697,Nexus Mediacao Financeira,2026-02-03,91,23431.77,Insucesso,35.0,Sudeste
CONTR_2026_04698,Nexus Mediacao Financeira,2026-04-08,92,9917.6,Insucesso,90.0,Sudeste
CONTR_2026_04699,Fenix Recuperacao de Credito,2026-04-28,154,5555.08,Em Aberto,52.0,Sudeste
CONTR_2026_04700,Vertice Asset e Cobranca,2026-02-25,25,5105.17,Em Aberto,25.0,Sudeste
CONTR_2026_04701,Fenix Recuperacao de Credito,2026-02-24,69,3194.64,Acordo Firmado,59.0,Sudeste
CONTR_2026_04702,Fenix Recuperacao de Credito,2026-01-20,74,1850.71,Em Aberto,76.0,Sudeste
CONTR_2026_04703,Nexus Mediacao Financeira,2026-02-19,104,1611.81,Em Aberto,68.0,Nordeste
CONTR_2026_04704,Nexus Mediacao Financeira,2026-01-25,105,4331.63,Em Aberto,42.0,Nordeste
CONTR_2026_04705,Vertice Asset e Cobranca,2026-03-25,84,20466.11,Em Aberto,48.0,Nordeste
CONTR_2026_04706,Vertice Asset e Cobranca,2026-01-25,135,2617.64,Em Aberto,91.0,Nordeste
CONTR_2026_04707,Acerta Credito Integrado,2026-02-22,56,3846.24,Acordo Firmado,45.0,Sudeste
CONTR_2026_04708,Fenix Recuperacao de Credito,2026-01-14,69,6328.01,Acordo Firmado,72.0,Sul
CONTR_2026_04709,Acerta Credito Integrado,2026-03-01,50,3362.1,Insucesso,72.0,Sudeste
CONTR_2026_04710,Nexus Mediacao Financeira,2026-04-21,85,1218.18,Acordo Firmado,29.0,Sudeste
CONTR_2026_04711,Vertice Asset e Cobranca,2026-04-18,80,3722.7,Acordo Firmado,3.0,Nordeste
CONTR_2026_04712,Vertice Asset e Cobranca,2026-02-12,113,9364.59,Em Aberto,21.0,Centro-Oeste
CONTR_2026_04713,Vertice Asset e Cobranca,2026-04-17,145,15608.44,Ajuizado,31.0,Sul
CONTR_2026_04714,Acerta Credito Integrado,2026-03-03,134,2808.54,Em Aberto,13.0,Sudeste
CONTR_2026_04715,Nexus Mediacao Financeira,2026-04-13,53,13932.57,Acordo Firmado,95.0,Nordeste
CONTR_2026_04716,Vertice Asset e Cobranca,2026-03-17,91,11292.62,Em Aberto,81.0,Sul
CONTR_2026_04717,Nexus Mediacao Financeira,2026-04-22,113,3810.48,Acordo Firmado,48.0,Nordeste
CONTR_2026_04718,Vertice Asset e Cobranca,2026-03-10,110,1223.44,Insucesso,96.0,Sudeste
CONTR_2026_04719,Vertice Asset e Cobranca,2026-03-04,159,10517.65,Em Aberto,24.0,Nordeste
CONTR_2026_04720,Fenix Recuperacao de Credito,2026-01-02,83,2889.77,Em Aberto,2.0,Centro-Oeste
CONTR_2026_04721,Vertice Asset e Cobranca,2026-02-23,92,8250.61,Em Aberto,3.0,Sudeste
CONTR_2026_04722,Fenix Recuperacao de Credito,2026-01-16,157,5437.49,Acordo Firmado,26.0,Nordeste
CONTR_2026_04723,Fenix Recuperacao de Credito,2026-02-24,102,2452.99,Acordo Firmado,2.0,Nordeste
CONTR_2026_04724,Vertice Asset e Cobranca,2026-04-04,72,6423.63,Em Aberto,33.0,Nordeste
CONTR_2026_04725,Fenix Recuperacao de Credito,2026-04-21,60,8437.45,Em Aberto,34.0,Sudeste
CONTR_2026_04726,Fenix Recuperacao de Credito,2026-02-12,96,4416.5,Acordo Firmado,90.0,Sul
CONTR_2026_04727,Fenix Recuperacao de Credito,2026-03-02,121,8089.85,Em Aberto,98.0,Nordeste
CONTR_2026_04728,Acerta Credito Integrado,2026-02-07,121,3795.73,Insucesso,38.0,Nordeste
CONTR_2026_04729,Acerta Credito Integrado,2026-02-14,63,20823.41,Acordo Firmado,78.0,Sudeste
CONTR_2026_04730,Fenix Recuperacao de Credito,2026-02-20,93,2570.92,Em Aberto,95.0,Nordeste
CONTR_2026_04731,Fenix Recuperacao de Credito,2026-02-11,76,8722.12,Insucesso,20.0,Sul
CONTR_2026_04732,Fenix Recuperacao de Credito,2026-01-24,85,8123.52,Acordo Firmado,10.0,Nordeste
CONTR_2026_04733,Acerta Credito Integrado,2026-04-25,117,4969.19,Acordo Firmado,84.0,Sul
CONTR_2026_04734,Fenix Recuperacao de Credito,2026-01-30,88,3356.52,Em Aberto,33.0,Nordeste
CONTR_2026_04735,Vertice Asset e Cobranca,2026-02-06,109,4150.79,Em Aberto,45.0,Sudeste
CONTR_2026_04736,Fenix Recuperacao de Credito,2026-02-22,110,6164.34,Em Aberto,51.0,Sudeste
CONTR_2026_04737,Nexus Mediacao Financeira,2026-03-04,71,4978.83,Ajuizado,66.0,Nordeste
CONTR_2026_04738,Vertice Asset e Cobranca,2026-04-13,126,8367.77,Ajuizado,61.0,Nordeste
CONTR_2026_04739,Vertice Asset e Cobranca,2026-01-11,57,3436.76,Em Aberto,51.0,Norte
CONTR_2026_04740,Nexus Mediacao Financeira,2026-03-19,52,1767.22,Ajuizado,12.0,Nordeste
CONTR_2026_04741,Acerta Credito Integrado,2026-01-23,75,4722.0,Em Aberto,80.0,Nordeste
CONTR_2026_04742,Fenix Recuperacao de Credito,2026-04-27,60,2698.85,Em Aberto,9.0,Nordeste
CONTR_2026_04743,Fenix Recuperacao de Credito,2026-03-21,108,5993.88,Em Aberto,11.0,Sudeste
CONTR_2026_04744,Vertice Asset e Cobranca,2026-02-19,166,4873.21,Acordo Firmado,21.0,Nordeste
CONTR_2026_04745,Fenix Recuperacao de Credito,2026-03-26,123,8742.28,Ajuizado,76.0,Nordeste
CONTR_2026_04746,Fenix Recuperacao de Credito,2026-02-24,65,5481.0,Acordo Firmado,68.0,Sudeste
CONTR_2026_04747,Fenix Recuperacao de Credito,2026-02-24,60,4017.26,Acordo Firmado,51.0,Nordeste
CONTR_2026_04748,Fenix Recuperacao de Credito,2026-01-04,119,1838.35,Em Aberto,63.0,Sudeste
CONTR_2026_04749,Vertice Asset e Cobranca,2026-04-07,54,1839.97,Acordo Firmado,19.0,Centro-Oeste
CONTR_2026_04750,Acerta Credito Integrado,2026-02-23,60,6313.13,Acordo Firmado,17.0,Sudeste
CONTR_2026_04751,Vertice Asset e Cobranca,2026-03-02,101,11832.8,Em Aberto,44.0,Sudeste
CONTR_2026_04752,Vertice Asset e Cobranca,2026-04-21,73,3878.9,Insucesso,61.0,Sul
CONTR_2026_04753,Nexus Mediacao Financeira,2026-03-19,93,4983.52,Em Aberto,1.0,Sudeste
CONTR_2026_04754,Nexus Mediacao Financeira,2026-03-24,80,5672.8,Acordo Firmado,72.0,Nordeste
CONTR_2026_04755,Acerta Credito Integrado,2026-01-05,89,4443.72,Acordo Firmado,58.0,Nordeste
CONTR_2026_04756,Acerta Credito Integrado,2026-04-10,116,1507.06,Insucesso,94.0,Centro-Oeste
CONTR_2026_04757,Fenix Recuperacao de Credito,2026-04-05,108,5647.51,Acordo Firmado,41.0,Sul
CONTR_2026_04758,Acerta Credito Integrado,2026-04-19,117,1937.3,Acordo Firmado,24.0,Sul
CONTR_2026_04759,Vertice Asset e Cobranca,2026-01-18,109,5257.45,Acordo Firmado,51.0,Sudeste
CONTR_2026_04760,Vertice Asset e Cobranca,2026-02-13,111,8666.67,Insucesso,81.0,Sudeste
CONTR_2026_04761,Vertice Asset e Cobranca,2026-01-31,89,1227.31,Ajuizado,94.0,Sudeste
CONTR_2026_04762,Vertice Asset e Cobranca,2026-04-29,46,4014.77,Em Aberto,9.0,Sudeste
CONTR_2026_04763,Acerta Credito Integrado,2026-04-04,86,8046.01,Insucesso,66.0,Sudeste
CONTR_2026_04764,Fenix Recuperacao de Credito,2026-01-21,99,4959.56,Ajuizado,90.0,Sudeste
CONTR_2026_04765,Nexus Mediacao Financeira,2026-02-16,92,2541.4,Em Aberto,32.0,Nordeste
CONTR_2026_04766,Vertice Asset e Cobranca,2026-01-30,9999,7179.48,Em Aberto,91.0,Sudeste
CONTR_2026_04767,Acerta Credito Integrado,2026-02-24,151,8850.19,Insucesso,41.0,Sudeste
CONTR_2026_04768,Fenix Recuperacao de Credito,2026-04-15,74,3451.2,Acordo Firmado,11.0,Nordeste
CONTR_2026_04769,Acerta Credito Integrado,2026-03-09,77,2964.84,Em Aberto,65.0,Nordeste
CONTR_2026_04770,Vertice Asset e Cobranca,2026-03-10,126,5138.81,Em Aberto,18.0,Sul
CONTR_2026_04771,Fenix Recuperacao de Credito,2026-02-10,93,3473.98,Em Aberto,8.0,Nordeste
CONTR_2026_04772,Vertice Asset e Cobranca,2026-02-14,103,10237.52,Em Aberto,27.0,Norte
CONTR_2026_04773,Fenix Recuperacao de Credito,2026-03-15,72,8749.1,Insucesso,82.0,Sudeste
CONTR_2026_04774,Acerta Credito Integrado,2026-04-01,68,3069.02,Em Aberto,9.0,Sudeste
CONTR_2026_04775,Vertice Asset e Cobranca,2026-03-21,53,4253.03,Acordo Firmado,2.0,Sudeste
CONTR_2026_04776,Acerta Credito Integrado,2026-01-30,95,12213.15,Em Aberto,81.0,Sudeste
CONTR_2026_04777,Fenix Recuperacao de Credito,2026-03-18,60,1997.19,Acordo Firmado,75.0,Centro-Oeste
CONTR_2026_04778,Vertice Asset e Cobranca,2026-04-10,56,8216.84,Em Aberto,46.0,Nordeste
CONTR_2026_04779,Fenix Recuperacao de Credito,2026-03-26,109,3104.87,Em Aberto,70.0,Nordeste
CONTR_2026_04780,Fenix Recuperacao de Credito,2026-02-14,70,1836.2,Ajuizado,5.0,Nordeste
CONTR_2026_04781,Fenix Recuperacao de Credito,2026-04-27,53,1822.03,Ajuizado,12.0,Nordeste
CONTR_2026_04782,Fenix Recuperacao de Credito,2026-04-14,50,2816.8,Em Aberto,44.0,Centro-Oeste
CONTR_2026_04783,Nexus Mediacao Financeira,2026-02-14,117,5171.25,Acordo Firmado,42.0,Nordeste
CONTR_2026_04784,Vertice Asset e Cobranca,2026-03-20,86,13123.85,Em Aberto,99.0,Nordeste
CONTR_2026_04785,Vertice Asset e Cobranca,2026-03-25,78,3004.81,Em Aberto,88.0,Sul
CONTR_2026_04786,Vertice Asset e Cobranca,2026-03-25,95,2310.89,Acordo Firmado,30.0,Nordeste
CONTR_2026_04787,Acerta Credito Integrado,2026-02-14,92,4456.72,Acordo Firmado,52.0,Sul
CONTR_2026_04788,Fenix Recuperacao de Credito,2026-02-24,74,2051.74,Em Aberto,81.0,Nordeste
CONTR_2026_04789,Vertice Asset e Cobranca,2026-02-28,79,2785.15,Insucesso,47.0,Nordeste
CONTR_2026_04790,Vertice Asset e Cobranca,2026-01-05,111,22774.18,Acordo Firmado,36.0,Sudeste
CONTR_2026_04791,Fenix Recuperacao de Credito,2026-04-28,114,5282.8,Em Aberto,70.0,Sudeste
CONTR_2026_04792,Vertice Asset e Cobranca,2026-04-28,64,8860.3,Acordo Firmado,32.0,Nordeste
CONTR_2026_04793,Fenix Recuperacao de Credito,2026-02-01,128,2390.08,Em Aberto,98.0,Sul
CONTR_2026_04794,Vertice Asset e Cobranca,2026-01-06,150,4870.56,Em Aberto,44.0,Nordeste
CONTR_2026_04795,Vertice Asset e Cobranca,2026-04-04,81,4772.15,Em Aberto,16.0,Nordeste
CONTR_2026_04796,Vertice Asset e Cobranca,2026-01-26,80,9574.36,Em Aberto,71.0,Sudeste
CONTR_2026_04797,Fenix Recuperacao de Credito,2026-02-06,63,1309.04,Em Aberto,96.0,Centro-Oeste
CONTR_2026_04798,Acerta Credito Integrado,2026-01-13,69,11047.73,Em Aberto,17.0,Nordeste
CONTR_2026_04799,Fenix Recuperacao de Credito,2026-04-03,99,1614.71,Ajuizado,32.0,Sul
CONTR_2026_04800,Nexus Mediacao Financeira,2026-03-10,159,13620.32,Em Aberto,14.0,Sul
CONTR_2026_04801,Fenix Recuperacao de Credito,2026-01-25,111,1970.65,Acordo Firmado,26.0,Nordeste
CONTR_2026_04802,Fenix Recuperacao de Credito,2026-01-13,80,4998.98,Insucesso,73.0,Sudeste
CONTR_2026_04803,Fenix Recuperacao de Credito,2026-03-29,77,1723.42,Acordo Firmado,13.0,Centro-Oeste
CONTR_2026_04804,Fenix Recuperacao de Credito,2026-04-05,70,4163.72,Acordo Firmado,89.0,Nordeste
CONTR_2026_04805,Acerta Credito Integrado,2026-01-20,121,2978.23,Insucesso,12.0,Nordeste
CONTR_2026_04806,Nexus Mediacao Financeira,2026-04-29,82,3924.46,Em Aberto,45.0,Sul
CONTR_2026_04807,Fenix Recuperacao de Credito,2026-03-13,103,5137.66,Em Aberto,16.0,Sudeste
CONTR_2026_04808,Vertice Asset e Cobranca,2026-03-01,82,4275.74,Acordo Firmado,94.0,Nordeste
CONTR_2026_04809,Fenix Recuperacao de Credito,2026-03-14,153,1317.18,Em Aberto,52.0,Nordeste
CONTR_2026_04810,Acerta Credito Integrado,2026-01-21,73,11155.44,Acordo Firmado,21.0,Sul
CONTR_2026_04811,Fenix Recuperacao de Credito,2026-04-25,68,1698.85,Em Aberto,51.0,Sudeste
CONTR_2026_04812,Acerta Credito Integrado,2026-03-02,75,20919.48,Insucesso,43.0,Nordeste
CONTR_2026_04813,Fenix Recuperacao de Credito,2026-03-25,102,10729.75,Em Aberto,5.0,Norte
CONTR_2026_04814,Nexus Mediacao Financeira,2026-03-20,133,5320.56,Acordo Firmado,33.0,Sudeste
CONTR_2026_04815,Acerta Credito Integrado,2026-01-26,102,2606.47,Em Aberto,31.0,Sudeste
CONTR_2026_04816,Fenix Recuperacao de Credito,2026-02-23,111,1650.97,Insucesso,9.0,Sul
CONTR_2026_04817,Fenix Recuperacao de Credito,2026-02-11,107,6771.2,Em Aberto,35.0,Sudeste
CONTR_2026_04818,Acerta Credito Integrado,2026-01-11,40,2325.16,Insucesso,8.0,Nordeste
CONTR_2026_04819,Acerta Credito Integrado,2026-02-06,89,7806.66,Acordo Firmado,75.0,Sul
CONTR_2026_04820,Fenix Recuperacao de Credito,2026-04-15,80,10134.11,Acordo Firmado,17.0,Nordeste
CONTR_2026_04821,Vertice Asset e Cobranca,2026-01-11,85,23733.47,Acordo Firmado,80.0,Sudeste
CONTR_2026_04822,Vertice Asset e Cobranca,2026-01-27,65,4708.07,Em Aberto,20.0,Nordeste
CONTR_2026_04823,Vertice Asset e Cobranca,2026-04-04,116,19579.22,Acordo Firmado,51.0,Sudeste
CONTR_2026_04824,Vertice Asset e Cobranca,2026-03-24,91,2008.59,Em Aberto,78.0,Nordeste
CONTR_2026_04825,Nexus Mediacao Financeira,2026-02-03,91,10246.98,Em Aberto,22.0,Nordeste
CONTR_2026_04826,Fenix Recuperacao de Credito,2026-02-07,85,3429.89,Insucesso,54.0,Sudeste
CONTR_2026_04827,Nexus Mediacao Financeira,2026-03-02,71,3469.17,Insucesso,71.0,Sul
CONTR_2026_04828,Fenix Recuperacao de Credito,2026-03-28,36,2764.3,Insucesso,75.0,Sudeste
CONTR_2026_04829,Vertice Asset e Cobranca,2026-02-22,98,2152.24,Ajuizado,81.0,Nordeste
CONTR_2026_04830,Nexus Mediacao Financeira,2026-03-06,93,4118.92,Insucesso,77.0,Nordeste
CONTR_2026_04831,Acerta Credito Integrado,2026-01-03,106,23025.56,Insucesso,81.0,Sudeste
CONTR_2026_04832,Acerta Credito Integrado,2026-03-08,92,3201.69,Em Aberto,75.0,Sudeste
CONTR_2026_04833,Nexus Mediacao Financeira,2026-01-28,57,4290.96,Em Aberto,68.0,Nordeste
CONTR_2026_04834,Fenix Recuperacao de Credito,2026-01-14,66,2497.12,Em Aberto,80.0,Nordeste
CONTR_2026_04835,Nexus Mediacao Financeira,2026-02-21,130,3255.81,Em Aberto,31.0,Nordeste
CONTR_2026_04836,Fenix Recuperacao de Credito,2026-01-30,99,1483.6,Ajuizado,85.0,Sudeste
CONTR_2026_04837,Vertice Asset e Cobranca,2026-02-27,114,16821.76,Insucesso,97.0,Sul
CONTR_2026_04838,Vertice Asset e Cobranca,2026-02-23,117,4764.73,Em Aberto,13.0,Nordeste
CONTR_2026_04839,Fenix Recuperacao de Credito,2026-03-10,60,7801.62,Em Aberto,29.0,Nordeste
CONTR_2026_04840,Vertice Asset e Cobranca,2026-04-23,79,4800.43,Em Aberto,51.0,Sul
CONTR_2026_04841,Vertice Asset e Cobranca,2026-01-15,110,8552.66,Acordo Firmado,10.0,Sul
CONTR_2026_04842,Vertice Asset e Cobranca,2026-02-07,65,5018.82,Insucesso,33.0,Sul
CONTR_2026_04843,Vertice Asset e Cobranca,2026-03-19,77,7245.68,Acordo Firmado,15.0,Sul
CONTR_2026_04844,Fenix Recuperacao de Credito,2026-01-14,74,6972.76,Em Aberto,77.0,Centro-Oeste
CONTR_2026_04845,Fenix Recuperacao de Credito,2026-02-26,67,5013.16,Acordo Firmado,35.0,Sul
CONTR_2026_04846,Vertice Asset e Cobranca,2026-02-28,86,2510.64,Em Aberto,54.0,Nordeste
CONTR_2026_04847,Fenix Recuperacao de Credito,2026-04-23,75,2390.32,Ajuizado,21.0,Nordeste
CONTR_2026_04848,Fenix Recuperacao de Credito,2026-01-08,78,11569.49,Acordo Firmado,30.0,Nordeste
CONTR_2026_04849,Acerta Credito Integrado,2026-03-13,98,1843.07,Insucesso,46.0,Sudeste
CONTR_2026_04850,Fenix Recuperacao de Credito,2026-01-19,119,5296.29,Insucesso,42.0,Nordeste
CONTR_2026_04851,Vertice Asset e Cobranca,2026-02-01,112,4691.15,Acordo Firmado,71.0,Sul
CONTR_2026_04852,Vertice Asset e Cobranca,2026-04-05,95,9207.35,Acordo Firmado,49.0,Sudeste
CONTR_2026_04853,Acerta Credito Integrado,2026-01-29,139,1927.4,Em Aberto,24.0,Sul
CONTR_2026_04854,Vertice Asset e Cobranca,2026-02-10,109,7012.53,Em Aberto,80.0,Nordeste
CONTR_2026_04855,Nexus Mediacao Financeira,2026-03-16,114,5855.13,Insucesso,69.0,Nordeste
CONTR_2026_04856,Fenix Recuperacao de Credito,2026-02-14,85,7239.85,Em Aberto,6.0,Sudeste
CONTR_2026_04857,Fenix Recuperacao de Credito,2026-01-13,78,6054.07,Acordo Firmado,2.0,Sudeste
CONTR_2026_04858,Fenix Recuperacao de Credito,2026-01-27,101,5333.93,Ajuizado,3.0,Sul
CONTR_2026_04859,Fenix Recuperacao de Credito,2026-04-30,117,14236.61,Acordo Firmado,53.0,Norte
CONTR_2026_04860,Acerta Credito Integrado,2026-01-19,95,3343.6,Insucesso,10.0,Nordeste
CONTR_2026_04861,Nexus Mediacao Financeira,2026-01-26,71,2220.92,Em Aberto,24.0,Sudeste
CONTR_2026_04862,Acerta Credito Integrado,2026-02-22,51,9133.64,Acordo Firmado,33.0,Nordeste
CONTR_2026_04863,Fenix Recuperacao de Credito,2026-02-20,42,1894.54,Em Aberto,84.0,Nordeste
CONTR_2026_04864,Vertice Asset e Cobranca,2026-02-06,91,6892.84,Ajuizado,22.0,Sul
CONTR_2026_04865,Vertice Asset e Cobranca,2026-04-22,114,5187.65,Acordo Firmado,61.0,Nordeste
CONTR_2026_04866,Nexus Mediacao Financeira,2026-01-09,20,1206.42,Acordo Firmado,96.0,Sudeste
CONTR_2026_04867,Vertice Asset e Cobranca,2026-04-02,71,2571.28,Em Aberto,94.0,Sudeste
CONTR_2026_04868,Fenix Recuperacao de Credito,2026-04-06,66,4624.94,Insucesso,67.0,Nordeste
CONTR_2026_04869,Nexus Mediacao Financeira,2026-02-21,101,3200.26,Acordo Firmado,4.0,Sul
CONTR_2026_04870,Acerta Credito Integrado,2026-02-23,69,3983.4,Em Aberto,51.0,Centro-Oeste
CONTR_2026_04871,Vertice Asset e Cobranca,2026-01-03,53,5797.35,Ajuizado,4.0,Sul
CONTR_2026_04872,Fenix Recuperacao de Credito,2026-04-25,71,7761.98,Insucesso,39.0,Sudeste
CONTR_2026_04873,Fenix Recuperacao de Credito,2026-04-06,67,2019.7,Em Aberto,31.0,Sudeste
CONTR_2026_04874,Fenix Recuperacao de Credito,2026-03-10,90,2862.79,Acordo Firmado,57.0,Sul
CONTR_2026_04875,Vertice Asset e Cobranca,2026-01-08,83,6259.75,Acordo Firmado,73.0,Centro-Oeste
CONTR_2026_04876,Nexus Mediacao Financeira,2026-01-14,103,5639.01,Acordo Firmado,30.0,Norte
CONTR_2026_04877,Nexus Mediacao Financeira,2026-04-30,89,7875.12,Acordo Firmado,93.0,Sudeste
CONTR_2026_04878,Nexus Mediacao Financeira,2026-01-03,120,6315.34,Em Aberto,89.0,Nordeste
CONTR_2026_04879,Vertice Asset e Cobranca,2026-01-24,76,3203.51,Acordo Firmado,39.0,Nordeste
CONTR_2026_04880,Acerta Credito Integrado,2026-01-13,108,4658.1,Insucesso,99.0,Nordeste
CONTR_2026_04881,Fenix Recuperacao de Credito,2026-02-12,99,12002.9,Em Aberto,25.0,Nordeste
CONTR_2026_04882,Vertice Asset e Cobranca,2026-01-29,81,2229.53,Acordo Firmado,58.0,Nordeste
CONTR_2026_04883,Acerta Credito Integrado,2026-03-13,110,3564.0,Insucesso,36.0,Centro-Oeste
CONTR_2026_04884,Fenix Recuperacao de Credito,2026-02-20,65,10417.23,Em Aberto,11.0,Sul
CONTR_2026_04885,Fenix Recuperacao de Credito,2026-02-11,127,3464.31,Ajuizado,90.0,Nordeste
CONTR_2026_04886,Acerta Credito Integrado,2026-01-31,66,3857.06,Em Aberto,46.0,Nordeste
CONTR_2026_04887,Vertice Asset e Cobranca,2026-03-04,49,3122.6,Em Aberto,89.0,Sudeste
CONTR_2026_04888,Nexus Mediacao Financeira,2026-01-26,47,12689.26,Acordo Firmado,21.0,Nordeste
CONTR_2026_04889,Fenix Recuperacao de Credito,2026-01-18,92,6643.43,Acordo Firmado,2.0,Sudeste
CONTR_2026_04890,Nexus Mediacao Financeira,2026-03-23,73,2370.89,Em Aberto,74.0,Nordeste
CONTR_2026_04891,Vertice Asset e Cobranca,2026-02-26,95,8124.16,Em Aberto,39.0,Nordeste
CONTR_2026_04892,Fenix Recuperacao de Credito,2026-01-07,56,1396.38,Acordo Firmado,99.0,Sudeste
CONTR_2026_04893,Nexus Mediacao Financeira,2026-04-22,104,3724.29,Em Aberto,33.0,Sudeste
CONTR_2026_04894,Fenix Recuperacao de Credito,2026-04-12,95,13226.95,Em Aberto,31.0,Sudeste
CONTR_2026_04895,Vertice Asset e Cobranca,2026-02-17,76,7052.46,Acordo Firmado,4.0,Nordeste
CONTR_2026_04896,Fenix Recuperacao de Credito,2026-03-21,108,9077.5,Acordo Firmado,67.0,Nordeste
CONTR_2026_04897,Fenix Recuperacao de Credito,2026-04-29,107,14591.13,Insucesso,69.0,Sudeste
CONTR_2026_04898,Vertice Asset e Cobranca,2026-04-30,92,8648.32,Em Aberto,81.0,Nordeste
CONTR_2026_04899,Fenix Recuperacao de Credito,2026-03-01,116,1663.78,Em Aberto,13.0,Centro-Oeste
CONTR_2026_04900,Fenix Recuperacao de Credito,2026-02-02,123,2511.0,Acordo Firmado,65.0,Nordeste
CONTR_2026_04901,Fenix Recuperacao de Credito,2026-04-30,66,4665.68,Insucesso,45.0,Sudeste
CONTR_2026_04902,Vertice Asset e Cobranca,2026-04-25,123,1269.77,Acordo Firmado,39.0,Nordeste
CONTR_2026_04903,Fenix Recuperacao de Credito,2026-01-03,63,6098.78,Em Aberto,87.0,Sudeste
CONTR_2026_04904,Vertice Asset e Cobranca,2026-04-12,113,6553.69,Insucesso,51.0,Nordeste
CONTR_2026_04905,Fenix Recuperacao de Credito,2026-01-04,118,7161.02,Acordo Firmado,53.0,Nordeste
CONTR_2026_04906,Fenix Recuperacao de Credito,2026-04-10,84,5256.56,Em Aberto,31.0,Sudeste
CONTR_2026_04907,Vertice Asset e Cobranca,2026-01-04,88,4210.86,Insucesso,13.0,Sudeste
CONTR_2026_04908,Fenix Recuperacao de Credito,2026-02-11,81,10874.05,Em Aberto,1.0,Centro-Oeste
CONTR_2026_04909,Acerta Credito Integrado,2026-01-09,65,8490.73,Insucesso,98.0,Sul
CONTR_2026_04910,Nexus Mediacao Financeira,2026-04-14,70,5938.37,Acordo Firmado,29.0,Nordeste
CONTR_2026_04911,Acerta Credito Integrado,2026-02-20,104,1435.53,Acordo Firmado,61.0,Centro-Oeste
CONTR_2026_04912,Nexus Mediacao Financeira,2026-01-17,115,7119.69,Em Aberto,95.0,Centro-Oeste
CONTR_2026_04913,Nexus Mediacao Financeira,2026-01-17,89,5284.05,Em Aberto,72.0,Nordeste
CONTR_2026_04914,Fenix Recuperacao de Credito,2026-04-07,59,7112.51,Em Aberto,2.0,Nordeste
CONTR_2026_04915,Fenix Recuperacao de Credito,2026-01-20,55,3065.54,Em Aberto,12.0,Sudeste
CONTR_2026_04916,Fenix Recuperacao de Credito,2026-01-14,86,8702.59,Em Aberto,56.0,Sudeste
CONTR_2026_04917,Vertice Asset e Cobranca,2026-01-22,74,3905.89,Em Aberto,51.0,Nordeste
CONTR_2026_04918,Vertice Asset e Cobranca,2026-02-21,125,12443.73,Acordo Firmado,94.0,Nordeste
CONTR_2026_04919,Acerta Credito Integrado,2026-01-27,68,1749.13,Acordo Firmado,41.0,Sudeste
CONTR_2026_04920,Vertice Asset e Cobranca,2026-02-12,107,4513.57,Em Aberto,27.0,Sul
CONTR_2026_04921,Vertice Asset e Cobranca,2026-01-03,71,2351.71,Acordo Firmado,89.0,Norte
CONTR_2026_04922,Acerta Credito Integrado,2026-03-29,81,4220.83,Em Aberto,38.0,Nordeste
CONTR_2026_04923,Nexus Mediacao Financeira,2026-04-04,95,3382.95,Insucesso,97.0,Sul
CONTR_2026_04924,Acerta Credito Integrado,2026-01-08,105,9333.79,Em Aberto,52.0,Sul
CONTR_2026_04925,Fenix Recuperacao de Credito,2026-03-27,102,2114.62,Acordo Firmado,80.0,Sudeste
CONTR_2026_04926,Vertice Asset e Cobranca,2026-03-30,73,5765.45,Em Aberto,32.0,Centro-Oeste
CONTR_2026_04927,Vertice Asset e Cobranca,2026-01-10,93,3808.46,Acordo Firmado,51.0,Nordeste
CONTR_2026_04928,Fenix Recuperacao de Credito,2026-04-23,-999,4849.84,Insucesso,2.0,Centro-Oeste
CONTR_2026_04929,Acerta Credito Integrado,2026-01-29,47,7465.88,Insucesso,66.0,Centro-Oeste
CONTR_2026_04930,Fenix Recuperacao de Credito,2026-02-09,96,3408.84,Ajuizado,20.0,Nordeste
CONTR_2026_04931,Vertice Asset e Cobranca,2026-04-28,127,3486.84,Ajuizado,57.0,Sudeste
CONTR_2026_04932,Vertice Asset e Cobranca,2026-03-06,136,1599.56,Ajuizado,62.0,Sudeste
CONTR_2026_04933,Vertice Asset e Cobranca,2026-04-26,99,5214.23,Acordo Firmado,51.0,Sudeste
CONTR_2026_04934,Vertice Asset e Cobranca,2026-01-21,97,3897.02,Insucesso,86.0,Centro-Oeste
CONTR_2026_04935,Vertice Asset e Cobranca,2026-04-13,15,9564.27,Em Aberto,48.0,Sul
CONTR_2026_04936,Vertice Asset e Cobranca,2026-01-24,171,4092.53,Acordo Firmado,83.0,Nordeste
CONTR_2026_04937,Fenix Recuperacao de Credito,2026-03-14,132,18867.46,Acordo Firmado,7.0,Centro-Oeste
CONTR_2026_04938,Nexus Mediacao Financeira,2026-03-01,112,2142.42,Em Aberto,67.0,Nordeste
CONTR_2026_04939,Acerta Credito Integrado,2026-04-18,92,2753.47,Acordo Firmado,50.0,Sudeste
CONTR_2026_04940,Acerta Credito Integrado,2026-04-28,23,3687.19,Em Aberto,34.0,Sudeste
CONTR_2026_04941,Vertice Asset e Cobranca,2026-01-26,95,2134.18,Acordo Firmado,87.0,Nordeste
CONTR_2026_04942,Vertice Asset e Cobranca,2026-01-09,90,19134.69,Em Aberto,69.0,Sudeste
CONTR_2026_04943,Acerta Credito Integrado,2026-01-20,-999,6321.61,Acordo Firmado,67.0,Norte
CONTR_2026_04944,Vertice Asset e Cobranca,2026-02-25,103,1256.31,Acordo Firmado,88.0,Sudeste
CONTR_2026_04945,Acerta Credito Integrado,2026-04-09,127,5519.79,Em Aberto,91.0,Sudeste
CONTR_2026_04946,Fenix Recuperacao de Credito,2026-02-05,100,8799.11,Acordo Firmado,34.0,Sudeste
CONTR_2026_04947,Nexus Mediacao Financeira,2026-04-16,100,1463.31,Acordo Firmado,43.0,Centro-Oeste
CONTR_2026_04948,Acerta Credito Integrado,2026-02-05,102,5512.84,Acordo Firmado,21.0,Centro-Oeste
CONTR_2026_04949,Acerta Credito Integrado,2026-04-28,80,3544.52,Acordo Firmado,12.0,Sudeste
CONTR_2026_04950,Acerta Credito Integrado,2026-03-14,112,5555.12,Em Aberto,32.0,Centro-Oeste
CONTR_2026_04951,Vertice Asset e Cobranca,2026-01-22,135,2655.81,Em Aberto,47.0,Nordeste
CONTR_2026_04952,Fenix Recuperacao de Credito,2026-01-01,91,6683.32,Insucesso,86.0,Sudeste
CONTR_2026_04953,Vertice Asset e Cobranca,2026-03-10,67,6763.55,Acordo Firmado,98.0,Nordeste
CONTR_2026_04954,Nexus Mediacao Financeira,2026-03-14,48,5077.27,Acordo Firmado,87.0,Nordeste
CONTR_2026_04955,Vertice Asset e Cobranca,2026-02-06,105,14068.94,Em Aberto,55.0,Centro-Oeste
CONTR_2026_04956,Acerta Credito Integrado,2026-04-12,108,13210.89,Acordo Firmado,65.0,Sul
CONTR_2026_04957,Vertice Asset e Cobranca,2026-03-24,100,1443.51,Insucesso,68.0,Nordeste
CONTR_2026_04958,Nexus Mediacao Financeira,2026-03-13,82,2911.7,Em Aberto,17.0,Sul
CONTR_2026_04959,Fenix Recuperacao de Credito,2026-04-16,98,3464.82,Em Aberto,26.0,Sudeste
CONTR_2026_04960,Acerta Credito Integrado,2026-04-17,73,1484.27,Em Aberto,95.0,Sul
CONTR_2026_04961,Nexus Mediacao Financeira,2026-04-06,68,4907.88,Insucesso,33.0,Sudeste
CONTR_2026_04962,Fenix Recuperacao de Credito,2026-01-13,60,1324.44,Acordo Firmado,64.0,Sudeste
CONTR_2026_04963,Vertice Asset e Cobranca,2026-03-25,60,6867.09,Ajuizado,92.0,Sudeste
CONTR_2026_04964,Acerta Credito Integrado,2026-04-10,105,1213.46,Insucesso,10.0,Nordeste
CONTR_2026_04965,Vertice Asset e Cobranca,2026-02-12,81,1362.29,Acordo Firmado,100.0,Nordeste
CONTR_2026_04966,Fenix Recuperacao de Credito,2026-04-18,69,10171.41,Em Aberto,46.0,Nordeste
CONTR_2026_04967,Vertice Asset e Cobranca,2026-02-06,49,2655.84,Em Aberto,73.0,Sudeste
CONTR_2026_04968,Acerta Credito Integrado,2026-04-04,110,1623.59,Em Aberto,90.0,Nordeste
CONTR_2026_04969,Vertice Asset e Cobranca,2026-03-15,122,3749.68,Acordo Firmado,51.0,Sudeste
CONTR_2026_04970,Vertice Asset e Cobranca,2026-04-05,59,1461.46,Acordo Firmado,34.0,Centro-Oeste
CONTR_2026_04971,Vertice Asset e Cobranca,2026-01-25,86,8139.68,Ajuizado,14.0,Sul
CONTR_2026_04972,Acerta Credito Integrado,2026-04-03,62,4607.55,Em Aberto,41.0,Nordeste
CONTR_2026_04973,Nexus Mediacao Financeira,2026-03-29,85,5214.06,Em Aberto,90.0,Sudeste
CONTR_2026_04974,Acerta Credito Integrado,2026-04-13,108,8192.08,Insucesso,95.0,Sul
CONTR_2026_04975,Vertice Asset e Cobranca,2026-01-21,138,8873.01,Acordo Firmado,38.0,Sul
CONTR_2026_04976,Vertice Asset e Cobranca,2026-02-10,76,1932.41,Acordo Firmado,48.0,Nordeste
CONTR_2026_04977,Fenix Recuperacao de Credito,2026-03-14,110,2844.46,Em Aberto,43.0,Sudeste
CONTR_2026_04978,Fenix Recuperacao de Credito,2026-02-11,111,2165.9,Acordo Firmado,28.0,Nordeste
CONTR_2026_04979,Fenix Recuperacao de Credito,2026-02-11,85,1477.77,Em Aberto,41.0,Sul
CONTR_2026_04980,Fenix Recuperacao de Credito,2026-01-02,124,5055.73,Acordo Firmado,56.0,Sudeste
CONTR_2026_04981,Vertice Asset e Cobranca,2026-03-09,80,2637.07,Acordo Firmado,81.0,Nordeste
CONTR_2026_04982,Fenix Recuperacao de Credito,2026-01-08,103,2036.07,Acordo Firmado,76.0,Sudeste
CONTR_2026_04983,Nexus Mediacao Financeira,2026-04-06,72,4768.25,Insucesso,91.0,Sul
CONTR_2026_04984,Acerta Credito Integrado,2026-03-02,105,6225.82,Acordo Firmado,65.0,Nordeste
CONTR_2026_04985,Nexus Mediacao Financeira,2026-01-14,102,8594.29,Insucesso,60.0,Sudeste
CONTR_2026_04986,Fenix Recuperacao de Credito,2026-04-23,125,1288.24,Em Aberto,97.0,Sudeste
CONTR_2026_04987,Acerta Credito Integrado,2026-03-18,145,4935.74,Acordo Firmado,13.0,Nordeste
CONTR_2026_04988,Nexus Mediacao Financeira,2026-01-21,117,2753.53,Acordo Firmado,69.0,Nordeste
CONTR_2026_04989,Acerta Credito Integrado,2026-01-24,110,25092.1,Em Aberto,52.0,Sul
CONTR_2026_04990,Acerta Credito Integrado,2026-02-19,78,2053.57,Ajuizado,43.0,Nordeste
CONTR_2026_04991,Vertice Asset e Cobranca,2026-03-23,22,4079.9,Em Aberto,92.0,Norte
CONTR_2026_04992,Nexus Mediacao Financeira,2026-02-14,128,18737.18,Acordo Firmado,88.0,Nordeste
CONTR_2026_04993,Vertice Asset e Cobranca,2026-03-05,145,2398.25,Em Aberto,84.0,Nordeste
CONTR_2026_04994,Nexus Mediacao Financeira,2026-03-05,99,9422.67,Acordo Firmado,40.0,Sudeste
CONTR_2026_04995,Fenix Recuperacao de Credito,2026-04-14,59,2592.22,Acordo Firmado,51.0,Nordeste
CONTR_2026_04996,Acerta Credito Integrado,2026-01-26,131,1591.23,Acordo Firmado,37.0,Nordeste
CONTR_2026_04997,Fenix Recuperacao de Credito,2026-02-01,123,1418.48,Em Aberto,84.0,Sudeste
CONTR_2026_04998,Vertice Asset e Cobranca,2026-04-18,28,16054.1,Acordo Firmado,23.0,Norte
CONTR_2026_04999,Acerta Credito Integrado,2026-02-26,94,2396.96,Acordo Firmado,67.0,Sudeste
CONTR_2026_05000,Nexus Mediacao Financeira,2026-04-29,97,2926.24,Em Aberto,69.0,Sudeste
CONTR_2026_05001,Vertice Asset e Cobranca,2026-04-30,41,18242.61,Insucesso,79.0,Sul
CONTR_2026_05002,Vertice Asset e Cobranca,2026-02-22,57,6555.83,Insucesso,69.0,Nordeste
CONTR_2026_05003,Acerta Credito Integrado,2026-02-02,122,4548.39,Em Aberto,98.0,Nordeste
CONTR_2026_05004,Vertice Asset e Cobranca,2026-02-21,92,4058.38,Ajuizado,58.0,Nordeste
CONTR_2026_05005,Acerta Credito Integrado,2026-04-05,61,1448.92,Ajuizado,46.0,Nordeste
CONTR_2026_05006,Fenix Recuperacao de Credito,2026-01-18,69,10330.04,Insucesso,87.0,Sudeste
CONTR_2026_05007,Acerta Credito Integrado,2026-02-04,53,8378.18,Em Aberto,47.0,Sul
CONTR_2026_05008,Acerta Credito Integrado,2026-01-12,92,1675.39,Em Aberto,17.0,Nordeste
CONTR_2026_05009,Fenix Recuperacao de Credito,2026-02-20,112,3380.58,Em Aberto,9.0,Nordeste
CONTR_2026_05010,Vertice Asset e Cobranca,2026-03-30,125,12031.97,Em Aberto,68.0,Sudeste
CONTR_2026_05011,Fenix Recuperacao de Credito,2026-04-19,69,2548.83,Acordo Firmado,94.0,Centro-Oeste
CONTR_2026_05012,Acerta Credito Integrado,2026-04-05,79,5923.89,Insucesso,78.0,Sudeste
CONTR_2026_05013,Nexus Mediacao Financeira,2026-01-10,105,4546.53,Ajuizado,30.0,Sudeste
CONTR_2026_05014,Nexus Mediacao Financeira,2026-04-21,118,9733.1,Acordo Firmado,95.0,Sul
CONTR_2026_05015,Fenix Recuperacao de Credito,2026-02-21,101,1383.6,Em Aberto,61.0,Norte
CONTR_2026_05016,Fenix Recuperacao de Credito,2026-02-03,128,9668.1,Em Aberto,65.0,Sudeste
CONTR_2026_05017,Fenix Recuperacao de Credito,2026-04-25,144,1929.29,Em Aberto,58.0,Centro-Oeste
CONTR_2026_05018,Vertice Asset e Cobranca,2026-03-08,41,1275.94,Acordo Firmado,27.0,Sudeste
CONTR_2026_05019,Nexus Mediacao Financeira,2026-04-20,135,5725.53,Acordo Firmado,66.0,Sudeste
CONTR_2026_05020,Acerta Credito Integrado,2026-02-08,128,2696.35,Acordo Firmado,45.0,Nordeste
CONTR_2026_05021,Nexus Mediacao Financeira,2026-01-08,54,7376.93,Em Aberto,40.0,Nordeste
CONTR_2026_05022,Vertice Asset e Cobranca,2026-04-06,103,4372.35,Insucesso,61.0,Sul
CONTR_2026_05023,Vertice Asset e Cobranca,2026-04-17,109,5850.99,Acordo Firmado,41.0,Nordeste
CONTR_2026_05024,Acerta Credito Integrado,2026-01-29,57,7051.18,Acordo Firmado,74.0,Sudeste
CONTR_2026_05025,Fenix Recuperacao de Credito,2026-01-22,88,14281.54,Ajuizado,88.0,Sudeste
CONTR_2026_05026,Nexus Mediacao Financeira,2026-03-25,94,9861.15,Em Aberto,84.0,Sudeste
CONTR_2026_05027,Vertice Asset e Cobranca,2026-03-11,57,4617.09,Em Aberto,42.0,Norte
CONTR_2026_05028,Fenix Recuperacao de Credito,2026-03-02,79,4081.41,Acordo Firmado,62.0,Sul
CONTR_2026_05029,Acerta Credito Integrado,2026-02-12,132,6516.36,Acordo Firmado,80.0,Sudeste
CONTR_2026_05030,Fenix Recuperacao de Credito,2026-02-18,140,7812.55,Acordo Firmado,38.0,Sul
CONTR_2026_05031,Vertice Asset e Cobranca,2026-01-29,56,2147.66,Ajuizado,60.0,Sul
CONTR_2026_05032,Nexus Mediacao Financeira,2026-04-16,15,1365.33,Em Aberto,49.0,Centro-Oeste
CONTR_2026_05033,Nexus Mediacao Financeira,2026-04-30,127,4231.66,Em Aberto,51.0,Sul
CONTR_2026_05034,Nexus Mediacao Financeira,2026-03-22,144,1723.77,Em Aberto,99.0,Sul
CONTR_2026_05035,Fenix Recuperacao de Credito,2026-01-31,116,2792.31,Insucesso,94.0,Nordeste
CONTR_2026_05036,Vertice Asset e Cobranca,2026-02-22,81,5594.25,Ajuizado,5.0,Nordeste
CONTR_2026_05037,Nexus Mediacao Financeira,2026-02-03,57,2021.14,Em Aberto,11.0,Norte
CONTR_2026_05038,Vertice Asset e Cobranca,2026-02-07,108,1344.53,Em Aberto,4.0,Nordeste
CONTR_2026_05039,Acerta Credito Integrado,2026-02-26,121,5243.92,Ajuizado,61.0,Nordeste
CONTR_2026_05040,Fenix Recuperacao de Credito,2026-04-11,70,4338.93,Em Aberto,75.0,Nordeste
CONTR_2026_05041,Acerta Credito Integrado,2026-01-04,98,3028.6,Acordo Firmado,12.0,Sul
CONTR_2026_05042,Nexus Mediacao Financeira,2026-01-02,76,4362.95,Acordo Firmado,49.0,Nordeste
CONTR_2026_05043,Fenix Recuperacao de Credito,2026-01-12,112,6952.52,Acordo Firmado,28.0,Sudeste
CONTR_2026_05044,Nexus Mediacao Financeira,2026-02-04,28,1777.06,Acordo Firmado,90.0,Sudeste
CONTR_2026_05045,Nexus Mediacao Financeira,2026-03-11,101,2676.48,Acordo Firmado,34.0,Nordeste
CONTR_2026_05046,Nexus Mediacao Financeira,2026-04-30,79,9122.76,Em Aberto,51.0,Nordeste
CONTR_2026_05047,Vertice Asset e Cobranca,2026-04-20,144,6745.17,Em Aberto,65.0,Nordeste
CONTR_2026_05048,Nexus Mediacao Financeira,2026-03-13,99,2747.96,Insucesso,6.0,Nordeste
CONTR_2026_05049,Vertice Asset e Cobranca,2026-01-21,111,3738.74,Ajuizado,33.0,Sudeste
CONTR_2026_05050,Nexus Mediacao Financeira,2026-04-27,61,1837.74,Em Aberto,47.0,Nordeste
CONTR_2026_05051,Fenix Recuperacao de Credito,2026-04-20,83,2659.3,Acordo Firmado,24.0,Sudeste
CONTR_2026_05052,Acerta Credito Integrado,2026-03-02,101,10399.03,Em Aberto,34.0,Norte
CONTR_2026_05053,Fenix Recuperacao de Credito,2026-02-04,79,4102.76,Acordo Firmado,72.0,Centro-Oeste
CONTR_2026_05054,Fenix Recuperacao de Credito,2026-02-17,82,6312.33,Em Aberto,16.0,Sul
CONTR_2026_05055,Vertice Asset e Cobranca,2026-01-15,97,2070.23,Em Aberto,80.0,Norte
CONTR_2026_05056,Nexus Mediacao Financeira,2026-03-12,38,2212.45,Acordo Firmado,16.0,Sudeste
CONTR_2026_05057,Vertice Asset e Cobranca,2026-01-15,74,15344.41,Em Aberto,98.0,Sul
CONTR_2026_05058,Vertice Asset e Cobranca,2026-04-19,113,10407.91,Acordo Firmado,84.0,Sul
CONTR_2026_05059,Nexus Mediacao Financeira,2026-01-06,78,9011.12,Insucesso,14.0,Norte
CONTR_2026_05060,Vertice Asset e Cobranca,2026-04-21,160,3199.33,Em Aberto,59.0,Sudeste
CONTR_2026_05061,Fenix Recuperacao de Credito,2026-03-22,92,5336.32,Acordo Firmado,62.0,Nordeste
CONTR_2026_05062,Fenix Recuperacao de Credito,2026-03-09,34,4589.73,Acordo Firmado,90.0,Nordeste
CONTR_2026_05063,Nexus Mediacao Financeira,2026-01-22,103,16844.11,Ajuizado,66.0,Nordeste
CONTR_2026_05064,Vertice Asset e Cobranca,2026-02-01,58,2569.78,Em Aberto,19.0,Sul
CONTR_2026_05065,Acerta Credito Integrado,2026-01-22,100,15909.34,Acordo Firmado,61.0,Sudeste
CONTR_2026_05066,Fenix Recuperacao de Credito,2026-01-27,-999,7335.36,Acordo Firmado,66.0,Nordeste
CONTR_2026_05067,Vertice Asset e Cobranca,2026-04-20,75,3869.55,Insucesso,26.0,Centro-Oeste
CONTR_2026_05068,Vertice Asset e Cobranca,2026-01-15,121,2748.65,Em Aberto,51.0,Sudeste
CONTR_2026_05069,Fenix Recuperacao de Credito,2026-02-13,42,8280.75,Insucesso,49.0,Sul
CONTR_2026_05070,Fenix Recuperacao de Credito,2026-04-25,75,9856.19,Acordo Firmado,19.0,Nordeste
CONTR_2026_05071,Nexus Mediacao Financeira,2026-03-27,72,3412.16,Acordo Firmado,49.0,Sudeste
CONTR_2026_05072,Acerta Credito Integrado,2026-04-02,130,2142.99,Em Aberto,81.0,Norte
CONTR_2026_05073,Vertice Asset e Cobranca,2026-04-16,79,4588.78,Acordo Firmado,30.0,Nordeste
CONTR_2026_05074,Fenix Recuperacao de Credito,2026-04-12,61,4360.28,Em Aberto,76.0,Sudeste
CONTR_2026_05075,Vertice Asset e Cobranca,2026-01-09,96,7662.25,Insucesso,57.0,Nordeste
CONTR_2026_05076,Nexus Mediacao Financeira,2026-02-03,63,19293.94,Em Aberto,85.0,Centro-Oeste
CONTR_2026_05077,Nexus Mediacao Financeira,2026-04-10,67,4988.77,Ajuizado,36.0,Centro-Oeste
CONTR_2026_05078,Fenix Recuperacao de Credito,2026-03-14,110,7778.61,Em Aberto,40.0,Sudeste
CONTR_2026_05079,Vertice Asset e Cobranca,2026-01-15,15,3358.38,Em Aberto,28.0,Nordeste
CONTR_2026_05080,Vertice Asset e Cobranca,2026-03-03,61,5776.14,Ajuizado,97.0,Nordeste
CONTR_2026_05081,Fenix Recuperacao de Credito,2026-02-14,69,1812.69,Insucesso,46.0,Nordeste
CONTR_2026_05082,Fenix Recuperacao de Credito,2026-03-25,136,9635.22,Em Aberto,73.0,Sul
CONTR_2026_05083,Acerta Credito Integrado,2026-03-13,103,3310.44,Insucesso,82.0,Nordeste
CONTR_2026_05084,Fenix Recuperacao de Credito,2026-02-27,89,1617.13,Acordo Firmado,88.0,Nordeste
CONTR_2026_05085,Fenix Recuperacao de Credito,2026-04-02,86,24514.73,Em Aberto,32.0,Sul
CONTR_2026_05086,Nexus Mediacao Financeira,2026-04-25,93,12803.15,Acordo Firmado,87.0,Sudeste
CONTR_2026_05087,Acerta Credito Integrado,2026-01-19,97,2299.7,Em Aberto,58.0,Sudeste
CONTR_2026_05088,Fenix Recuperacao de Credito,2026-01-16,93,3456.51,Em Aberto,76.0,Sudeste
CONTR_2026_05089,Nexus Mediacao Financeira,2026-03-16,148,15000.75,Acordo Firmado,98.0,Nordeste
CONTR_2026_05090,Fenix Recuperacao de Credito,2026-04-16,76,9156.24,Em Aberto,26.0,Sudeste
CONTR_2026_05091,Fenix Recuperacao de Credito,2026-01-08,95,13044.28,Em Aberto,70.0,Nordeste
CONTR_2026_05092,Fenix Recuperacao de Credito,2026-02-02,91,5333.96,Em Aberto,69.0,Nordeste
CONTR_2026_05093,Acerta Credito Integrado,2026-03-15,118,2592.73,Acordo Firmado,87.0,Sudeste
CONTR_2026_05094,Fenix Recuperacao de Credito,2026-01-18,69,2487.73,Insucesso,50.0,Sudeste
CONTR_2026_05095,Fenix Recuperacao de Credito,2026-02-04,78,4929.26,Em Aberto,79.0,Nordeste
CONTR_2026_05096,Vertice Asset e Cobranca,2026-02-12,44,14085.11,Em Aberto,32.0,Sudeste
CONTR_2026_05097,Acerta Credito Integrado,2026-02-19,119,6192.75,Acordo Firmado,58.0,Centro-Oeste
CONTR_2026_05098,Vertice Asset e Cobranca,2026-01-03,44,1374.98,Insucesso,64.0,Sul
CONTR_2026_05099,Vertice Asset e Cobranca,2026-04-14,106,5310.31,Acordo Firmado,77.0,Sudeste
CONTR_2026_05100,Fenix Recuperacao de Credito,2026-04-01,140,5888.09,Em Aberto,28.0,Nordeste
CONTR_2026_05101,Vertice Asset e Cobranca,2026-02-28,147,5556.05,Em Aberto,97.0,Sudeste
CONTR_2026_05102,Nexus Mediacao Financeira,2026-01-28,80,7073.3,Em Aberto,72.0,Nordeste
CONTR_2026_05103,Nexus Mediacao Financeira,2026-02-15,79,2937.26,Em Aberto,80.0,Sul
CONTR_2026_05104,Vertice Asset e Cobranca,2026-03-05,87,1976.05,Em Aberto,39.0,Sul
CONTR_2026_05105,Vertice Asset e Cobranca,2026-03-11,117,8132.44,Em Aberto,96.0,Nordeste
CONTR_2026_05106,Fenix Recuperacao de Credito,2026-02-16,86,2292.98,Em Aberto,80.0,Sudeste
CONTR_2026_05107,Vertice Asset e Cobranca,2026-01-14,81,1806.09,Em Aberto,45.0,Nordeste
CONTR_2026_05108,Fenix Recuperacao de Credito,2026-01-07,122,3426.57,Acordo Firmado,13.0,Norte
CONTR_2026_05109,Acerta Credito Integrado,2026-03-15,91,10141.45,Insucesso,20.0,Sul
CONTR_2026_05110,Vertice Asset e Cobranca,2026-03-20,85,1628.38,Insucesso,58.0,Nordeste
CONTR_2026_05111,Vertice Asset e Cobranca,2026-01-31,63,2288.05,Em Aberto,19.0,Norte
CONTR_2026_05112,Acerta Credito Integrado,2026-04-03,120,4424.26,Acordo Firmado,75.0,Nordeste
CONTR_2026_05113,Nexus Mediacao Financeira,2026-04-16,97,2895.91,Ajuizado,51.0,Nordeste
CONTR_2026_05114,Acerta Credito Integrado,2026-04-28,89,7594.58,Em Aberto,80.0,Nordeste
CONTR_2026_05115,Vertice Asset e Cobranca,2026-03-22,34,6818.15,Insucesso,9.0,Sul
CONTR_2026_05116,Nexus Mediacao Financeira,2026-02-20,118,10442.17,Insucesso,77.0,Centro-Oeste
CONTR_2026_05117,Vertice Asset e Cobranca,2026-01-29,55,2339.8,Em Aberto,19.0,Nordeste
CONTR_2026_05118,Vertice Asset e Cobranca,2026-04-23,103,6433.69,Ajuizado,94.0,Sudeste
CONTR_2026_05119,Acerta Credito Integrado,2026-04-18,66,8652.38,Acordo Firmado,55.0,Nordeste
CONTR_2026_05120,Vertice Asset e Cobranca,2026-01-15,57,1523.58,Em Aberto,39.0,Sudeste
CONTR_2026_05121,Vertice Asset e Cobranca,2026-03-31,117,1387.59,Em Aberto,17.0,Sudeste
CONTR_2026_05122,Fenix Recuperacao de Credito,2026-03-17,93,5296.48,Em Aberto,62.0,Nordeste
CONTR_2026_05123,Fenix Recuperacao de Credito,2026-01-25,91,5631.9,Insucesso,94.0,Sudeste
CONTR_2026_05124,Vertice Asset e Cobranca,2026-03-02,148,3694.56,Insucesso,93.0,Sudeste
CONTR_2026_05125,Fenix Recuperacao de Credito,2026-02-10,148,1383.7,Em Aberto,60.0,Sudeste
CONTR_2026_05126,Nexus Mediacao Financeira,2026-03-10,82,3770.17,Acordo Firmado,42.0,Nordeste
CONTR_2026_05127,Nexus Mediacao Financeira,2026-01-04,50,6337.35,Em Aberto,2.0,Sudeste
CONTR_2026_05128,Fenix Recuperacao de Credito,2026-04-18,132,7251.3,Ajuizado,50.0,Nordeste
CONTR_2026_05129,Vertice Asset e Cobranca,2026-04-22,49,4594.17,Ajuizado,67.0,Centro-Oeste
CONTR_2026_05130,Acerta Credito Integrado,2026-04-15,104,4922.47,Em Aberto,20.0,Sudeste
CONTR_2026_05131,Nexus Mediacao Financeira,2026-02-26,81,6784.0,Em Aberto,1.0,Centro-Oeste
CONTR_2026_05132,Nexus Mediacao Financeira,2026-01-31,92,4182.85,Em Aberto,5.0,Sul
CONTR_2026_05133,Fenix Recuperacao de Credito,2026-01-03,126,2729.33,Insucesso,97.0,Nordeste
CONTR_2026_05134,Fenix Recuperacao de Credito,2026-04-27,66,2461.38,Em Aberto,39.0,Sudeste
CONTR_2026_05135,Vertice Asset e Cobranca,2026-03-08,71,8186.84,Em Aberto,87.0,Centro-Oeste
CONTR_2026_05136,Vertice Asset e Cobranca,2026-03-31,112,4542.75,Acordo Firmado,18.0,Sudeste
CONTR_2026_05137,Nexus Mediacao Financeira,2026-02-19,143,6091.97,Em Aberto,51.0,Nordeste
CONTR_2026_05138,Fenix Recuperacao de Credito,2026-01-17,164,4384.83,Acordo Firmado,97.0,Sudeste
CONTR_2026_05139,Nexus Mediacao Financeira,2026-03-01,46,9741.8,Acordo Firmado,90.0,Sul
CONTR_2026_05140,Fenix Recuperacao de Credito,2026-03-15,77,4634.31,Acordo Firmado,22.0,Sudeste
CONTR_2026_05141,Nexus Mediacao Financeira,2026-03-07,59,23337.06,Acordo Firmado,30.0,Sudeste
CONTR_2026_05142,Fenix Recuperacao de Credito,2026-03-29,115,2589.35,Em Aberto,90.0,Nordeste
CONTR_2026_05143,Nexus Mediacao Financeira,2026-03-16,91,1945.56,Insucesso,1.0,Centro-Oeste
CONTR_2026_05144,Acerta Credito Integrado,2026-01-24,116,3538.8,Acordo Firmado,70.0,Nordeste
CONTR_2026_05145,Vertice Asset e Cobranca,2026-04-09,78,13745.38,Acordo Firmado,81.0,Sul
CONTR_2026_05146,Acerta Credito Integrado,2026-03-28,110,10763.29,Acordo Firmado,95.0,Sudeste
CONTR_2026_05147,Nexus Mediacao Financeira,2026-02-01,84,2620.79,Insucesso,51.0,Sudeste
CONTR_2026_05148,Acerta Credito Integrado,2026-03-28,94,5777.67,Em Aberto,68.0,Sudeste
CONTR_2026_05149,Nexus Mediacao Financeira,2026-04-08,72,5645.08,Acordo Firmado,74.0,Nordeste
CONTR_2026_05150,Fenix Recuperacao de Credito,2026-04-15,130,2936.43,Em Aberto,61.0,Nordeste
CONTR_2026_05151,Vertice Asset e Cobranca,2026-01-19,52,2541.89,Em Aberto,48.0,Norte
CONTR_2026_05152,Fenix Recuperacao de Credito,2026-03-07,86,3671.89,Ajuizado,53.0,Nordeste
CONTR_2026_05153,Fenix Recuperacao de Credito,2026-03-01,143,8970.46,Ajuizado,34.0,Sudeste
CONTR_2026_05154,Acerta Credito Integrado,2026-04-25,128,2264.2,Em Aberto,86.0,Norte
CONTR_2026_05155,Nexus Mediacao Financeira,2026-03-07,64,4150.46,Acordo Firmado,86.0,Nordeste
CONTR_2026_05156,Vertice Asset e Cobranca,2026-01-15,66,4485.99,Ajuizado,7.0,Nordeste
CONTR_2026_05157,Fenix Recuperacao de Credito,2026-04-30,105,15194.64,Em Aberto,39.0,Centro-Oeste
CONTR_2026_05158,Acerta Credito Integrado,2026-03-26,109,3008.6,Insucesso,37.0,Sul
CONTR_2026_05159,Vertice Asset e Cobranca,2026-02-04,125,1299.21,Insucesso,63.0,Sudeste
CONTR_2026_05160,Fenix Recuperacao de Credito,2026-03-10,47,7116.46,Acordo Firmado,55.0,Sudeste
CONTR_2026_05161,Nexus Mediacao Financeira,2026-04-17,129,8248.66,Acordo Firmado,15.0,Norte
CONTR_2026_05162,Fenix Recuperacao de Credito,2026-01-27,62,7270.66,Insucesso,83.0,Nordeste
CONTR_2026_05163,Vertice Asset e Cobranca,2026-03-29,130,7232.2,Acordo Firmado,74.0,Nordeste
CONTR_2026_05164,Vertice Asset e Cobranca,2026-01-07,41,4500.76,Acordo Firmado,62.0,Nordeste
CONTR_2026_05165,Fenix Recuperacao de Credito,2026-01-06,56,1294.19,Insucesso,68.0,Nordeste
CONTR_2026_05166,Vertice Asset e Cobranca,2026-04-20,141,7745.15,Em Aberto,50.0,Sudeste
CONTR_2026_05167,Fenix Recuperacao de Credito,2026-02-02,143,14985.17,Em Aberto,41.0,Sudeste
CONTR_2026_05168,Fenix Recuperacao de Credito,2026-02-27,93,2056.23,Insucesso,61.0,Norte
CONTR_2026_05169,Fenix Recuperacao de Credito,2026-02-18,80,1551.65,Em Aberto,25.0,Sudeste
CONTR_2026_05170,Acerta Credito Integrado,2026-01-17,89,2740.82,Em Aberto,28.0,Norte
CONTR_2026_05171,Vertice Asset e Cobranca,2026-04-20,102,10678.73,Ajuizado,82.0,Sul
CONTR_2026_05172,Nexus Mediacao Financeira,2026-02-11,105,1761.07,Acordo Firmado,35.0,Sul
CONTR_2026_05173,Fenix Recuperacao de Credito,2026-04-04,81,7479.29,Insucesso,83.0,Nordeste
CONTR_2026_05174,Fenix Recuperacao de Credito,2026-03-13,31,1525.08,Em Aberto,53.0,Sudeste
CONTR_2026_05175,Vertice Asset e Cobranca,2026-02-09,-999,1366.69,Em Aberto,84.0,Nordeste
CONTR_2026_05176,Acerta Credito Integrado,2026-02-15,43,12295.9,Insucesso,39.0,Sudeste
CONTR_2026_05177,Acerta Credito Integrado,2026-03-12,112,8560.57,Acordo Firmado,97.0,Centro-Oeste
CONTR_2026_05178,Fenix Recuperacao de Credito,2026-03-11,101,5763.8,Acordo Firmado,59.0,Sul
CONTR_2026_05179,Nexus Mediacao Financeira,2026-03-09,86,2143.68,Insucesso,51.0,Sul
CONTR_2026_05180,Fenix Recuperacao de Credito,2026-01-01,82,2834.53,Em Aberto,1.0,Nordeste
CONTR_2026_05181,Vertice Asset e Cobranca,2026-03-20,148,1449.13,Em Aberto,45.0,Nordeste
CONTR_2026_05182,Acerta Credito Integrado,2026-04-05,124,6383.3,Acordo Firmado,51.0,Sudeste
CONTR_2026_05183,Fenix Recuperacao de Credito,2026-03-30,96,6993.18,Acordo Firmado,48.0,Sudeste
CONTR_2026_05184,Fenix Recuperacao de Credito,2026-04-21,73,3178.63,Em Aberto,49.0,Nordeste
CONTR_2026_05185,Acerta Credito Integrado,2026-04-07,128,3265.59,Em Aberto,73.0,Sul
CONTR_2026_05186,Fenix Recuperacao de Credito,2026-02-21,93,6157.46,Acordo Firmado,14.0,Sudeste
CONTR_2026_05187,Nexus Mediacao Financeira,2026-02-04,70,15762.91,Em Aberto,67.0,Centro-Oeste
CONTR_2026_05188,Vertice Asset e Cobranca,2026-04-29,72,3710.23,Acordo Firmado,30.0,Sudeste
CONTR_2026_05189,Fenix Recuperacao de Credito,2026-03-10,109,4602.05,Em Aberto,65.0,Nordeste
CONTR_2026_05190,Vertice Asset e Cobranca,2026-01-05,118,7191.21,Em Aberto,69.0,Nordeste
CONTR_2026_05191,Vertice Asset e Cobranca,2026-04-10,109,3295.19,Insucesso,87.0,Centro-Oeste
CONTR_2026_05192,Acerta Credito Integrado,2026-01-17,109,11357.39,Acordo Firmado,6.0,Centro-Oeste
CONTR_2026_05193,Acerta Credito Integrado,2026-02-22,80,10559.91,Ajuizado,84.0,Sudeste
CONTR_2026_05194,Fenix Recuperacao de Credito,2026-02-21,73,6808.63,Acordo Firmado,46.0,Nordeste
CONTR_2026_05195,Fenix Recuperacao de Credito,2026-01-14,94,5049.32,Acordo Firmado,42.0,Nordeste
CONTR_2026_05196,Acerta Credito Integrado,2026-01-29,87,21728.32,Em Aberto,72.0,Sudeste
CONTR_2026_05197,Acerta Credito Integrado,2026-01-08,59,7259.7,Em Aberto,61.0,Nordeste
CONTR_2026_05198,Fenix Recuperacao de Credito,2026-04-08,89,6353.27,Em Aberto,31.0,Nordeste
CONTR_2026_05199,Vertice Asset e Cobranca,2026-04-14,110,11670.46,Acordo Firmado,79.0,Centro-Oeste
CONTR_2026_05200,Vertice Asset e Cobranca,2026-01-01,78,5248.3,Em Aberto,26.0,Sul
CONTR_2026_05201,Vertice Asset e Cobranca,2026-01-29,-999,2591.46,Acordo Firmado,58.0,Sul
CONTR_2026_05202,Vertice Asset e Cobranca,2026-02-05,52,1941.18,Em Aberto,33.0,Sudeste
CONTR_2026_05203,Nexus Mediacao Financeira,2026-02-20,65,4384.14,Ajuizado,52.0,Sudeste
CONTR_2026_05204,Acerta Credito Integrado,2026-02-06,72,4824.78,Em Aberto,32.0,Nordeste
CONTR_2026_05205,Vertice Asset e Cobranca,2026-04-03,114,9992.42,Insucesso,54.0,Sudeste
CONTR_2026_05206,Vertice Asset e Cobranca,2026-03-10,96,1951.06,Acordo Firmado,1.0,Sul
CONTR_2026_05207,Acerta Credito Integrado,2026-02-22,63,6916.43,Acordo Firmado,5.0,Nordeste
CONTR_2026_05208,Vertice Asset e Cobranca,2026-04-06,33,3012.94,Acordo Firmado,22.0,Sudeste
CONTR_2026_05209,Acerta Credito Integrado,2026-02-21,54,15186.89,Em Aberto,95.0,Centro-Oeste
CONTR_2026_05210,Fenix Recuperacao de Credito,2026-03-29,37,4378.37,Em Aberto,5.0,Sul
CONTR_2026_05211,Fenix Recuperacao de Credito,2026-03-24,116,6069.58,Em Aberto,8.0,Sul
CONTR_2026_05212,Fenix Recuperacao de Credito,2026-01-12,58,6450.66,Acordo Firmado,70.0,Nordeste
CONTR_2026_05213,Vertice Asset e Cobranca,2026-02-21,110,1677.08,Em Aberto,51.0,Nordeste
CONTR_2026_05214,Acerta Credito Integrado,2026-01-01,106,10759.31,Em Aberto,10.0,Nordeste
CONTR_2026_05215,Vertice Asset e Cobranca,2026-01-07,125,2097.05,Insucesso,62.0,Nordeste
CONTR_2026_05216,Nexus Mediacao Financeira,2026-01-17,68,3732.67,Acordo Firmado,40.0,Nordeste
CONTR_2026_05217,Vertice Asset e Cobranca,2026-04-08,102,6782.31,Insucesso,47.0,Nordeste
CONTR_2026_05218,Acerta Credito Integrado,2026-02-12,93,1484.02,Acordo Firmado,80.0,Sudeste
CONTR_2026_05219,Fenix Recuperacao de Credito,2026-03-12,93,5542.55,Insucesso,56.0,Nordeste
CONTR_2026_05220,Fenix Recuperacao de Credito,2026-01-17,89,3837.45,Em Aberto,28.0,Sudeste
CONTR_2026_05221,Vertice Asset e Cobranca,2026-02-28,115,1529.91,Acordo Firmado,56.0,Sudeste
CONTR_2026_05222,Vertice Asset e Cobranca,2026-01-03,111,7680.28,Em Aberto,1.0,Nordeste
CONTR_2026_05223,Fenix Recuperacao de Credito,2026-01-29,89,4679.09,Em Aberto,52.0,Sudeste
CONTR_2026_05224,Vertice Asset e Cobranca,2026-01-22,76,3008.01,Insucesso,82.0,Nordeste
CONTR_2026_05225,Vertice Asset e Cobranca,2026-02-07,72,1640.48,Em Aberto,62.0,Sudeste
CONTR_2026_05226,Fenix Recuperacao de Credito,2026-02-23,91,5164.55,Em Aberto,42.0,Nordeste
CONTR_2026_05227,Nexus Mediacao Financeira,2026-04-17,96,3026.15,Em Aberto,47.0,Nordeste
CONTR_2026_05228,Acerta Credito Integrado,2026-04-03,87,15857.62,Acordo Firmado,37.0,Nordeste
CONTR_2026_05229,Fenix Recuperacao de Credito,2026-04-24,51,5676.51,Em Aberto,11.0,Nordeste
CONTR_2026_05230,Nexus Mediacao Financeira,2026-02-19,80,2877.82,Acordo Firmado,67.0,Sudeste
CONTR_2026_05231,Nexus Mediacao Financeira,2026-04-28,74,4960.43,Acordo Firmado,29.0,Sul
CONTR_2026_05232,Vertice Asset e Cobranca,2026-04-16,-999,5077.16,Acordo Firmado,51.0,Centro-Oeste
CONTR_2026_05233,Acerta Credito Integrado,2026-03-10,166,7687.05,Em Aberto,95.0,Sul
CONTR_2026_05234,Vertice Asset e Cobranca,2026-01-30,102,12824.27,Acordo Firmado,11.0,Sudeste
CONTR_2026_05235,Nexus Mediacao Financeira,2026-01-23,127,17629.57,Em Aberto,30.0,Sul
CONTR_2026_05236,Fenix Recuperacao de Credito,2026-04-29,69,7527.3,Ajuizado,79.0,Nordeste
CONTR_2026_05237,Nexus Mediacao Financeira,2026-03-26,90,5147.33,Em Aberto,79.0,Nordeste
CONTR_2026_05238,Nexus Mediacao Financeira,2026-04-30,126,2474.02,Insucesso,58.0,Sudeste
CONTR_2026_05239,Fenix Recuperacao de Credito,2026-03-31,42,3779.44,Acordo Firmado,32.0,Nordeste
CONTR_2026_05240,Vertice Asset e Cobranca,2026-04-28,82,4554.86,Em Aberto,29.0,Sul
CONTR_2026_05241,Vertice Asset e Cobranca,2026-02-16,108,1886.96,Acordo Firmado,43.0,Nordeste
CONTR_2026_05242,Vertice Asset e Cobranca,2026-01-21,87,2681.29,Insucesso,92.0,Nordeste
CONTR_2026_05243,Nexus Mediacao Financeira,2026-01-20,72,22019.31,Em Aberto,85.0,Nordeste
CONTR_2026_05244,Fenix Recuperacao de Credito,2026-01-23,74,8267.1,Em Aberto,39.0,Norte
CONTR_2026_05245,Acerta Credito Integrado,2026-03-09,99,4488.96,Em Aberto,11.0,Centro-Oeste
CONTR_2026_05246,Nexus Mediacao Financeira,2026-01-21,42,2481.13,Em Aberto,96.0,Norte
CONTR_2026_05247,Acerta Credito Integrado,2026-01-21,93,5460.1,Em Aberto,27.0,Norte
CONTR_2026_05248,Acerta Credito Integrado,2026-01-01,111,2519.02,Em Aberto,24.0,Sul
CONTR_2026_05249,Vertice Asset e Cobranca,2026-01-15,79,2272.83,Em Aberto,37.0,Nordeste
CONTR_2026_05250,Vertice Asset e Cobranca,2026-01-17,43,1692.24,Em Aberto,65.0,Nordeste
CONTR_2026_05251,Vertice Asset e Cobranca,2026-02-20,74,3322.12,Insucesso,32.0,Sudeste
CONTR_2026_05252,Vertice Asset e Cobranca,2026-03-04,86,5101.41,Ajuizado,53.0,Sul
CONTR_2026_05253,Nexus Mediacao Financeira,2026-01-14,57,2067.77,Acordo Firmado,1.0,Centro-Oeste
CONTR_2026_05254,Fenix Recuperacao de Credito,2026-02-28,90,2318.44,Ajuizado,56.0,Sudeste
CONTR_2026_05255,Acerta Credito Integrado,2026-03-24,95,3680.83,Acordo Firmado,34.0,Nordeste
CONTR_2026_05256,Vertice Asset e Cobranca,2026-02-19,126,4562.13,Acordo Firmado,82.0,Nordeste
CONTR_2026_05257,Fenix Recuperacao de Credito,2026-02-03,85,8383.38,Ajuizado,29.0,Nordeste
CONTR_2026_05258,Nexus Mediacao Financeira,2026-01-06,93,5380.8,Acordo Firmado,6.0,Nordeste
CONTR_2026_05259,Vertice Asset e Cobranca,2026-04-19,73,6007.76,Em Aberto,57.0,Nordeste
CONTR_2026_05260,Acerta Credito Integrado,2026-02-18,75,7157.1,Em Aberto,95.0,Nordeste
CONTR_2026_05261,Fenix Recuperacao de Credito,2026-01-06,111,4198.13,Acordo Firmado,14.0,Sul
CONTR_2026_05262,Acerta Credito Integrado,2026-04-27,-999,3301.37,Em Aberto,75.0,Sudeste
CONTR_2026_05263,Nexus Mediacao Financeira,2026-04-28,114,9257.72,Insucesso,69.0,Nordeste
CONTR_2026_05264,Fenix Recuperacao de Credito,2026-03-10,88,10010.63,Em Aberto,62.0,Sudeste
CONTR_2026_05265,Vertice Asset e Cobranca,2026-01-07,55,2036.07,Acordo Firmado,86.0,Sul
CONTR_2026_05266,Nexus Mediacao Financeira,2026-04-07,69,16527.5,Em Aberto,51.0,Sudeste
CONTR_2026_05267,Vertice Asset e Cobranca,2026-03-18,162,14490.78,Acordo Firmado,13.0,Nordeste
CONTR_2026_05268,Vertice Asset e Cobranca,2026-02-20,86,11434.98,Acordo Firmado,51.0,Nordeste
CONTR_2026_05269,Acerta Credito Integrado,2026-04-28,41,3946.61,Acordo Firmado,51.0,Nordeste
CONTR_2026_05270,Vertice Asset e Cobranca,2026-01-01,55,10431.45,Ajuizado,38.0,Sudeste
CONTR_2026_05271,Fenix Recuperacao de Credito,2026-01-13,68,6145.09,Em Aberto,4.0,Nordeste
CONTR_2026_05272,Fenix Recuperacao de Credito,2026-02-12,63,2349.55,Acordo Firmado,30.0,Sul
CONTR_2026_05273,Vertice Asset e Cobranca,2026-01-27,57,8655.68,Insucesso,54.0,Sudeste
CONTR_2026_05274,Acerta Credito Integrado,2026-03-12,133,3805.18,Em Aberto,65.0,Centro-Oeste
CONTR_2026_05275,Vertice Asset e Cobranca,2026-04-26,109,2927.72,Em Aberto,61.0,Sudeste
CONTR_2026_05276,Fenix Recuperacao de Credito,2026-01-03,84,11730.66,Ajuizado,49.0,Sudeste
CONTR_2026_05277,Fenix Recuperacao de Credito,2026-02-27,72,11112.56,Acordo Firmado,31.0,Sul
CONTR_2026_05278,Vertice Asset e Cobranca,2026-03-30,85,11189.24,Em Aberto,51.0,Centro-Oeste
CONTR_2026_05279,Fenix Recuperacao de Credito,2026-04-07,143,11013.58,Ajuizado,50.0,Norte
CONTR_2026_05280,Vertice Asset e Cobranca,2026-04-14,64,5239.75,Acordo Firmado,23.0,Sudeste
CONTR_2026_05281,Vertice Asset e Cobranca,2026-01-17,42,5997.56,Acordo Firmado,78.0,Sudeste
CONTR_2026_05282,Vertice Asset e Cobranca,2026-02-14,110,16066.49,Ajuizado,99.0,Centro-Oeste
CONTR_2026_05283,Fenix Recuperacao de Credito,2026-03-19,120,1892.53,Em Aberto,81.0,Sudeste
CONTR_2026_05284,Acerta Credito Integrado,2026-04-11,133,9406.23,Em Aberto,60.0,Nordeste
CONTR_2026_05285,Vertice Asset e Cobranca,2026-02-27,79,4935.56,Acordo Firmado,32.0,Sudeste
CONTR_2026_05286,Acerta Credito Integrado,2026-02-25,79,20377.05,Em Aberto,56.0,Norte
CONTR_2026_05287,Vertice Asset e Cobranca,2026-02-23,150,6297.49,Insucesso,56.0,Sul
CONTR_2026_05288,Fenix Recuperacao de Credito,2026-03-28,107,2086.93,Em Aberto,100.0,Sul
CONTR_2026_05289,Fenix Recuperacao de Credito,2026-03-29,87,9650.28,Insucesso,87.0,Nordeste
CONTR_2026_05290,Acerta Credito Integrado,2026-01-29,105,6783.96,Acordo Firmado,34.0,Sul
CONTR_2026_05291,Vertice Asset e Cobranca,2026-04-12,76,2006.29,Insucesso,41.0,Nordeste
CONTR_2026_05292,Fenix Recuperacao de Credito,2026-02-23,99,1245.16,Acordo Firmado,39.0,Norte
CONTR_2026_05293,Fenix Recuperacao de Credito,2026-01-27,98,5122.45,Ajuizado,86.0,Centro-Oeste
CONTR_2026_05294,Fenix Recuperacao de Credito,2026-04-12,115,2581.99,Ajuizado,42.0,Sudeste
CONTR_2026_05295,Acerta Credito Integrado,2026-04-27,60,11296.12,Insucesso,66.0,Nordeste
CONTR_2026_05296,Fenix Recuperacao de Credito,2026-04-14,100,2644.61,Acordo Firmado,20.0,Sudeste
CONTR_2026_05297,Vertice Asset e Cobranca,2026-02-14,55,6636.23,Em Aberto,14.0,Sudeste
CONTR_2026_05298,Nexus Mediacao Financeira,2026-04-24,146,3316.59,Acordo Firmado,38.0,Sudeste
CONTR_2026_05299,Vertice Asset e Cobranca,2026-03-28,77,3356.36,Em Aberto,37.0,Sudeste
CONTR_2026_05300,Fenix Recuperacao de Credito,2026-01-31,40,2203.33,Em Aberto,37.0,Sudeste
CONTR_2026_05301,Acerta Credito Integrado,2026-02-05,173,4693.03,Ajuizado,51.0,Centro-Oeste
CONTR_2026_05302,Fenix Recuperacao de Credito,2026-03-22,74,5528.84,Em Aberto,92.0,Sudeste
CONTR_2026_05303,Acerta Credito Integrado,2026-03-02,92,5549.59,Acordo Firmado,56.0,Sudeste
CONTR_2026_05304,Acerta Credito Integrado,2026-02-06,39,10910.94,Acordo Firmado,8.0,Sul
CONTR_2026_05305,Vertice Asset e Cobranca,2026-03-08,88,6482.76,Insucesso,93.0,Sudeste
CONTR_2026_05306,Nexus Mediacao Financeira,2026-02-05,140,7939.94,Ajuizado,21.0,Sul
CONTR_2026_05307,Vertice Asset e Cobranca,2026-04-29,111,3153.73,Acordo Firmado,39.0,Sul
CONTR_2026_05308,Vertice Asset e Cobranca,2026-01-05,38,3929.55,Ajuizado,48.0,Norte
CONTR_2026_05309,Acerta Credito Integrado,2026-02-15,67,1292.31,Acordo Firmado,18.0,Sul
CONTR_2026_05310,Acerta Credito Integrado,2026-03-20,117,1612.07,Acordo Firmado,63.0,Nordeste
CONTR_2026_05311,Vertice Asset e Cobranca,2026-02-21,109,3631.64,Em Aberto,83.0,Sudeste
CONTR_2026_05312,Nexus Mediacao Financeira,2026-02-18,75,2376.93,Acordo Firmado,74.0,Sudeste
CONTR_2026_05313,Fenix Recuperacao de Credito,2026-01-06,101,9582.15,Insucesso,9.0,Nordeste
CONTR_2026_05314,Vertice Asset e Cobranca,2026-01-10,54,6842.57,Acordo Firmado,87.0,Sudeste
CONTR_2026_05315,Nexus Mediacao Financeira,2026-04-28,50,18783.96,Acordo Firmado,30.0,Norte
CONTR_2026_05316,Vertice Asset e Cobranca,2026-04-06,15,12103.34,Insucesso,86.0,Nordeste
CONTR_2026_05317,Vertice Asset e Cobranca,2026-01-23,117,20207.11,Acordo Firmado,59.0,Nordeste
CONTR_2026_05318,Vertice Asset e Cobranca,2026-04-22,86,3472.82,Em Aberto,55.0,Centro-Oeste
CONTR_2026_05319,Fenix Recuperacao de Credito,2026-01-17,90,4511.89,Em Aberto,93.0,Nordeste
CONTR_2026_05320,Nexus Mediacao Financeira,2026-04-20,15,3531.06,Ajuizado,70.0,Centro-Oeste
CONTR_2026_05321,Vertice Asset e Cobranca,2026-03-25,88,17863.83,Em Aberto,50.0,Nordeste
CONTR_2026_05322,Vertice Asset e Cobranca,2026-02-13,106,3776.75,Insucesso,61.0,Sudeste
CONTR_2026_05323,Vertice Asset e Cobranca,2026-02-10,27,1820.8,Em Aberto,35.0,Sudeste
CONTR_2026_05324,Vertice Asset e Cobranca,2026-01-15,91,2641.81,Ajuizado,14.0,Sudeste
CONTR_2026_05325,Fenix Recuperacao de Credito,2026-02-13,88,3965.36,Insucesso,69.0,Norte
CONTR_2026_05326,Nexus Mediacao Financeira,2026-04-20,76,5819.02,Em Aberto,46.0,Nordeste
CONTR_2026_05327,Fenix Recuperacao de Credito,2026-02-27,129,6012.81,Acordo Firmado,82.0,Sul
CONTR_2026_05328,Fenix Recuperacao de Credito,2026-03-27,122,8310.3,Insucesso,35.0,Sul
CONTR_2026_05329,Vertice Asset e Cobranca,2026-02-19,189,6418.73,Insucesso,94.0,Sudeste
CONTR_2026_05330,Nexus Mediacao Financeira,2026-02-21,53,4581.78,Insucesso,71.0,Norte
CONTR_2026_05331,Vertice Asset e Cobranca,2026-03-11,102,1353.18,Em Aberto,98.0,Sudeste
CONTR_2026_05332,Vertice Asset e Cobranca,2026-03-09,134,7137.68,Em Aberto,42.0,Sul
CONTR_2026_05333,Fenix Recuperacao de Credito,2026-03-04,69,1646.66,Em Aberto,53.0,Sudeste
CONTR_2026_05334,Vertice Asset e Cobranca,2026-02-27,-999,4363.19,Em Aberto,19.0,Nordeste
CONTR_2026_05335,Vertice Asset e Cobranca,2026-01-23,100,12535.91,Acordo Firmado,45.0,Sudeste
CONTR_2026_05336,Fenix Recuperacao de Credito,2026-02-13,37,5742.59,Ajuizado,54.0,Nordeste
CONTR_2026_05337,Vertice Asset e Cobranca,2026-04-19,9999,2309.25,Em Aberto,64.0,Sudeste
CONTR_2026_05338,Nexus Mediacao Financeira,2026-03-24,72,9450.21,Insucesso,75.0,Centro-Oeste
CONTR_2026_05339,Fenix Recuperacao de Credito,2026-04-28,87,2986.3,Acordo Firmado,41.0,Sudeste
CONTR_2026_05340,Fenix Recuperacao de Credito,2026-04-19,127,5505.12,Acordo Firmado,17.0,Sudeste
CONTR_2026_05341,Acerta Credito Integrado,2026-04-05,87,6250.93,Insucesso,11.0,Sudeste
CONTR_2026_05342,Fenix Recuperacao de Credito,2026-02-13,125,7767.48,Em Aberto,92.0,Sudeste
CONTR_2026_05343,Fenix Recuperacao de Credito,2026-02-21,93,1535.95,Em Aberto,3.0,Sudeste
CONTR_2026_05344,Fenix Recuperacao de Credito,2026-03-08,9999,10829.9,Em Aberto,10.0,Sudeste
CONTR_2026_05345,Vertice Asset e Cobranca,2026-01-28,81,1804.35,Acordo Firmado,24.0,Sul
CONTR_2026_05346,Nexus Mediacao Financeira,2026-03-08,119,1696.53,Em Aberto,97.0,Sul
CONTR_2026_05347,Fenix Recuperacao de Credito,2026-03-19,93,4252.17,Ajuizado,56.0,Sudeste
CONTR_2026_05348,Vertice Asset e Cobranca,2026-01-18,68,3527.52,Insucesso,26.0,Nordeste
CONTR_2026_05349,Vertice Asset e Cobranca,2026-01-27,99,1480.81,Insucesso,69.0,Sudeste
CONTR_2026_05350,Nexus Mediacao Financeira,2026-02-20,76,2107.61,Ajuizado,24.0,Sudeste
CONTR_2026_05351,Acerta Credito Integrado,2026-03-01,74,4092.07,Acordo Firmado,44.0,Sudeste
CONTR_2026_05352,Vertice Asset e Cobranca,2026-03-15,125,10032.57,Acordo Firmado,26.0,Sudeste
CONTR_2026_05353,Vertice Asset e Cobranca,2026-02-18,85,1846.58,Em Aberto,71.0,Centro-Oeste
CONTR_2026_05354,Nexus Mediacao Financeira,2026-01-15,154,1752.03,Em Aberto,76.0,Sudeste
CONTR_2026_05355,Nexus Mediacao Financeira,2026-03-24,112,9369.41,Insucesso,57.0,Sul
CONTR_2026_05356,Vertice Asset e Cobranca,2026-03-14,67,4589.48,Em Aberto,36.0,Sudeste
CONTR_2026_05357,Fenix Recuperacao de Credito,2026-03-09,64,3433.38,Acordo Firmado,17.0,Sul
CONTR_2026_05358,Vertice Asset e Cobranca,2026-01-15,52,4293.48,Em Aberto,80.0,Centro-Oeste
CONTR_2026_05359,Acerta Credito Integrado,2026-02-20,108,3845.34,Acordo Firmado,95.0,Nordeste
CONTR_2026_05360,Vertice Asset e Cobranca,2026-02-17,64,8813.87,Em Aberto,18.0,Sul
CONTR_2026_05361,Nexus Mediacao Financeira,2026-03-13,22,1246.86,Acordo Firmado,96.0,Sul
CONTR_2026_05362,Fenix Recuperacao de Credito,2026-04-23,40,4038.38,Insucesso,66.0,Sudeste
CONTR_2026_05363,Nexus Mediacao Financeira,2026-04-27,56,2064.95,Em Aberto,10.0,Sudeste
CONTR_2026_05364,Nexus Mediacao Financeira,2026-01-01,100,3042.91,Em Aberto,61.0,Nordeste
CONTR_2026_05365,Nexus Mediacao Financeira,2026-01-07,87,1794.88,Em Aberto,39.0,Sudeste
CONTR_2026_05366,Vertice Asset e Cobranca,2026-02-22,118,3984.24,Em Aberto,14.0,Sudeste
CONTR_2026_05367,Nexus Mediacao Financeira,2026-01-31,62,6354.23,Em Aberto,47.0,Centro-Oeste
CONTR_2026_05368,Vertice Asset e Cobranca,2026-01-18,80,6617.53,Acordo Firmado,10.0,Sudeste
CONTR_2026_05369,Acerta Credito Integrado,2026-01-12,142,9166.44,Acordo Firmado,55.0,Nordeste
CONTR_2026_05370,Fenix Recuperacao de Credito,2026-02-17,79,9637.31,Acordo Firmado,92.0,Nordeste
CONTR_2026_05371,Vertice Asset e Cobranca,2026-01-30,96,5753.2,Ajuizado,24.0,Sudeste
CONTR_2026_05372,Vertice Asset e Cobranca,2026-04-07,70,3378.2,Em Aberto,40.0,Sudeste
CONTR_2026_05373,Vertice Asset e Cobranca,2026-04-21,83,1463.39,Em Aberto,63.0,Sudeste
CONTR_2026_05374,Acerta Credito Integrado,2026-01-07,104,1382.65,Acordo Firmado,34.0,Nordeste
CONTR_2026_05375,Vertice Asset e Cobranca,2026-04-02,109,1801.03,Em Aberto,49.0,Sul
CONTR_2026_05376,Acerta Credito Integrado,2026-04-23,93,21823.43,Em Aberto,63.0,Nordeste
CONTR_2026_05377,Nexus Mediacao Financeira,2026-01-03,82,8908.37,Acordo Firmado,9.0,Centro-Oeste
CONTR_2026_05378,Vertice Asset e Cobranca,2026-04-17,93,3794.9,Acordo Firmado,47.0,Sul
CONTR_2026_05379,Acerta Credito Integrado,2026-03-04,67,4338.68,Em Aberto,93.0,Centro-Oeste
CONTR_2026_05380,Fenix Recuperacao de Credito,2026-01-06,83,7885.26,Em Aberto,45.0,Sudeste
CONTR_2026_05381,Fenix Recuperacao de Credito,2026-04-05,99,4811.86,Acordo Firmado,36.0,Nordeste
CONTR_2026_05382,Nexus Mediacao Financeira,2026-04-12,119,3434.69,Em Aberto,9.0,Sudeste
CONTR_2026_05383,Vertice Asset e Cobranca,2026-01-15,62,3350.54,Em Aberto,11.0,Sudeste
CONTR_2026_05384,Fenix Recuperacao de Credito,2026-03-12,84,2376.34,Insucesso,85.0,Nordeste
CONTR_2026_05385,Nexus Mediacao Financeira,2026-02-12,59,12040.78,Em Aberto,77.0,Sudeste
CONTR_2026_05386,Nexus Mediacao Financeira,2026-04-04,76,3873.49,Em Aberto,24.0,Sudeste
CONTR_2026_05387,Vertice Asset e Cobranca,2026-04-01,120,8178.96,Acordo Firmado,1.0,Nordeste
CONTR_2026_05388,Vertice Asset e Cobranca,2026-03-22,73,5463.79,Acordo Firmado,99.0,Centro-Oeste
CONTR_2026_05389,Nexus Mediacao Financeira,2026-04-29,87,8214.02,Ajuizado,99.0,Nordeste
CONTR_2026_05390,Acerta Credito Integrado,2026-01-18,52,3135.01,Acordo Firmado,61.0,Sul
CONTR_2026_05391,Fenix Recuperacao de Credito,2026-01-22,73,8171.81,Em Aberto,85.0,Nordeste
CONTR_2026_05392,Nexus Mediacao Financeira,2026-03-02,43,9002.48,Acordo Firmado,69.0,Nordeste
CONTR_2026_05393,Acerta Credito Integrado,2026-04-30,98,1750.64,Ajuizado,21.0,Nordeste
CONTR_2026_05394,Nexus Mediacao Financeira,2026-03-02,101,1679.6,Acordo Firmado,4.0,Nordeste
CONTR_2026_05395,Acerta Credito Integrado,2026-02-22,100,22366.56,Em Aberto,97.0,Sul
CONTR_2026_05396,Vertice Asset e Cobranca,2026-01-26,102,1827.56,Em Aberto,100.0,Sudeste
CONTR_2026_05397,Fenix Recuperacao de Credito,2026-04-25,100,6973.39,Insucesso,58.0,Sudeste
CONTR_2026_05398,Vertice Asset e Cobranca,2026-04-01,44,8087.93,Acordo Firmado,72.0,Nordeste
CONTR_2026_05399,Vertice Asset e Cobranca,2026-02-09,66,1528.09,Em Aberto,51.0,Nordeste
CONTR_2026_05400,Acerta Credito Integrado,2026-03-29,22,8062.17,Ajuizado,7.0,Centro-Oeste
CONTR_2026_05401,Fenix Recuperacao de Credito,2026-04-26,76,3919.46,Em Aberto,1.0,Centro-Oeste
CONTR_2026_05402,Vertice Asset e Cobranca,2026-01-08,63,2805.67,Acordo Firmado,69.0,Sudeste
CONTR_2026_05403,Vertice Asset e Cobranca,2026-01-21,88,6673.06,Acordo Firmado,77.0,Sudeste
CONTR_2026_05404,Fenix Recuperacao de Credito,2026-04-03,163,10152.54,Insucesso,64.0,Sudeste
CONTR_2026_05405,Vertice Asset e Cobranca,2026-02-12,113,5452.45,Em Aberto,90.0,Sul
CONTR_2026_05406,Acerta Credito Integrado,2026-01-21,135,11425.3,Acordo Firmado,76.0,Centro-Oeste
CONTR_2026_05407,Vertice Asset e Cobranca,2026-01-03,114,1313.05,Acordo Firmado,8.0,Sul
CONTR_2026_05408,Vertice Asset e Cobranca,2026-01-31,86,7908.61,Em Aberto,60.0,Sudeste
CONTR_2026_05409,Vertice Asset e Cobranca,2026-04-29,89,2128.05,Acordo Firmado,34.0,Sudeste
CONTR_2026_05410,Nexus Mediacao Financeira,2026-01-27,115,2884.88,Em Aberto,86.0,Nordeste
CONTR_2026_05411,Nexus Mediacao Financeira,2026-04-20,97,5446.11,Em Aberto,9.0,Nordeste
CONTR_2026_05412,Vertice Asset e Cobranca,2026-01-27,81,2804.09,Em Aberto,73.0,Norte
CONTR_2026_05413,Acerta Credito Integrado,2026-03-14,132,2120.54,Em Aberto,45.0,Norte
CONTR_2026_05414,Fenix Recuperacao de Credito,2026-02-26,103,12035.82,Em Aberto,82.0,Nordeste
CONTR_2026_05415,Fenix Recuperacao de Credito,2026-04-07,47,13060.93,Em Aberto,17.0,Sudeste
CONTR_2026_05416,Vertice Asset e Cobranca,2026-02-02,84,1385.25,Acordo Firmado,7.0,Sudeste
CONTR_2026_05417,Vertice Asset e Cobranca,2026-03-31,91,4666.95,Em Aberto,51.0,Sudeste
CONTR_2026_05418,Vertice Asset e Cobranca,2026-04-02,77,2338.76,Insucesso,98.0,Centro-Oeste
CONTR_2026_05419,Vertice Asset e Cobranca,2026-02-13,78,11153.81,Em Aberto,16.0,Sul
CONTR_2026_05420,Vertice Asset e Cobranca,2026-02-12,77,4304.33,Acordo Firmado,57.0,Sul
CONTR_2026_05421,Fenix Recuperacao de Credito,2026-01-31,36,4454.82,Em Aberto,92.0,Nordeste
CONTR_2026_05422,Vertice Asset e Cobranca,2026-04-27,9999,6137.22,Ajuizado,25.0,Nordeste
CONTR_2026_05423,Vertice Asset e Cobranca,2026-03-06,70,1486.15,Em Aberto,22.0,Sul
CONTR_2026_05424,Vertice Asset e Cobranca,2026-03-25,77,1880.81,Acordo Firmado,55.0,Norte
CONTR_2026_05425,Vertice Asset e Cobranca,2026-03-17,49,4649.61,Em Aberto,34.0,Nordeste
CONTR_2026_05426,Nexus Mediacao Financeira,2026-01-17,59,18212.03,Acordo Firmado,15.0,Sudeste
CONTR_2026_05427,Vertice Asset e Cobranca,2026-01-15,82,10476.87,Em Aberto,16.0,Sul
CONTR_2026_05428,Fenix Recuperacao de Credito,2026-02-03,120,12207.42,Acordo Firmado,16.0,Nordeste
CONTR_2026_05429,Nexus Mediacao Financeira,2026-04-24,118,1937.6,Em Aberto,38.0,Nordeste
CONTR_2026_05430,Acerta Credito Integrado,2026-03-21,119,17125.26,Em Aberto,86.0,Sul
CONTR_2026_05431,Nexus Mediacao Financeira,2026-01-04,59,7746.53,Ajuizado,93.0,Sul
CONTR_2026_05432,Fenix Recuperacao de Credito,2026-03-13,83,3170.29,Em Aberto,32.0,Centro-Oeste
CONTR_2026_05433,Nexus Mediacao Financeira,2026-04-08,127,11192.71,Acordo Firmado,43.0,Sul
CONTR_2026_05434,Fenix Recuperacao de Credito,2026-04-20,37,8077.96,Acordo Firmado,88.0,Nordeste
CONTR_2026_05435,Nexus Mediacao Financeira,2026-03-30,76,7868.69,Acordo Firmado,50.0,Norte
CONTR_2026_05436,Acerta Credito Integrado,2026-03-20,96,7832.97,Acordo Firmado,87.0,Nordeste
CONTR_2026_05437,Fenix Recuperacao de Credito,2026-01-28,38,9268.58,Acordo Firmado,57.0,Sul
CONTR_2026_05438,Acerta Credito Integrado,2026-03-14,102,16033.7,Acordo Firmado,38.0,Sudeste
CONTR_2026_05439,Fenix Recuperacao de Credito,2026-01-02,136,1935.96,Insucesso,23.0,Nordeste
CONTR_2026_05440,Acerta Credito Integrado,2026-01-17,126,39433.97,Acordo Firmado,89.0,Centro-Oeste
CONTR_2026_05441,Vertice Asset e Cobranca,2026-02-27,84,11491.91,Em Aberto,90.0,Sudeste
CONTR_2026_05442,Fenix Recuperacao de Credito,2026-03-15,114,4113.64,Em Aberto,36.0,Nordeste
CONTR_2026_05443,Fenix Recuperacao de Credito,2026-01-09,38,2056.54,Em Aberto,50.0,Sudeste
CONTR_2026_05444,Vertice Asset e Cobranca,2026-01-31,98,4223.74,Insucesso,98.0,Sul
CONTR_2026_05445,Fenix Recuperacao de Credito,2026-03-07,80,8739.19,Insucesso,13.0,Sudeste
CONTR_2026_05446,Fenix Recuperacao de Credito,2026-03-29,85,5812.22,Em Aberto,97.0,Nordeste
CONTR_2026_05447,Vertice Asset e Cobranca,2026-03-03,93,2839.4,Insucesso,51.0,Sudeste
CONTR_2026_05448,Nexus Mediacao Financeira,2026-01-19,101,3811.07,Em Aberto,36.0,Nordeste
CONTR_2026_05449,Nexus Mediacao Financeira,2026-03-22,46,16628.16,Em Aberto,63.0,Sudeste
CONTR_2026_05450,Fenix Recuperacao de Credito,2026-04-17,60,9343.64,Acordo Firmado,84.0,Nordeste
CONTR_2026_05451,Vertice Asset e Cobranca,2026-04-23,82,1862.34,Acordo Firmado,93.0,Sudeste
CONTR_2026_05452,Fenix Recuperacao de Credito,2026-03-15,36,5141.6,Acordo Firmado,79.0,Sul
CONTR_2026_05453,Fenix Recuperacao de Credito,2026-04-24,94,14567.15,Insucesso,54.0,Nordeste
CONTR_2026_05454,Vertice Asset e Cobranca,2026-02-24,114,1374.56,Acordo Firmado,79.0,Nordeste
CONTR_2026_05455,Acerta Credito Integrado,2026-01-28,131,1417.4,Em Aberto,77.0,Nordeste
CONTR_2026_05456,Fenix Recuperacao de Credito,2026-04-12,92,7506.82,Em Aberto,60.0,Sul
CONTR_2026_05457,Vertice Asset e Cobranca,2026-04-22,146,5484.75,Insucesso,14.0,Sudeste
CONTR_2026_05458,Vertice Asset e Cobranca,2026-04-02,88,1435.46,Em Aberto,60.0,Sul
CONTR_2026_05459,Vertice Asset e Cobranca,2026-04-24,52,28827.95,Ajuizado,60.0,Nordeste
CONTR_2026_05460,Vertice Asset e Cobranca,2026-04-26,88,5538.64,Ajuizado,22.0,Nordeste
CONTR_2026_05461,Acerta Credito Integrado,2026-02-19,83,4585.68,Em Aberto,65.0,Sudeste
CONTR_2026_05462,Fenix Recuperacao de Credito,2026-03-06,105,4168.29,Ajuizado,65.0,Sul
CONTR_2026_05463,Fenix Recuperacao de Credito,2026-01-03,98,7231.28,Em Aberto,31.0,Sul
CONTR_2026_05464,Vertice Asset e Cobranca,2026-03-20,95,4265.74,Ajuizado,97.0,Sudeste
CONTR_2026_05465,Vertice Asset e Cobranca,2026-02-21,119,6580.49,Acordo Firmado,65.0,Sul
CONTR_2026_05466,Nexus Mediacao Financeira,2026-01-10,77,4550.42,Acordo Firmado,88.0,Nordeste
CONTR_2026_05467,Acerta Credito Integrado,2026-01-21,106,5917.25,Em Aberto,22.0,Sudeste
CONTR_2026_05468,Acerta Credito Integrado,2026-02-06,98,9378.55,Em Aberto,87.0,Sudeste
CONTR_2026_05469,Acerta Credito Integrado,2026-01-15,93,9695.94,Insucesso,66.0,Centro-Oeste
CONTR_2026_05470,Vertice Asset e Cobranca,2026-03-28,88,10653.97,Insucesso,86.0,Sudeste
CONTR_2026_05471,Nexus Mediacao Financeira,2026-03-19,51,2334.31,Insucesso,73.0,Sudeste
CONTR_2026_05472,Vertice Asset e Cobranca,2026-03-20,82,1515.34,Acordo Firmado,51.0,Sudeste
CONTR_2026_05473,Fenix Recuperacao de Credito,2026-03-15,84,10243.67,Ajuizado,89.0,Sul
CONTR_2026_05474,Acerta Credito Integrado,2026-04-30,68,1416.09,Acordo Firmado,79.0,Nordeste
CONTR_2026_05475,Fenix Recuperacao de Credito,2026-01-09,49,2400.75,Insucesso,88.0,Centro-Oeste
CONTR_2026_05476,Vertice Asset e Cobranca,2026-02-13,73,4934.84,Insucesso,7.0,Nordeste
CONTR_2026_05477,Vertice Asset e Cobranca,2026-02-08,75,10870.08,Insucesso,72.0,Sudeste
CONTR_2026_05478,Nexus Mediacao Financeira,2026-01-05,49,12554.53,Acordo Firmado,27.0,Sudeste
CONTR_2026_05479,Acerta Credito Integrado,2026-01-25,49,6144.99,Insucesso,91.0,Sudeste
CONTR_2026_05480,Vertice Asset e Cobranca,2026-02-25,27,18219.81,Insucesso,45.0,Nordeste
CONTR_2026_05481,Acerta Credito Integrado,2026-04-16,98,7745.61,Acordo Firmado,99.0,Nordeste
CONTR_2026_05482,Vertice Asset e Cobranca,2026-03-31,119,4950.96,Em Aberto,61.0,Sul
CONTR_2026_05483,Vertice Asset e Cobranca,2026-03-05,90,1921.49,Em Aberto,94.0,Nordeste
CONTR_2026_05484,Acerta Credito Integrado,2026-03-13,77,3999.95,Acordo Firmado,39.0,Sudeste
CONTR_2026_05485,Nexus Mediacao Financeira,2026-03-27,48,9839.44,Em Aberto,93.0,Nordeste
CONTR_2026_05486,Vertice Asset e Cobranca,2026-02-21,23,2867.91,Ajuizado,5.0,Sudeste
CONTR_2026_05487,Fenix Recuperacao de Credito,2026-03-30,89,5516.96,Em Aberto,82.0,Nordeste
CONTR_2026_05488,Nexus Mediacao Financeira,2026-04-22,-999,21702.17,Em Aberto,79.0,Sudeste
CONTR_2026_05489,Nexus Mediacao Financeira,2026-03-17,65,2158.37,Acordo Firmado,90.0,Sul
CONTR_2026_05490,Fenix Recuperacao de Credito,2026-01-09,121,1734.91,Em Aberto,55.0,Norte
CONTR_2026_05491,Fenix Recuperacao de Credito,2026-01-10,69,9138.3,Em Aberto,2.0,Sul
CONTR_2026_05492,Acerta Credito Integrado,2026-04-22,122,1326.19,Acordo Firmado,95.0,Nordeste
CONTR_2026_05493,Nexus Mediacao Financeira,2026-01-10,66,6353.68,Insucesso,25.0,Nordeste
CONTR_2026_05494,Vertice Asset e Cobranca,2026-03-14,15,3245.45,Acordo Firmado,89.0,Sul
CONTR_2026_05495,Vertice Asset e Cobranca,2026-03-03,108,7633.4,Em Aberto,51.0,Sul
CONTR_2026_05496,Vertice Asset e Cobranca,2026-03-31,62,1840.61,Acordo Firmado,58.0,Sudeste
CONTR_2026_05497,Nexus Mediacao Financeira,2026-04-09,43,3202.72,Acordo Firmado,22.0,Nordeste
CONTR_2026_05498,Acerta Credito Integrado,2026-04-01,104,1285.92,Em Aberto,52.0,Sudeste
CONTR_2026_05499,Nexus Mediacao Financeira,2026-03-01,63,2539.99,Em Aberto,74.0,Sudeste
CONTR_2026_05500,Nexus Mediacao Financeira,2026-04-05,47,4501.06,Acordo Firmado,61.0,Nordeste
CONTR_2026_05501,Nexus Mediacao Financeira,2026-01-19,129,2177.72,Acordo Firmado,100.0,Sudeste
CONTR_2026_05502,Fenix Recuperacao de Credito,2026-04-17,83,5777.15,Acordo Firmado,51.0,Nordeste
CONTR_2026_05503,Fenix Recuperacao de Credito,2026-02-07,46,1828.65,Acordo Firmado,21.0,Sul
CONTR_2026_05504,Vertice Asset e Cobranca,2026-01-06,76,8036.84,Em Aberto,62.0,Sudeste
CONTR_2026_05505,Vertice Asset e Cobranca,2026-01-15,153,13933.79,Acordo Firmado,15.0,Nordeste
CONTR_2026_05506,Fenix Recuperacao de Credito,2026-04-03,93,3638.19,Em Aberto,11.0,Sudeste
CONTR_2026_05507,Nexus Mediacao Financeira,2026-02-16,70,4956.06,Em Aberto,46.0,Sul
CONTR_2026_05508,Vertice Asset e Cobranca,2026-02-14,105,4552.17,Em Aberto,71.0,Sul
CONTR_2026_05509,Vertice Asset e Cobranca,2026-04-28,76,8894.79,Acordo Firmado,88.0,Nordeste
CONTR_2026_05510,Vertice Asset e Cobranca,2026-01-05,74,26941.76,Insucesso,30.0,Nordeste
CONTR_2026_05511,Fenix Recuperacao de Credito,2026-03-19,70,7853.09,Em Aberto,14.0,Sul
CONTR_2026_05512,Fenix Recuperacao de Credito,2026-02-22,115,2407.37,Acordo Firmado,40.0,Nordeste
CONTR_2026_05513,Acerta Credito Integrado,2026-03-07,95,7154.96,Em Aberto,70.0,Sudeste
CONTR_2026_05514,Acerta Credito Integrado,2026-03-03,132,5982.49,Em Aberto,50.0,Sudeste
CONTR_2026_05515,Fenix Recuperacao de Credito,2026-01-23,99,2379.37,Em Aberto,46.0,Sudeste
CONTR_2026_05516,Acerta Credito Integrado,2026-02-13,135,2578.52,Acordo Firmado,72.0,Nordeste
CONTR_2026_05517,Acerta Credito Integrado,2026-02-21,109,6489.08,Em Aberto,36.0,Nordeste
CONTR_2026_05518,Acerta Credito Integrado,2026-02-15,82,9446.58,Acordo Firmado,56.0,Sudeste
CONTR_2026_05519,Fenix Recuperacao de Credito,2026-01-19,85,8385.92,Acordo Firmado,12.0,Sudeste
CONTR_2026_05520,Nexus Mediacao Financeira,2026-03-29,144,5862.25,Em Aberto,69.0,Sudeste
CONTR_2026_05521,Acerta Credito Integrado,2026-03-25,129,15066.33,Em Aberto,77.0,Nordeste
CONTR_2026_05522,Nexus Mediacao Financeira,2026-02-16,136,7766.07,Acordo Firmado,19.0,Sul
CONTR_2026_05523,Nexus Mediacao Financeira,2026-04-01,59,5103.51,Insucesso,22.0,Sudeste
CONTR_2026_05524,Vertice Asset e Cobranca,2026-02-21,33,9669.67,Acordo Firmado,12.0,Nordeste
CONTR_2026_05525,Nexus Mediacao Financeira,2026-01-24,64,2915.86,Em Aberto,32.0,Sul
CONTR_2026_05526,Fenix Recuperacao de Credito,2026-01-17,94,2729.18,Acordo Firmado,38.0,Sudeste
CONTR_2026_05527,Nexus Mediacao Financeira,2026-03-30,70,18981.38,Acordo Firmado,61.0,Nordeste
CONTR_2026_05528,Fenix Recuperacao de Credito,2026-02-15,90,16160.86,Em Aberto,38.0,Nordeste
CONTR_2026_05529,Vertice Asset e Cobranca,2026-03-05,76,11822.87,Acordo Firmado,81.0,Sudeste
CONTR_2026_05530,Vertice Asset e Cobranca,2026-04-29,37,2406.34,Em Aberto,90.0,Nordeste
CONTR_2026_05531,Nexus Mediacao Financeira,2026-04-05,102,5629.89,Acordo Firmado,80.0,Nordeste
CONTR_2026_05532,Fenix Recuperacao de Credito,2026-01-28,90,5029.13,Acordo Firmado,12.0,Norte
CONTR_2026_05533,Nexus Mediacao Financeira,2026-02-19,129,2335.18,Ajuizado,46.0,Nordeste
CONTR_2026_05534,Acerta Credito Integrado,2026-03-05,94,4169.12,Acordo Firmado,80.0,Nordeste
CONTR_2026_05535,Fenix Recuperacao de Credito,2026-01-28,113,4328.81,Em Aberto,69.0,Nordeste
CONTR_2026_05536,Fenix Recuperacao de Credito,2026-03-27,65,2576.28,Acordo Firmado,72.0,Centro-Oeste
CONTR_2026_05537,Fenix Recuperacao de Credito,2026-02-25,100,16692.24,Em Aberto,51.0,Centro-Oeste
CONTR_2026_05538,Acerta Credito Integrado,2026-02-28,114,4593.41,Ajuizado,91.0,Nordeste
CONTR_2026_05539,Nexus Mediacao Financeira,2026-01-05,106,4921.06,Em Aberto,26.0,Centro-Oeste
CONTR_2026_05540,Vertice Asset e Cobranca,2026-02-23,83,5763.72,Acordo Firmado,77.0,Nordeste
CONTR_2026_05541,Fenix Recuperacao de Credito,2026-02-13,100,12099.73,Em Aberto,99.0,Sudeste
CONTR_2026_05542,Nexus Mediacao Financeira,2026-02-11,108,5010.45,Em Aberto,46.0,Sudeste
CONTR_2026_05543,Acerta Credito Integrado,2026-03-13,126,5093.15,Acordo Firmado,17.0,Sudeste
CONTR_2026_05544,Acerta Credito Integrado,2026-04-12,73,2573.46,Em Aberto,7.0,Nordeste
CONTR_2026_05545,Nexus Mediacao Financeira,2026-04-02,56,5816.79,Insucesso,73.0,Sul
CONTR_2026_05546,Fenix Recuperacao de Credito,2026-02-26,65,3599.46,Em Aberto,74.0,Sudeste
CONTR_2026_05547,Fenix Recuperacao de Credito,2026-02-16,94,6403.34,Em Aberto,64.0,Norte
CONTR_2026_05548,Fenix Recuperacao de Credito,2026-03-17,90,2988.71,Acordo Firmado,42.0,Sudeste
CONTR_2026_05549,Vertice Asset e Cobranca,2026-01-25,108,7489.13,Insucesso,53.0,Sudeste
CONTR_2026_05550,Fenix Recuperacao de Credito,2026-04-12,114,6023.5,Acordo Firmado,14.0,Nordeste
CONTR_2026_05551,Vertice Asset e Cobranca,2026-02-13,33,4416.87,Insucesso,37.0,Nordeste
CONTR_2026_05552,Vertice Asset e Cobranca,2026-01-15,75,1708.35,Em Aberto,13.0,Nordeste
CONTR_2026_05553,Fenix Recuperacao de Credito,2026-04-18,96,6130.46,Em Aberto,72.0,Sul
CONTR_2026_05554,Nexus Mediacao Financeira,2026-04-15,123,11004.88,Em Aberto,52.0,Nordeste
CONTR_2026_05555,Acerta Credito Integrado,2026-02-20,88,2138.12,Acordo Firmado,74.0,Sudeste
CONTR_2026_05556,Acerta Credito Integrado,2026-02-22,130,1642.62,Acordo Firmado,33.0,Norte
CONTR_2026_05557,Fenix Recuperacao de Credito,2026-02-03,106,1401.86,Em Aberto,20.0,Nordeste
CONTR_2026_05558,Acerta Credito Integrado,2026-04-19,101,1361.68,Acordo Firmado,68.0,Sudeste
CONTR_2026_05559,Vertice Asset e Cobranca,2026-03-18,86,10427.99,Ajuizado,1.0,Sudeste
CONTR_2026_05560,Nexus Mediacao Financeira,2026-01-08,89,7702.69,Acordo Firmado,83.0,Nordeste
CONTR_2026_05561,Vertice Asset e Cobranca,2026-03-18,99,2330.1,Acordo Firmado,88.0,Sul
CONTR_2026_05562,Vertice Asset e Cobranca,2026-04-10,84,13651.66,Em Aberto,61.0,Nordeste
CONTR_2026_05563,Vertice Asset e Cobranca,2026-03-11,123,1927.09,Acordo Firmado,54.0,Nordeste
CONTR_2026_05564,Vertice Asset e Cobranca,2026-04-12,116,3543.32,Em Aberto,75.0,Nordeste
CONTR_2026_05565,Fenix Recuperacao de Credito,2026-04-06,125,4208.39,Em Aberto,86.0,Nordeste
CONTR_2026_05566,Fenix Recuperacao de Credito,2026-01-21,58,1594.65,Ajuizado,37.0,Nordeste
CONTR_2026_05567,Nexus Mediacao Financeira,2026-04-18,57,3334.52,Ajuizado,67.0,Nordeste
CONTR_2026_05568,Acerta Credito Integrado,2026-04-18,104,1737.26,Insucesso,81.0,Sudeste
CONTR_2026_05569,Acerta Credito Integrado,2026-04-23,87,8997.87,Insucesso,40.0,Norte
CONTR_2026_05570,Vertice Asset e Cobranca,2026-01-07,97,1439.8,Insucesso,20.0,Sul
CONTR_2026_05571,Vertice Asset e Cobranca,2026-03-31,56,1286.43,Em Aberto,35.0,Nordeste
CONTR_2026_05572,Fenix Recuperacao de Credito,2026-03-20,46,7793.15,Em Aberto,40.0,Sul
CONTR_2026_05573,Acerta Credito Integrado,2026-02-25,96,8789.96,Insucesso,79.0,Sudeste
CONTR_2026_05574,Nexus Mediacao Financeira,2026-02-18,67,4622.23,Em Aberto,75.0,Sul
CONTR_2026_05575,Nexus Mediacao Financeira,2026-02-11,111,3112.69,Em Aberto,13.0,Sudeste
CONTR_2026_05576,Fenix Recuperacao de Credito,2026-01-23,71,2548.9,Acordo Firmado,90.0,Nordeste
CONTR_2026_05577,Nexus Mediacao Financeira,2026-02-21,63,1822.31,Acordo Firmado,23.0,Sul
CONTR_2026_05578,Vertice Asset e Cobranca,2026-04-12,22,4510.47,Em Aberto,13.0,Sul
CONTR_2026_05579,Fenix Recuperacao de Credito,2026-04-15,127,4577.41,Ajuizado,48.0,Nordeste
CONTR_2026_05580,Vertice Asset e Cobranca,2026-03-20,110,4243.67,Insucesso,50.0,Nordeste
CONTR_2026_05581,Fenix Recuperacao de Credito,2026-04-22,45,8731.31,Acordo Firmado,80.0,Sudeste
CONTR_2026_05582,Vertice Asset e Cobranca,2026-02-22,30,1725.56,Em Aberto,78.0,Centro-Oeste
CONTR_2026_05583,Acerta Credito Integrado,2026-04-14,72,6743.47,Em Aberto,52.0,Nordeste
CONTR_2026_05584,Acerta Credito Integrado,2026-01-16,118,3767.21,Em Aberto,98.0,Sudeste
CONTR_2026_05585,Vertice Asset e Cobranca,2026-04-06,74,2578.44,Acordo Firmado,93.0,Nordeste
CONTR_2026_05586,Fenix Recuperacao de Credito,2026-02-06,83,6922.14,Acordo Firmado,92.0,Nordeste
CONTR_2026_05587,Vertice Asset e Cobranca,2026-01-18,119,2301.23,Em Aberto,27.0,Nordeste
CONTR_2026_05588,Vertice Asset e Cobranca,2026-01-20,60,2512.78,Insucesso,38.0,Nordeste
CONTR_2026_05589,Fenix Recuperacao de Credito,2026-02-15,69,33865.99,Acordo Firmado,77.0,Nordeste
CONTR_2026_05590,Nexus Mediacao Financeira,2026-01-02,96,12176.23,Acordo Firmado,67.0,Sudeste
CONTR_2026_05591,Vertice Asset e Cobranca,2026-04-29,81,7172.41,Em Aberto,69.0,Centro-Oeste
CONTR_2026_05592,Nexus Mediacao Financeira,2026-03-28,63,3097.25,Insucesso,59.0,Nordeste
CONTR_2026_05593,Fenix Recuperacao de Credito,2026-04-04,111,5047.1,Acordo Firmado,80.0,Sudeste
CONTR_2026_05594,Vertice Asset e Cobranca,2026-03-04,105,1876.9,Em Aberto,31.0,Sudeste
CONTR_2026_05595,Vertice Asset e Cobranca,2026-01-03,114,3231.96,Acordo Firmado,86.0,Sudeste
CONTR_2026_05596,Vertice Asset e Cobranca,2026-02-15,85,1551.95,Em Aberto,3.0,Nordeste
CONTR_2026_05597,Vertice Asset e Cobranca,2026-04-13,37,5912.13,Ajuizado,69.0,Sudeste
CONTR_2026_05598,Nexus Mediacao Financeira,2026-04-21,90,10941.92,Acordo Firmado,67.0,Nordeste
CONTR_2026_05599,Nexus Mediacao Financeira,2026-02-18,54,9491.86,Em Aberto,79.0,Centro-Oeste
CONTR_2026_05600,Acerta Credito Integrado,2026-01-01,29,10892.53,Ajuizado,98.0,Sudeste
CONTR_2026_05601,Vertice Asset e Cobranca,2026-04-15,81,2159.43,Em Aberto,15.0,Sudeste
CONTR_2026_05602,Vertice Asset e Cobranca,2026-01-22,93,6450.32,Acordo Firmado,27.0,Nordeste
CONTR_2026_05603,Fenix Recuperacao de Credito,2026-04-03,137,16902.87,Ajuizado,77.0,Nordeste
CONTR_2026_05604,Nexus Mediacao Financeira,2026-01-14,53,8845.08,Em Aberto,98.0,Sul
CONTR_2026_05605,Fenix Recuperacao de Credito,2026-04-22,110,1216.98,Insucesso,18.0,Sudeste
CONTR_2026_05606,Nexus Mediacao Financeira,2026-04-02,42,11898.36,Acordo Firmado,10.0,Nordeste
CONTR_2026_05607,Acerta Credito Integrado,2026-03-26,128,7317.13,Em Aberto,32.0,Sudeste
CONTR_2026_05608,Acerta Credito Integrado,2026-02-14,68,1850.9,Em Aberto,68.0,Norte
CONTR_2026_05609,Vertice Asset e Cobranca,2026-04-06,79,3083.1,Acordo Firmado,66.0,Nordeste
CONTR_2026_05610,Vertice Asset e Cobranca,2026-01-06,80,1825.07,Em Aberto,30.0,Norte
CONTR_2026_05611,Fenix Recuperacao de Credito,2026-04-28,112,7743.16,Em Aberto,52.0,Sul
CONTR_2026_05612,Nexus Mediacao Financeira,2026-03-06,46,1217.65,Acordo Firmado,95.0,Nordeste
CONTR_2026_05613,Acerta Credito Integrado,2026-01-21,84,4322.98,Em Aberto,57.0,Sul
CONTR_2026_05614,Fenix Recuperacao de Credito,2026-01-04,70,44015.49,Em Aberto,46.0,Sul
CONTR_2026_05615,Vertice Asset e Cobranca,2026-01-03,155,10723.43,Em Aberto,3.0,Sudeste
CONTR_2026_05616,Acerta Credito Integrado,2026-04-23,57,5624.22,Em Aberto,63.0,Sul
CONTR_2026_05617,Acerta Credito Integrado,2026-01-30,15,7119.77,Em Aberto,44.0,Nordeste
CONTR_2026_05618,Fenix Recuperacao de Credito,2026-01-31,140,5827.15,Insucesso,69.0,Sul
CONTR_2026_05619,Nexus Mediacao Financeira,2026-02-03,104,9525.97,Acordo Firmado,98.0,Sudeste
CONTR_2026_05620,Fenix Recuperacao de Credito,2026-03-24,66,12057.12,Acordo Firmado,78.0,Nordeste
CONTR_2026_05621,Fenix Recuperacao de Credito,2026-01-20,89,8474.84,Acordo Firmado,55.0,Sudeste
CONTR_2026_05622,Fenix Recuperacao de Credito,2026-03-28,65,2204.24,Em Aberto,58.0,Sudeste
CONTR_2026_05623,Acerta Credito Integrado,2026-02-23,31,3530.23,Ajuizado,62.0,Nordeste
CONTR_2026_05624,Acerta Credito Integrado,2026-04-14,85,8871.84,Em Aberto,7.0,Nordeste
CONTR_2026_05625,Fenix Recuperacao de Credito,2026-01-25,84,9863.05,Ajuizado,79.0,Sudeste
CONTR_2026_05626,Acerta Credito Integrado,2026-01-15,100,6155.11,Em Aberto,19.0,Sudeste
CONTR_2026_05627,Vertice Asset e Cobranca,2026-02-07,60,7461.36,Em Aberto,19.0,Sul
CONTR_2026_05628,Vertice Asset e Cobranca,2026-01-23,66,2158.82,Insucesso,81.0,Sudeste
CONTR_2026_05629,Nexus Mediacao Financeira,2026-02-21,78,3531.38,Em Aberto,48.0,Sul
CONTR_2026_05630,Fenix Recuperacao de Credito,2026-03-07,60,5024.68,Em Aberto,77.0,Sudeste
CONTR_2026_05631,Acerta Credito Integrado,2026-02-26,124,21785.53,Em Aberto,57.0,Nordeste
CONTR_2026_05632,Nexus Mediacao Financeira,2026-02-26,115,9227.62,Acordo Firmado,21.0,Sudeste
CONTR_2026_05633,Fenix Recuperacao de Credito,2026-03-20,74,2269.8,Em Aberto,1.0,Centro-Oeste
CONTR_2026_05634,Fenix Recuperacao de Credito,2026-02-21,106,3372.46,Acordo Firmado,82.0,Sudeste
CONTR_2026_05635,Fenix Recuperacao de Credito,2026-04-18,52,2422.46,Em Aberto,24.0,Sul
CONTR_2026_05636,Fenix Recuperacao de Credito,2026-02-04,76,2025.9,Em Aberto,30.0,Sul
CONTR_2026_05637,Nexus Mediacao Financeira,2026-03-15,133,1839.05,Em Aberto,62.0,Sudeste
CONTR_2026_05638,Acerta Credito Integrado,2026-01-14,109,18063.49,Acordo Firmado,71.0,Nordeste
CONTR_2026_05639,Fenix Recuperacao de Credito,2026-04-01,98,13056.12,Em Aberto,27.0,Centro-Oeste
CONTR_2026_05640,Fenix Recuperacao de Credito,2026-04-28,79,4500.92,Insucesso,52.0,Sul
CONTR_2026_05641,Nexus Mediacao Financeira,2026-01-14,88,5176.39,Em Aberto,27.0,Centro-Oeste
CONTR_2026_05642,Acerta Credito Integrado,2026-04-09,45,10320.05,Acordo Firmado,67.0,Sul
CONTR_2026_05643,Vertice Asset e Cobranca,2026-02-02,80,6432.54,Em Aberto,80.0,Nordeste
CONTR_2026_05644,Vertice Asset e Cobranca,2026-02-21,101,7796.13,Acordo Firmado,4.0,Sudeste
CONTR_2026_05645,Nexus Mediacao Financeira,2026-01-01,89,9030.5,Em Aberto,45.0,Nordeste
CONTR_2026_05646,Vertice Asset e Cobranca,2026-02-03,89,4498.84,Em Aberto,57.0,Nordeste
CONTR_2026_05647,Fenix Recuperacao de Credito,2026-01-19,70,19603.15,Insucesso,1.0,Sul
CONTR_2026_05648,Acerta Credito Integrado,2026-01-24,62,6149.22,Acordo Firmado,97.0,Sudeste
CONTR_2026_05649,Nexus Mediacao Financeira,2026-04-16,60,6218.58,Acordo Firmado,44.0,Nordeste
CONTR_2026_05650,Nexus Mediacao Financeira,2026-01-04,82,1960.19,Acordo Firmado,90.0,Sudeste
CONTR_2026_05651,Acerta Credito Integrado,2026-02-05,112,23205.93,Em Aberto,67.0,Nordeste
CONTR_2026_05652,Nexus Mediacao Financeira,2026-03-18,9999,1567.02,Ajuizado,4.0,Nordeste
CONTR_2026_05653,Fenix Recuperacao de Credito,2026-02-27,91,22415.27,Em Aberto,33.0,Sudeste
CONTR_2026_05654,Vertice Asset e Cobranca,2026-02-01,90,13271.25,Acordo Firmado,50.0,Sudeste
CONTR_2026_05655,Fenix Recuperacao de Credito,2026-01-09,117,10904.32,Em Aberto,5.0,Nordeste
CONTR_2026_05656,Fenix Recuperacao de Credito,2026-04-13,90,6798.14,Acordo Firmado,93.0,Norte
CONTR_2026_05657,Nexus Mediacao Financeira,2026-03-21,45,5893.42,Acordo Firmado,52.0,Sudeste
CONTR_2026_05658,Acerta Credito Integrado,2026-04-24,153,29649.42,Em Aberto,11.0,Nordeste
CONTR_2026_05659,Vertice Asset e Cobranca,2026-03-08,119,19447.81,Em Aberto,3.0,Sudeste
CONTR_2026_05660,Nexus Mediacao Financeira,2026-04-26,104,9552.13,Em Aberto,18.0,Sudeste
CONTR_2026_05661,Fenix Recuperacao de Credito,2026-01-20,72,1654.34,Em Aberto,30.0,Nordeste
CONTR_2026_05662,Fenix Recuperacao de Credito,2026-03-15,80,3527.4,Acordo Firmado,81.0,Nordeste
CONTR_2026_05663,Acerta Credito Integrado,2026-04-30,47,11246.88,Acordo Firmado,46.0,Sudeste
CONTR_2026_05664,Nexus Mediacao Financeira,2026-03-03,79,7262.05,Acordo Firmado,94.0,Nordeste
CONTR_2026_05665,Nexus Mediacao Financeira,2026-02-27,95,1850.57,Em Aberto,94.0,Nordeste
CONTR_2026_05666,Acerta Credito Integrado,2026-01-22,89,3340.46,Insucesso,97.0,Sudeste
CONTR_2026_05667,Acerta Credito Integrado,2026-04-22,142,1298.08,Acordo Firmado,17.0,Sudeste
CONTR_2026_05668,Acerta Credito Integrado,2026-03-08,110,12365.45,Em Aberto,39.0,Nordeste
CONTR_2026_05669,Fenix Recuperacao de Credito,2026-03-16,119,8071.93,Acordo Firmado,80.0,Sul
CONTR_2026_05670,Acerta Credito Integrado,2026-03-30,106,4062.27,Em Aberto,33.0,Nordeste
CONTR_2026_05671,Acerta Credito Integrado,2026-04-16,94,8343.67,Ajuizado,66.0,Nordeste
CONTR_2026_05672,Vertice Asset e Cobranca,2026-02-17,103,14746.92,Acordo Firmado,66.0,Nordeste
CONTR_2026_05673,Nexus Mediacao Financeira,2026-01-08,30,2841.77,Acordo Firmado,88.0,Sul
CONTR_2026_05674,Vertice Asset e Cobranca,2026-03-14,82,2883.08,Em Aberto,5.0,Sudeste
CONTR_2026_05675,Vertice Asset e Cobranca,2026-01-15,48,4495.19,Acordo Firmado,36.0,Nordeste
CONTR_2026_05676,Fenix Recuperacao de Credito,2026-02-01,54,7336.2,Ajuizado,3.0,Sudeste
CONTR_2026_05677,Nexus Mediacao Financeira,2026-02-22,125,26036.04,Em Aberto,32.0,Sudeste
CONTR_2026_05678,Fenix Recuperacao de Credito,2026-03-08,57,2089.25,Em Aberto,14.0,Nordeste
CONTR_2026_05679,Acerta Credito Integrado,2026-01-04,50,3293.78,Ajuizado,38.0,Sudeste
CONTR_2026_05680,Fenix Recuperacao de Credito,2026-01-30,101,3458.38,Acordo Firmado,5.0,Nordeste
CONTR_2026_05681,Fenix Recuperacao de Credito,2026-01-13,87,7669.92,Ajuizado,46.0,Nordeste
CONTR_2026_05682,Vertice Asset e Cobranca,2026-04-18,103,12084.07,Acordo Firmado,90.0,Sul
CONTR_2026_05683,Fenix Recuperacao de Credito,2026-01-21,142,2215.45,Acordo Firmado,56.0,Sudeste
CONTR_2026_05684,Fenix Recuperacao de Credito,2026-02-10,-999,7452.71,Em Aberto,81.0,Sudeste
CONTR_2026_05685,Fenix Recuperacao de Credito,2026-04-20,43,13218.77,Em Aberto,60.0,Sul
CONTR_2026_05686,Acerta Credito Integrado,2026-01-19,117,1846.53,Acordo Firmado,83.0,Nordeste
CONTR_2026_05687,Nexus Mediacao Financeira,2026-04-13,83,6240.11,Insucesso,75.0,Nordeste
CONTR_2026_05688,Fenix Recuperacao de Credito,2026-02-17,95,2330.64,Em Aberto,7.0,Norte
CONTR_2026_05689,Fenix Recuperacao de Credito,2026-03-27,40,4109.29,Insucesso,13.0,Nordeste
CONTR_2026_05690,Nexus Mediacao Financeira,2026-03-04,105,1878.0,Insucesso,25.0,Sudeste
CONTR_2026_05691,Fenix Recuperacao de Credito,2026-01-20,50,6954.04,Acordo Firmado,12.0,Norte
CONTR_2026_05692,Fenix Recuperacao de Credito,2026-03-05,106,3765.6,Insucesso,31.0,Nordeste
CONTR_2026_05693,Nexus Mediacao Financeira,2026-02-06,68,5388.01,Acordo Firmado,92.0,Nordeste
CONTR_2026_05694,Nexus Mediacao Financeira,2026-01-31,-999,4906.88,Acordo Firmado,15.0,Sudeste
CONTR_2026_05695,Acerta Credito Integrado,2026-03-15,51,7120.6,Acordo Firmado,97.0,Norte
CONTR_2026_05696,Vertice Asset e Cobranca,2026-01-18,43,12496.59,Insucesso,11.0,Nordeste
CONTR_2026_05697,Vertice Asset e Cobranca,2026-04-17,73,2840.78,Insucesso,32.0,Sudeste
CONTR_2026_05698,Vertice Asset e Cobranca,2026-04-13,97,5721.4,Ajuizado,80.0,Norte
CONTR_2026_05699,Vertice Asset e Cobranca,2026-04-20,55,5463.84,Em Aberto,9.0,Nordeste
CONTR_2026_05700,Vertice Asset e Cobranca,2026-01-20,96,3092.74,Acordo Firmado,52.0,Nordeste
CONTR_2026_05701,Vertice Asset e Cobranca,2026-03-23,116,4661.6,Acordo Firmado,41.0,Nordeste
CONTR_2026_05702,Vertice Asset e Cobranca,2026-01-11,50,1406.47,Acordo Firmado,12.0,Norte
CONTR_2026_05703,Nexus Mediacao Financeira,2026-03-27,96,3983.76,Acordo Firmado,83.0,Nordeste
CONTR_2026_05704,Vertice Asset e Cobranca,2026-02-13,106,2777.16,Em Aberto,78.0,Nordeste
CONTR_2026_05705,Fenix Recuperacao de Credito,2026-03-23,84,11174.61,Ajuizado,12.0,Sul
CONTR_2026_05706,Vertice Asset e Cobranca,2026-03-05,87,3414.21,Insucesso,64.0,Sudeste
CONTR_2026_05707,Acerta Credito Integrado,2026-02-03,47,2267.26,Em Aberto,88.0,Sudeste
CONTR_2026_05708,Fenix Recuperacao de Credito,2026-03-28,103,4971.62,Acordo Firmado,73.0,Sudeste
CONTR_2026_05709,Nexus Mediacao Financeira,2026-03-06,91,9529.1,Acordo Firmado,85.0,Sudeste
CONTR_2026_05710,Fenix Recuperacao de Credito,2026-02-24,94,3385.13,Insucesso,12.0,Sudeste
CONTR_2026_05711,Fenix Recuperacao de Credito,2026-03-15,151,10581.05,Acordo Firmado,51.0,Norte
CONTR_2026_05712,Vertice Asset e Cobranca,2026-04-27,83,3173.59,Acordo Firmado,5.0,Nordeste
CONTR_2026_05713,Vertice Asset e Cobranca,2026-01-01,99,7851.42,Insucesso,9.0,Norte
CONTR_2026_05714,Fenix Recuperacao de Credito,2026-02-07,128,1812.26,Acordo Firmado,57.0,Nordeste
CONTR_2026_05715,Nexus Mediacao Financeira,2026-04-13,88,1521.1,Acordo Firmado,20.0,Nordeste
CONTR_2026_05716,Vertice Asset e Cobranca,2026-04-23,68,7888.97,Em Aberto,70.0,Sudeste
CONTR_2026_05717,Fenix Recuperacao de Credito,2026-01-09,101,3497.48,Insucesso,13.0,Centro-Oeste
CONTR_2026_05718,Vertice Asset e Cobranca,2026-04-05,69,3696.09,Acordo Firmado,80.0,Sudeste
CONTR_2026_05719,Fenix Recuperacao de Credito,2026-03-12,9999,5468.37,Acordo Firmado,84.0,Nordeste
CONTR_2026_05720,Fenix Recuperacao de Credito,2026-01-17,105,22864.34,Acordo Firmado,5.0,Sudeste
CONTR_2026_05721,Fenix Recuperacao de Credito,2026-04-09,64,2140.75,Em Aberto,43.0,Sudeste
CONTR_2026_05722,Vertice Asset e Cobranca,2026-04-22,52,2982.33,Acordo Firmado,81.0,Sudeste
CONTR_2026_05723,Acerta Credito Integrado,2026-04-11,94,6430.63,Em Aberto,54.0,Nordeste
CONTR_2026_05724,Fenix Recuperacao de Credito,2026-02-21,97,7235.94,Ajuizado,62.0,Sudeste
CONTR_2026_05725,Fenix Recuperacao de Credito,2026-01-18,52,7323.35,Em Aberto,10.0,Sudeste
CONTR_2026_05726,Nexus Mediacao Financeira,2026-03-04,113,5724.35,Em Aberto,30.0,Nordeste
CONTR_2026_05727,Fenix Recuperacao de Credito,2026-02-02,109,5637.11,Em Aberto,7.0,Centro-Oeste
CONTR_2026_05728,Fenix Recuperacao de Credito,2026-01-04,100,2001.47,Ajuizado,57.0,Sudeste
CONTR_2026_05729,Fenix Recuperacao de Credito,2026-03-28,112,10197.71,Em Aberto,11.0,Nordeste
CONTR_2026_05730,Fenix Recuperacao de Credito,2026-03-16,60,1244.68,Em Aberto,72.0,Centro-Oeste
CONTR_2026_05731,Acerta Credito Integrado,2026-02-21,62,3902.79,Acordo Firmado,51.0,Sudeste
CONTR_2026_05732,Vertice Asset e Cobranca,2026-01-09,82,2412.97,Em Aberto,64.0,Sudeste
CONTR_2026_05733,Nexus Mediacao Financeira,2026-03-05,70,1750.97,Insucesso,31.0,Sudeste
CONTR_2026_05734,Nexus Mediacao Financeira,2026-01-30,105,3124.57,Ajuizado,1.0,Norte
CONTR_2026_05735,Nexus Mediacao Financeira,2026-01-08,114,6552.86,Acordo Firmado,89.0,Centro-Oeste
CONTR_2026_05736,Nexus Mediacao Financeira,2026-04-14,68,4636.65,Em Aberto,58.0,Nordeste
CONTR_2026_05737,Nexus Mediacao Financeira,2026-01-05,63,11538.59,Em Aberto,92.0,Nordeste
CONTR_2026_05738,Vertice Asset e Cobranca,2026-03-17,115,5777.52,Em Aberto,87.0,Sudeste
CONTR_2026_05739,Fenix Recuperacao de Credito,2026-03-04,60,2659.35,Em Aberto,51.0,Nordeste
CONTR_2026_05740,Vertice Asset e Cobranca,2026-01-01,81,4820.31,Acordo Firmado,93.0,Sudeste
CONTR_2026_05741,Acerta Credito Integrado,2026-01-15,59,2489.88,Em Aberto,22.0,Nordeste
CONTR_2026_05742,Nexus Mediacao Financeira,2026-03-30,72,2184.07,Acordo Firmado,74.0,Centro-Oeste
CONTR_2026_05743,Acerta Credito Integrado,2026-03-23,44,16707.75,Em Aberto,46.0,Nordeste
CONTR_2026_05744,Vertice Asset e Cobranca,2026-02-07,128,4355.87,Em Aberto,17.0,Nordeste
CONTR_2026_05745,Fenix Recuperacao de Credito,2026-02-11,120,6466.4,Em Aberto,13.0,Nordeste
CONTR_2026_05746,Nexus Mediacao Financeira,2026-02-15,65,11534.89,Acordo Firmado,80.0,Nordeste
CONTR_2026_05747,Nexus Mediacao Financeira,2026-02-22,103,3144.35,Acordo Firmado,76.0,Sudeste
CONTR_2026_05748,Vertice Asset e Cobranca,2026-01-26,46,8980.08,Acordo Firmado,79.0,Sudeste
CONTR_2026_05749,Vertice Asset e Cobranca,2026-03-02,108,8975.39,Acordo Firmado,39.0,Sul
CONTR_2026_05750,Nexus Mediacao Financeira,2026-04-14,63,9886.69,Em Aberto,19.0,Nordeste
CONTR_2026_05751,Fenix Recuperacao de Credito,2026-03-08,126,2250.3,Ajuizado,51.0,Sul
CONTR_2026_05752,Acerta Credito Integrado,2026-02-23,105,17662.64,Em Aberto,61.0,Nordeste
CONTR_2026_05753,Fenix Recuperacao de Credito,2026-01-22,79,2806.41,Acordo Firmado,96.0,Sudeste
CONTR_2026_05754,Acerta Credito Integrado,2026-01-26,77,8698.77,Em Aberto,5.0,Nordeste
CONTR_2026_05755,Fenix Recuperacao de Credito,2026-03-24,94,2085.51,Ajuizado,57.0,Sul
CONTR_2026_05756,Vertice Asset e Cobranca,2026-04-18,62,14100.07,Em Aberto,47.0,Sul
CONTR_2026_05757,Nexus Mediacao Financeira,2026-04-18,123,3991.73,Insucesso,79.0,Nordeste
CONTR_2026_05758,Vertice Asset e Cobranca,2026-04-21,99,6722.95,Acordo Firmado,32.0,Centro-Oeste
CONTR_2026_05759,Vertice Asset e Cobranca,2026-03-01,118,10692.0,Acordo Firmado,1.0,Nordeste
CONTR_2026_05760,Vertice Asset e Cobranca,2026-02-08,16,2859.12,Acordo Firmado,79.0,Centro-Oeste
CONTR_2026_05761,Acerta Credito Integrado,2026-02-05,90,3663.26,Acordo Firmado,35.0,Nordeste
CONTR_2026_05762,Fenix Recuperacao de Credito,2026-01-21,97,3079.94,Acordo Firmado,84.0,Nordeste
CONTR_2026_05763,Fenix Recuperacao de Credito,2026-02-10,89,2862.49,Em Aberto,31.0,Centro-Oeste
CONTR_2026_05764,Fenix Recuperacao de Credito,2026-04-28,90,4769.83,Em Aberto,20.0,Nordeste
CONTR_2026_05765,Acerta Credito Integrado,2026-02-17,80,5156.5,Acordo Firmado,47.0,Sul
CONTR_2026_05766,Acerta Credito Integrado,2026-01-26,157,1599.67,Em Aberto,24.0,Sudeste
CONTR_2026_05767,Vertice Asset e Cobranca,2026-03-04,97,6793.46,Em Aberto,40.0,Norte
CONTR_2026_05768,Fenix Recuperacao de Credito,2026-03-18,93,3923.65,Acordo Firmado,74.0,Norte
CONTR_2026_05769,Vertice Asset e Cobranca,2026-02-05,118,12215.03,Acordo Firmado,78.0,Sudeste
CONTR_2026_05770,Fenix Recuperacao de Credito,2026-01-24,73,12036.88,Acordo Firmado,99.0,Sudeste
CONTR_2026_05771,Nexus Mediacao Financeira,2026-04-15,51,7566.49,Em Aberto,64.0,Nordeste
CONTR_2026_05772,Acerta Credito Integrado,2026-03-31,117,10813.32,Ajuizado,93.0,Nordeste
CONTR_2026_05773,Vertice Asset e Cobranca,2026-01-21,79,13988.3,Em Aberto,73.0,Sudeste
CONTR_2026_05774,Acerta Credito Integrado,2026-01-18,130,5505.8,Acordo Firmado,10.0,Nordeste
CONTR_2026_05775,Fenix Recuperacao de Credito,2026-01-15,128,19061.06,Insucesso,61.0,Nordeste
CONTR_2026_05776,Vertice Asset e Cobranca,2026-03-20,20,16749.98,Ajuizado,2.0,Nordeste
CONTR_2026_05777,Nexus Mediacao Financeira,2026-01-06,92,1782.01,Em Aberto,23.0,Nordeste
CONTR_2026_05778,Fenix Recuperacao de Credito,2026-02-12,122,4898.63,Em Aberto,82.0,Sul
CONTR_2026_05779,Acerta Credito Integrado,2026-01-31,37,1807.83,Acordo Firmado,65.0,Nordeste
CONTR_2026_05780,Fenix Recuperacao de Credito,2026-01-28,100,6962.18,Acordo Firmado,58.0,Centro-Oeste
CONTR_2026_05781,Nexus Mediacao Financeira,2026-01-08,109,8446.72,Acordo Firmado,11.0,Nordeste
CONTR_2026_05782,Vertice Asset e Cobranca,2026-01-29,88,12000.13,Em Aberto,36.0,Nordeste
CONTR_2026_05783,Nexus Mediacao Financeira,2026-01-21,88,6449.25,Em Aberto,97.0,Nordeste
CONTR_2026_05784,Fenix Recuperacao de Credito,2026-03-22,125,4225.62,Ajuizado,63.0,Sul
CONTR_2026_05785,Fenix Recuperacao de Credito,2026-04-30,45,2047.64,Em Aberto,36.0,Sul
CONTR_2026_05786,Fenix Recuperacao de Credito,2026-04-23,114,1868.25,Insucesso,57.0,Nordeste
CONTR_2026_05787,Vertice Asset e Cobranca,2026-03-29,103,4524.42,Acordo Firmado,88.0,Nordeste
CONTR_2026_05788,Acerta Credito Integrado,2026-02-27,129,10135.28,Em Aberto,89.0,Sul
CONTR_2026_05789,Vertice Asset e Cobranca,2026-03-01,61,8145.87,Em Aberto,23.0,Sudeste
CONTR_2026_05790,Fenix Recuperacao de Credito,2026-02-19,134,11834.84,Em Aberto,54.0,Sudeste
CONTR_2026_05791,Vertice Asset e Cobranca,2026-04-10,48,9529.78,Em Aberto,63.0,Sudeste
CONTR_2026_05792,Nexus Mediacao Financeira,2026-01-31,80,2350.0,Em Aberto,86.0,Sudeste
CONTR_2026_05793,Vertice Asset e Cobranca,2026-02-16,55,2317.75,Ajuizado,33.0,Sudeste
CONTR_2026_05794,Fenix Recuperacao de Credito,2026-02-03,111,4262.57,Insucesso,47.0,Sul
CONTR_2026_05795,Nexus Mediacao Financeira,2026-01-02,67,2260.74,Acordo Firmado,51.0,Norte
CONTR_2026_05796,Acerta Credito Integrado,2026-04-16,124,2238.04,Ajuizado,34.0,Sudeste
CONTR_2026_05797,Fenix Recuperacao de Credito,2026-03-08,39,2758.36,Em Aberto,23.0,Nordeste
CONTR_2026_05798,Vertice Asset e Cobranca,2026-04-04,76,1314.13,Em Aberto,90.0,Norte
CONTR_2026_05799,Vertice Asset e Cobranca,2026-03-13,143,5435.49,Acordo Firmado,86.0,Sul
CONTR_2026_05800,Fenix Recuperacao de Credito,2026-02-21,67,3725.93,Ajuizado,67.0,Sudeste
CONTR_2026_05801,Vertice Asset e Cobranca,2026-01-07,121,2555.08,Ajuizado,4.0,Sudeste
CONTR_2026_05802,Fenix Recuperacao de Credito,2026-03-17,110,1920.64,Acordo Firmado,97.0,Sul
CONTR_2026_05803,Vertice Asset e Cobranca,2026-01-19,50,4242.65,Acordo Firmado,51.0,Sul
CONTR_2026_05804,Acerta Credito Integrado,2026-03-31,96,5805.99,Em Aberto,84.0,Sul
CONTR_2026_05805,Vertice Asset e Cobranca,2026-04-02,135,19311.22,Ajuizado,96.0,Norte
CONTR_2026_05806,Fenix Recuperacao de Credito,2026-01-15,77,2663.97,Acordo Firmado,53.0,Sudeste
CONTR_2026_05807,Vertice Asset e Cobranca,2026-03-19,69,1333.44,Em Aberto,15.0,Nordeste
CONTR_2026_05808,Vertice Asset e Cobranca,2026-02-17,99,7859.32,Em Aberto,89.0,Sudeste
CONTR_2026_05809,Nexus Mediacao Financeira,2026-01-14,-999,2540.51,Em Aberto,17.0,Sul
CONTR_2026_05810,Vertice Asset e Cobranca,2026-01-03,45,4510.8,Acordo Firmado,22.0,Sudeste
CONTR_2026_05811,Fenix Recuperacao de Credito,2026-02-19,83,9457.17,Em Aberto,34.0,Centro-Oeste
CONTR_2026_05812,Vertice Asset e Cobranca,2026-04-03,75,1388.39,Em Aberto,33.0,Nordeste
CONTR_2026_05813,Acerta Credito Integrado,2026-02-23,85,1962.96,Em Aberto,25.0,Sul
CONTR_2026_05814,Vertice Asset e Cobranca,2026-01-06,17,1716.68,Em Aberto,14.0,Nordeste
CONTR_2026_05815,Fenix Recuperacao de Credito,2026-02-18,100,2531.08,Ajuizado,50.0,Sul
CONTR_2026_05816,Fenix Recuperacao de Credito,2026-01-23,40,2149.95,Insucesso,30.0,Sudeste
CONTR_2026_05817,Fenix Recuperacao de Credito,2026-04-02,112,3103.39,Insucesso,86.0,Sudeste
CONTR_2026_05818,Nexus Mediacao Financeira,2026-03-19,122,8058.1,Em Aberto,22.0,Sudeste
CONTR_2026_05819,Fenix Recuperacao de Credito,2026-03-19,30,1416.33,Acordo Firmado,83.0,Sul
CONTR_2026_05820,Vertice Asset e Cobranca,2026-01-20,128,1583.13,Em Aberto,4.0,Nordeste
CONTR_2026_05821,Acerta Credito Integrado,2026-03-18,86,5354.28,Insucesso,72.0,Sul
CONTR_2026_05822,Vertice Asset e Cobranca,2026-04-01,122,4872.55,Insucesso,45.0,Sudeste
CONTR_2026_05823,Acerta Credito Integrado,2026-03-01,117,4412.98,Insucesso,74.0,Nordeste
CONTR_2026_05824,Acerta Credito Integrado,2026-04-09,46,4827.41,Em Aberto,28.0,Sul
CONTR_2026_05825,Fenix Recuperacao de Credito,2026-02-14,64,7974.73,Em Aberto,51.0,Nordeste
CONTR_2026_05826,Vertice Asset e Cobranca,2026-03-02,138,5491.45,Acordo Firmado,51.0,Nordeste
CONTR_2026_05827,Nexus Mediacao Financeira,2026-02-25,52,4252.98,Em Aberto,85.0,Sudeste
CONTR_2026_05828,Fenix Recuperacao de Credito,2026-01-02,100,1626.43,Insucesso,65.0,Sudeste
CONTR_2026_05829,Vertice Asset e Cobranca,2026-04-15,67,19598.83,Acordo Firmado,37.0,Nordeste
CONTR_2026_05830,Nexus Mediacao Financeira,2026-02-14,62,2567.8,Em Aberto,54.0,Sudeste
CONTR_2026_05831,Vertice Asset e Cobranca,2026-02-09,89,11368.82,Ajuizado,98.0,Sudeste
CONTR_2026_05832,Vertice Asset e Cobranca,2026-04-22,155,3581.94,Acordo Firmado,11.0,Sudeste
CONTR_2026_05833,Acerta Credito Integrado,2026-01-24,113,6959.06,Acordo Firmado,16.0,Nordeste
CONTR_2026_05834,Vertice Asset e Cobranca,2026-01-29,58,4226.87,Em Aberto,78.0,Nordeste
CONTR_2026_05835,Acerta Credito Integrado,2026-03-08,95,3386.04,Acordo Firmado,65.0,Nordeste
CONTR_2026_05836,Nexus Mediacao Financeira,2026-04-19,34,5963.54,Ajuizado,95.0,Nordeste
CONTR_2026_05837,Acerta Credito Integrado,2026-03-09,22,5040.5,Em Aberto,44.0,Nordeste
CONTR_2026_05838,Vertice Asset e Cobranca,2026-04-24,95,2522.64,Em Aberto,51.0,Sudeste
CONTR_2026_05839,Nexus Mediacao Financeira,2026-03-07,111,3249.19,Acordo Firmado,76.0,Nordeste
CONTR_2026_05840,Nexus Mediacao Financeira,2026-03-25,136,1374.91,Acordo Firmado,27.0,Norte
CONTR_2026_05841,Vertice Asset e Cobranca,2026-02-23,101,2275.78,Em Aberto,81.0,Sudeste
CONTR_2026_05842,Fenix Recuperacao de Credito,2026-02-22,90,3246.11,Em Aberto,80.0,Sudeste
CONTR_2026_05843,Fenix Recuperacao de Credito,2026-03-20,79,19099.46,Em Aberto,1.0,Nordeste
CONTR_2026_05844,Fenix Recuperacao de Credito,2026-02-18,105,4944.24,Em Aberto,30.0,Sudeste
CONTR_2026_05845,Acerta Credito Integrado,2026-02-01,53,7233.15,Em Aberto,64.0,Nordeste
CONTR_2026_05846,Fenix Recuperacao de Credito,2026-03-02,69,6798.16,Insucesso,37.0,Centro-Oeste
CONTR_2026_05847,Fenix Recuperacao de Credito,2026-02-11,54,20987.18,Em Aberto,23.0,Nordeste
CONTR_2026_05848,Acerta Credito Integrado,2026-01-01,74,5255.89,Acordo Firmado,27.0,Nordeste
CONTR_2026_05849,Vertice Asset e Cobranca,2026-03-04,68,5603.34,Acordo Firmado,80.0,Sul
CONTR_2026_05850,Nexus Mediacao Financeira,2026-04-12,66,2983.88,Acordo Firmado,88.0,Centro-Oeste
CONTR_2026_05851,Fenix Recuperacao de Credito,2026-02-04,-999,6119.07,Acordo Firmado,28.0,Sudeste
CONTR_2026_05852,Vertice Asset e Cobranca,2026-02-20,96,8288.4,Ajuizado,30.0,Nordeste
CONTR_2026_05853,Acerta Credito Integrado,2026-03-12,128,1744.91,Ajuizado,90.0,Centro-Oeste
CONTR_2026_05854,Acerta Credito Integrado,2026-02-14,98,4470.83,Em Aberto,88.0,Sul
CONTR_2026_05855,Vertice Asset e Cobranca,2026-03-18,72,3940.04,Em Aberto,95.0,Nordeste
CONTR_2026_05856,Acerta Credito Integrado,2026-04-23,103,1802.85,Acordo Firmado,89.0,Nordeste
CONTR_2026_05857,Fenix Recuperacao de Credito,2026-03-06,93,3287.34,Em Aberto,51.0,Sul
CONTR_2026_05858,Fenix Recuperacao de Credito,2026-01-14,95,5030.51,Em Aberto,2.0,Nordeste
CONTR_2026_05859,Fenix Recuperacao de Credito,2026-04-03,89,6447.24,Acordo Firmado,71.0,Sudeste
CONTR_2026_05860,Nexus Mediacao Financeira,2026-01-03,141,2904.67,Em Aberto,87.0,Nordeste
CONTR_2026_05861,Vertice Asset e Cobranca,2026-04-20,92,4434.18,Em Aberto,93.0,Sudeste
CONTR_2026_05862,Nexus Mediacao Financeira,2026-01-24,73,7822.79,Em Aberto,35.0,Nordeste
CONTR_2026_05863,Fenix Recuperacao de Credito,2026-03-06,66,3943.05,Em Aberto,94.0,Sudeste
CONTR_2026_05864,Vertice Asset e Cobranca,2026-02-17,117,15331.9,Em Aberto,29.0,Sul
CONTR_2026_05865,Acerta Credito Integrado,2026-01-10,54,1355.94,Acordo Firmado,51.0,Sudeste
CONTR_2026_05866,Vertice Asset e Cobranca,2026-01-13,130,2707.06,Em Aberto,42.0,Centro-Oeste
CONTR_2026_05867,Acerta Credito Integrado,2026-04-10,32,1915.84,Em Aberto,66.0,Sudeste
CONTR_2026_05868,Fenix Recuperacao de Credito,2026-03-14,126,5096.69,Ajuizado,51.0,Sudeste
CONTR_2026_05869,Acerta Credito Integrado,2026-01-14,113,2176.27,Em Aberto,79.0,Sudeste
CONTR_2026_05870,Nexus Mediacao Financeira,2026-04-10,76,7970.89,Acordo Firmado,16.0,Nordeste
CONTR_2026_05871,Fenix Recuperacao de Credito,2026-01-10,67,13726.57,Acordo Firmado,8.0,Nordeste
CONTR_2026_05872,Fenix Recuperacao de Credito,2026-02-09,126,2360.92,Acordo Firmado,61.0,Nordeste
CONTR_2026_05873,Nexus Mediacao Financeira,2026-01-23,143,13063.06,Em Aberto,51.0,Nordeste
CONTR_2026_05874,Acerta Credito Integrado,2026-04-09,71,6195.04,Acordo Firmado,40.0,Sudeste
CONTR_2026_05875,Vertice Asset e Cobranca,2026-02-24,107,2291.84,Insucesso,81.0,Nordeste
CONTR_2026_05876,Vertice Asset e Cobranca,2026-03-04,119,7869.37,Em Aberto,51.0,Sudeste
CONTR_2026_05877,Acerta Credito Integrado,2026-03-12,108,1676.36,Em Aberto,78.0,Sudeste
CONTR_2026_05878,Nexus Mediacao Financeira,2026-02-11,91,7090.68,Acordo Firmado,85.0,Sul
CONTR_2026_05879,Vertice Asset e Cobranca,2026-04-09,78,11075.82,Acordo Firmado,50.0,Sudeste
CONTR_2026_05880,Vertice Asset e Cobranca,2026-03-07,98,16216.41,Insucesso,27.0,Sudeste
CONTR_2026_05881,Fenix Recuperacao de Credito,2026-03-20,27,1480.37,Insucesso,85.0,Centro-Oeste
CONTR_2026_05882,Nexus Mediacao Financeira,2026-03-14,130,1519.68,Em Aberto,32.0,Sudeste
CONTR_2026_05883,Vertice Asset e Cobranca,2026-02-16,38,14525.3,Em Aberto,80.0,Sudeste
CONTR_2026_05884,Vertice Asset e Cobranca,2026-03-22,64,8993.55,Insucesso,51.0,Sudeste
CONTR_2026_05885,Vertice Asset e Cobranca,2026-04-13,79,8642.02,Insucesso,29.0,Sudeste
CONTR_2026_05886,Vertice Asset e Cobranca,2026-02-21,60,7986.04,Em Aberto,49.0,Nordeste
CONTR_2026_05887,Nexus Mediacao Financeira,2026-01-18,56,7517.37,Em Aberto,36.0,Nordeste
CONTR_2026_05888,Fenix Recuperacao de Credito,2026-03-20,132,5949.53,Acordo Firmado,24.0,Nordeste
CONTR_2026_05889,Acerta Credito Integrado,2026-01-18,143,9576.29,Em Aberto,85.0,Sudeste
CONTR_2026_05890,Vertice Asset e Cobranca,2026-01-24,136,1373.85,Insucesso,39.0,Nordeste
CONTR_2026_05891,Acerta Credito Integrado,2026-01-23,115,7941.18,Ajuizado,51.0,Sul
CONTR_2026_05892,Nexus Mediacao Financeira,2026-01-12,163,5572.36,Insucesso,8.0,Sudeste
CONTR_2026_05893,Vertice Asset e Cobranca,2026-01-23,82,13100.52,Em Aberto,92.0,Sul
CONTR_2026_05894,Fenix Recuperacao de Credito,2026-01-21,79,14973.65,Insucesso,82.0,Centro-Oeste
CONTR_2026_05895,Vertice Asset e Cobranca,2026-03-05,90,2580.95,Acordo Firmado,83.0,Sudeste
CONTR_2026_05896,Fenix Recuperacao de Credito,2026-03-31,132,8990.4,Em Aberto,19.0,Nordeste
CONTR_2026_05897,Fenix Recuperacao de Credito,2026-03-13,107,16932.63,Em Aberto,38.0,Norte
CONTR_2026_05898,Vertice Asset e Cobranca,2026-04-04,141,2750.66,Acordo Firmado,44.0,Nordeste
CONTR_2026_05899,Vertice Asset e Cobranca,2026-02-03,91,10721.89,Acordo Firmado,26.0,Nordeste
CONTR_2026_05900,Nexus Mediacao Financeira,2026-01-02,45,5615.85,Em Aberto,70.0,Sul
CONTR_2026_05901,Nexus Mediacao Financeira,2026-03-10,69,3712.59,Em Aberto,49.0,Nordeste
CONTR_2026_05902,Nexus Mediacao Financeira,2026-01-31,120,9875.27,Insucesso,26.0,Nordeste
CONTR_2026_05903,Fenix Recuperacao de Credito,2026-04-07,75,11412.62,Ajuizado,92.0,Sudeste
CONTR_2026_05904,Vertice Asset e Cobranca,2026-04-28,92,2860.93,Ajuizado,32.0,Nordeste
CONTR_2026_05905,Fenix Recuperacao de Credito,2026-03-09,97,9110.65,Ajuizado,34.0,Centro-Oeste
CONTR_2026_05906,Nexus Mediacao Financeira,2026-03-11,144,1454.69,Ajuizado,45.0,Sudeste
CONTR_2026_05907,Vertice Asset e Cobranca,2026-03-28,116,3903.53,Insucesso,37.0,Sul
CONTR_2026_05908,Acerta Credito Integrado,2026-04-19,110,1561.7,Ajuizado,89.0,Nordeste
CONTR_2026_05909,Fenix Recuperacao de Credito,2026-01-19,94,2939.54,Em Aberto,86.0,Centro-Oeste
CONTR_2026_05910,Fenix Recuperacao de Credito,2026-04-17,65,16215.29,Acordo Firmado,95.0,Nordeste
CONTR_2026_05911,Vertice Asset e Cobranca,2026-04-19,97,7835.18,Acordo Firmado,6.0,Sudeste
CONTR_2026_05912,Fenix Recuperacao de Credito,2026-03-13,155,8244.74,Acordo Firmado,31.0,Sudeste
CONTR_2026_05913,Acerta Credito Integrado,2026-04-13,105,1922.16,Em Aberto,65.0,Nordeste
CONTR_2026_05914,Vertice Asset e Cobranca,2026-01-13,73,5521.88,Insucesso,9.0,Norte
CONTR_2026_05915,Nexus Mediacao Financeira,2026-03-06,77,3661.95,Ajuizado,76.0,Nordeste
CONTR_2026_05916,Fenix Recuperacao de Credito,2026-01-06,132,7824.68,Em Aberto,21.0,Sul
CONTR_2026_05917,Vertice Asset e Cobranca,2026-03-12,74,2054.45,Em Aberto,67.0,Sudeste
CONTR_2026_05918,Nexus Mediacao Financeira,2026-04-22,83,2855.88,Em Aberto,42.0,Nordeste
CONTR_2026_05919,Vertice Asset e Cobranca,2026-01-27,55,12642.07,Em Aberto,46.0,Centro-Oeste
CONTR_2026_05920,Nexus Mediacao Financeira,2026-03-20,81,2130.32,Em Aberto,5.0,Nordeste
CONTR_2026_05921,Fenix Recuperacao de Credito,2026-02-21,104,6203.96,Acordo Firmado,37.0,Nordeste
CONTR_2026_05922,Vertice Asset e Cobranca,2026-04-08,81,3092.79,Em Aberto,77.0,Nordeste
CONTR_2026_05923,Fenix Recuperacao de Credito,2026-03-28,90,1627.16,Acordo Firmado,29.0,Nordeste
CONTR_2026_05924,Nexus Mediacao Financeira,2026-02-17,55,2465.97,Em Aberto,92.0,Sudeste
CONTR_2026_05925,Fenix Recuperacao de Credito,2026-04-23,73,11378.44,Insucesso,49.0,Nordeste
CONTR_2026_05926,Acerta Credito Integrado,2026-03-29,153,13270.35,Acordo Firmado,25.0,Sudeste
CONTR_2026_05927,Acerta Credito Integrado,2026-03-20,85,3922.2,Acordo Firmado,10.0,Sul
CONTR_2026_05928,Nexus Mediacao Financeira,2026-04-09,100,6049.79,Acordo Firmado,98.0,Norte
CONTR_2026_05929,Nexus Mediacao Financeira,2026-03-09,65,4875.04,Insucesso,15.0,Sul
CONTR_2026_05930,Acerta Credito Integrado,2026-02-13,91,2840.4,Acordo Firmado,30.0,Nordeste
CONTR_2026_05931,Fenix Recuperacao de Credito,2026-04-11,81,3314.04,Acordo Firmado,77.0,Sudeste
CONTR_2026_05932,Vertice Asset e Cobranca,2026-01-17,123,4941.4,Acordo Firmado,59.0,Sudeste
CONTR_2026_05933,Fenix Recuperacao de Credito,2026-04-05,121,7143.16,Insucesso,55.0,Centro-Oeste
CONTR_2026_05934,Vertice Asset e Cobranca,2026-02-07,124,3352.81,Acordo Firmado,51.0,Sudeste
CONTR_2026_05935,Vertice Asset e Cobranca,2026-01-10,92,7201.81,Ajuizado,69.0,Sudeste
CONTR_2026_05936,Acerta Credito Integrado,2026-02-23,151,17418.51,Em Aberto,14.0,Nordeste
CONTR_2026_05937,Nexus Mediacao Financeira,2026-04-24,114,1324.32,Ajuizado,74.0,Sudeste
CONTR_2026_05938,Fenix Recuperacao de Credito,2026-04-01,47,2094.66,Acordo Firmado,98.0,Nordeste
CONTR_2026_05939,Fenix Recuperacao de Credito,2026-04-16,136,13600.86,Em Aberto,95.0,Sudeste
CONTR_2026_05940,Vertice Asset e Cobranca,2026-01-06,89,1571.3,Acordo Firmado,56.0,Sul
CONTR_2026_05941,Vertice Asset e Cobranca,2026-04-30,124,8441.84,Acordo Firmado,61.0,Norte
CONTR_2026_05942,Fenix Recuperacao de Credito,2026-01-06,58,6090.54,Em Aberto,5.0,Sul
CONTR_2026_05943,Fenix Recuperacao de Credito,2026-02-21,87,1444.38,Acordo Firmado,6.0,Sul
CONTR_2026_05944,Acerta Credito Integrado,2026-01-15,112,1203.64,Acordo Firmado,13.0,Sudeste
CONTR_2026_05945,Vertice Asset e Cobranca,2026-03-09,97,4685.77,Em Aberto,40.0,Sudeste
CONTR_2026_05946,Vertice Asset e Cobranca,2026-02-26,85,1824.11,Ajuizado,59.0,Sudeste
CONTR_2026_05947,Vertice Asset e Cobranca,2026-04-22,16,11487.05,Em Aberto,13.0,Nordeste
CONTR_2026_05948,Fenix Recuperacao de Credito,2026-04-28,67,4477.09,Acordo Firmado,46.0,Centro-Oeste
CONTR_2026_05949,Nexus Mediacao Financeira,2026-02-25,60,2535.76,Em Aberto,97.0,Nordeste
CONTR_2026_05950,Acerta Credito Integrado,2026-04-14,34,2120.85,Em Aberto,23.0,Nordeste
CONTR_2026_05951,Fenix Recuperacao de Credito,2026-01-07,68,10232.52,Ajuizado,21.0,Nordeste
CONTR_2026_05952,Fenix Recuperacao de Credito,2026-02-20,145,7542.36,Acordo Firmado,72.0,Nordeste
CONTR_2026_05953,Acerta Credito Integrado,2026-02-27,124,7528.58,Acordo Firmado,34.0,Nordeste
CONTR_2026_05954,Nexus Mediacao Financeira,2026-04-23,64,1645.83,Em Aberto,53.0,Sudeste
CONTR_2026_05955,Fenix Recuperacao de Credito,2026-04-27,72,6097.72,Insucesso,95.0,Centro-Oeste
CONTR_2026_05956,Nexus Mediacao Financeira,2026-03-05,72,11381.24,Em Aberto,51.0,Sul
CONTR_2026_05957,Vertice Asset e Cobranca,2026-04-19,112,8460.05,Em Aberto,84.0,Sudeste
CONTR_2026_05958,Vertice Asset e Cobranca,2026-04-21,102,1828.7,Ajuizado,99.0,Sul
CONTR_2026_05959,Acerta Credito Integrado,2026-01-26,68,16107.11,Insucesso,66.0,Sudeste
CONTR_2026_05960,Acerta Credito Integrado,2026-02-27,72,1561.43,Ajuizado,88.0,Centro-Oeste
CONTR_2026_05961,Vertice Asset e Cobranca,2026-01-31,122,5269.85,Em Aberto,75.0,Sudeste
CONTR_2026_05962,Fenix Recuperacao de Credito,2026-03-07,135,15703.23,Em Aberto,68.0,Nordeste
CONTR_2026_05963,Vertice Asset e Cobranca,2026-04-02,63,9837.08,Ajuizado,26.0,Sul
CONTR_2026_05964,Acerta Credito Integrado,2026-04-16,86,6910.14,Insucesso,14.0,Sul
CONTR_2026_05965,Vertice Asset e Cobranca,2026-01-13,93,10901.66,Em Aberto,84.0,Nordeste
CONTR_2026_05966,Acerta Credito Integrado,2026-01-18,84,6793.28,Em Aberto,100.0,Nordeste
CONTR_2026_05967,Fenix Recuperacao de Credito,2026-04-04,123,1482.58,Em Aberto,25.0,Sudeste
CONTR_2026_05968,Fenix Recuperacao de Credito,2026-04-29,85,3360.63,Acordo Firmado,74.0,Sudeste
CONTR_2026_05969,Fenix Recuperacao de Credito,2026-03-16,147,3985.42,Em Aberto,99.0,Centro-Oeste
CONTR_2026_05970,Acerta Credito Integrado,2026-01-13,126,5152.45,Em Aberto,64.0,Sudeste
CONTR_2026_05971,Acerta Credito Integrado,2026-04-25,69,2504.49,Ajuizado,69.0,Sudeste
CONTR_2026_05972,Fenix Recuperacao de Credito,2026-01-24,92,11850.41,Em Aberto,51.0,Nordeste
CONTR_2026_05973,Acerta Credito Integrado,2026-02-26,60,2498.39,Insucesso,20.0,Centro-Oeste
CONTR_2026_05974,Acerta Credito Integrado,2026-01-29,78,6558.79,Acordo Firmado,87.0,Sudeste
CONTR_2026_05975,Vertice Asset e Cobranca,2026-02-25,116,11661.92,Em Aberto,43.0,Sudeste
CONTR_2026_05976,Vertice Asset e Cobranca,2026-02-23,97,7799.03,Acordo Firmado,5.0,Sudeste
CONTR_2026_05977,Fenix Recuperacao de Credito,2026-01-05,153,1930.99,Insucesso,93.0,Nordeste
CONTR_2026_05978,Fenix Recuperacao de Credito,2026-02-04,53,16320.06,Acordo Firmado,93.0,Nordeste
CONTR_2026_05979,Nexus Mediacao Financeira,2026-01-19,89,1682.1,Acordo Firmado,32.0,Sudeste
CONTR_2026_05980,Nexus Mediacao Financeira,2026-02-24,74,2316.14,Em Aberto,86.0,Nordeste
CONTR_2026_05981,Nexus Mediacao Financeira,2026-03-18,80,1949.72,Acordo Firmado,45.0,Nordeste
CONTR_2026_05982,Fenix Recuperacao de Credito,2026-03-10,91,6696.82,Acordo Firmado,43.0,Sul
CONTR_2026_05983,Vertice Asset e Cobranca,2026-02-13,69,9435.96,Acordo Firmado,71.0,Nordeste
CONTR_2026_05984,Fenix Recuperacao de Credito,2026-03-19,118,2559.15,Acordo Firmado,97.0,Sudeste
CONTR_2026_05985,Fenix Recuperacao de Credito,2026-02-07,142,20575.68,Insucesso,22.0,Sudeste
CONTR_2026_05986,Fenix Recuperacao de Credito,2026-03-03,19,1949.72,Ajuizado,41.0,Sul
CONTR_2026_05987,Nexus Mediacao Financeira,2026-01-22,131,3098.03,Insucesso,58.0,Nordeste
CONTR_2026_05988,Fenix Recuperacao de Credito,2026-03-14,165,4569.76,Acordo Firmado,59.0,Sudeste
CONTR_2026_05989,Nexus Mediacao Financeira,2026-04-23,95,9473.42,Em Aberto,28.0,Sudeste
CONTR_2026_05990,Acerta Credito Integrado,2026-02-09,71,3562.37,Acordo Firmado,85.0,Centro-Oeste
CONTR_2026_05991,Fenix Recuperacao de Credito,2026-01-26,72,2191.62,Acordo Firmado,55.0,Sudeste
CONTR_2026_05992,Nexus Mediacao Financeira,2026-04-19,80,4326.85,Em Aberto,51.0,Nordeste
CONTR_2026_05993,Vertice Asset e Cobranca,2026-01-05,102,4436.05,Em Aberto,36.0,Nordeste
CONTR_2026_05994,Vertice Asset e Cobranca,2026-04-03,77,1281.69,Ajuizado,68.0,Nordeste
CONTR_2026_05995,Fenix Recuperacao de Credito,2026-02-23,87,1305.55,Acordo Firmado,43.0,Sul
CONTR_2026_05996,Nexus Mediacao Financeira,2026-03-27,61,2826.15,Insucesso,6.0,Sudeste
CONTR_2026_05997,Nexus Mediacao Financeira,2026-02-18,76,7958.9,Insucesso,83.0,Nordeste
CONTR_2026_05998,Acerta Credito Integrado,2026-01-03,77,3478.46,Acordo Firmado,51.0,Nordeste
CONTR_2026_05999,Vertice Asset e Cobranca,2026-04-02,88,2386.24,Em Aberto,53.0,Norte
CONTR_2026_06000,Fenix Recuperacao de Credito,2026-02-07,46,1799.41,Em Aberto,11.0,Centro-Oeste
CONTR_2026_06001,Nexus Mediacao Financeira,2026-01-14,80,2846.15,Em Aberto,50.0,Nordeste
CONTR_2026_06002,Fenix Recuperacao de Credito,2026-02-16,83,4483.49,Acordo Firmado,17.0,Sudeste
CONTR_2026_06003,Acerta Credito Integrado,2026-01-14,95,1690.16,Ajuizado,46.0,Sudeste
CONTR_2026_06004,Nexus Mediacao Financeira,2026-04-17,131,1275.23,Ajuizado,82.0,Sudeste
CONTR_2026_06005,Fenix Recuperacao de Credito,2026-03-16,86,1880.86,Em Aberto,46.0,Nordeste
CONTR_2026_06006,Vertice Asset e Cobranca,2026-03-14,53,7896.66,Acordo Firmado,77.0,Sudeste
CONTR_2026_06007,Nexus Mediacao Financeira,2026-02-07,93,4339.7,Acordo Firmado,41.0,Nordeste
CONTR_2026_06008,Fenix Recuperacao de Credito,2026-03-05,68,4145.44,Em Aberto,51.0,Nordeste
CONTR_2026_06009,Nexus Mediacao Financeira,2026-04-21,67,1299.75,Insucesso,11.0,Nordeste
CONTR_2026_06010,Vertice Asset e Cobranca,2026-02-13,81,7405.68,Em Aberto,51.0,Nordeste
CONTR_2026_06011,Acerta Credito Integrado,2026-03-11,74,2327.66,Acordo Firmado,27.0,Sudeste
CONTR_2026_06012,Acerta Credito Integrado,2026-03-06,58,1676.31,Acordo Firmado,49.0,Sudeste
CONTR_2026_06013,Vertice Asset e Cobranca,2026-01-25,75,10426.84,Acordo Firmado,16.0,Nordeste
CONTR_2026_06014,Nexus Mediacao Financeira,2026-01-16,103,4523.85,Insucesso,50.0,Sudeste
CONTR_2026_06015,Vertice Asset e Cobranca,2026-04-26,91,8110.18,Ajuizado,15.0,Nordeste
CONTR_2026_06016,Acerta Credito Integrado,2026-01-15,60,9826.63,Ajuizado,54.0,Nordeste
CONTR_2026_06017,Fenix Recuperacao de Credito,2026-04-08,64,17907.62,Ajuizado,14.0,Nordeste
CONTR_2026_06018,Nexus Mediacao Financeira,2026-03-22,93,6086.84,Acordo Firmado,79.0,Sudeste
CONTR_2026_06019,Nexus Mediacao Financeira,2026-01-03,60,1553.6,Em Aberto,82.0,Nordeste
CONTR_2026_06020,Fenix Recuperacao de Credito,2026-03-08,63,5278.7,Ajuizado,76.0,Sudeste
CONTR_2026_06021,Vertice Asset e Cobranca,2026-02-06,72,4761.88,Acordo Firmado,26.0,Nordeste
CONTR_2026_06022,Acerta Credito Integrado,2026-03-22,60,1496.44,Em Aberto,40.0,Centro-Oeste
CONTR_2026_06023,Acerta Credito Integrado,2026-02-24,93,3028.59,Em Aberto,18.0,Nordeste
CONTR_2026_06024,Fenix Recuperacao de Credito,2026-04-23,80,3856.66,Acordo Firmado,26.0,Sudeste
CONTR_2026_06025,Fenix Recuperacao de Credito,2026-04-26,132,2077.58,Insucesso,18.0,Sul
CONTR_2026_06026,Vertice Asset e Cobranca,2026-02-07,55,1244.0,Acordo Firmado,1.0,Sul
CONTR_2026_06027,Acerta Credito Integrado,2026-03-04,124,8273.02,Insucesso,16.0,Nordeste
CONTR_2026_06028,Fenix Recuperacao de Credito,2026-01-01,97,10740.38,Ajuizado,21.0,Nordeste
CONTR_2026_06029,Acerta Credito Integrado,2026-03-12,134,2500.99,Acordo Firmado,72.0,Sudeste
CONTR_2026_06030,Fenix Recuperacao de Credito,2026-03-31,130,1219.04,Em Aberto,66.0,Sudeste
CONTR_2026_06031,Nexus Mediacao Financeira,2026-04-21,77,12233.51,Insucesso,83.0,Sul
CONTR_2026_06032,Vertice Asset e Cobranca,2026-04-13,47,1919.12,Acordo Firmado,93.0,Sudeste
CONTR_2026_06033,Acerta Credito Integrado,2026-01-19,85,3781.11,Acordo Firmado,94.0,Sul
CONTR_2026_06034,Fenix Recuperacao de Credito,2026-02-21,30,3478.27,Acordo Firmado,3.0,Sudeste
CONTR_2026_06035,Nexus Mediacao Financeira,2026-04-28,109,2097.2,Em Aberto,8.0,Sudeste
CONTR_2026_06036,Fenix Recuperacao de Credito,2026-01-30,94,5766.61,Em Aberto,99.0,Sudeste
CONTR_2026_06037,Acerta Credito Integrado,2026-04-17,72,13738.34,Acordo Firmado,18.0,Sul
CONTR_2026_06038,Acerta Credito Integrado,2026-02-24,76,4804.89,Insucesso,90.0,Nordeste
CONTR_2026_06039,Fenix Recuperacao de Credito,2026-01-14,59,19243.39,Em Aberto,25.0,Nordeste
CONTR_2026_06040,Acerta Credito Integrado,2026-01-13,89,2258.37,Insucesso,72.0,Sul
CONTR_2026_06041,Nexus Mediacao Financeira,2026-03-25,60,10635.93,Em Aberto,18.0,Sul
CONTR_2026_06042,Fenix Recuperacao de Credito,2026-03-31,88,2684.68,Acordo Firmado,24.0,Sul
CONTR_2026_06043,Vertice Asset e Cobranca,2026-01-27,100,2642.02,Em Aberto,69.0,Nordeste
CONTR_2026_06044,Fenix Recuperacao de Credito,2026-03-30,109,1826.07,Insucesso,26.0,Sudeste
CONTR_2026_06045,Acerta Credito Integrado,2026-01-09,103,11162.03,Em Aberto,74.0,Sudeste
CONTR_2026_06046,Acerta Credito Integrado,2026-02-10,81,7655.99,Em Aberto,51.0,Sul
CONTR_2026_06047,Fenix Recuperacao de Credito,2026-02-17,103,3290.14,Ajuizado,4.0,Sudeste
CONTR_2026_06048,Nexus Mediacao Financeira,2026-01-12,94,3349.43,Acordo Firmado,10.0,Sudeste
CONTR_2026_06049,Acerta Credito Integrado,2026-01-10,93,10515.03,Em Aberto,51.0,Nordeste
CONTR_2026_06050,Fenix Recuperacao de Credito,2026-01-06,59,14326.48,Ajuizado,74.0,Sul
CONTR_2026_06051,Nexus Mediacao Financeira,2026-04-24,52,5811.87,Acordo Firmado,12.0,Centro-Oeste
CONTR_2026_06052,Vertice Asset e Cobranca,2026-02-03,97,3811.45,Em Aberto,51.0,Sudeste
CONTR_2026_06053,Nexus Mediacao Financeira,2026-02-21,104,1473.04,Acordo Firmado,91.0,Sudeste
CONTR_2026_06054,Vertice Asset e Cobranca,2026-02-10,71,1876.61,Em Aberto,97.0,Nordeste
CONTR_2026_06055,Acerta Credito Integrado,2026-03-24,125,1964.52,Ajuizado,96.0,Nordeste
CONTR_2026_06056,Vertice Asset e Cobranca,2026-01-06,156,2820.37,Ajuizado,5.0,Sudeste
CONTR_2026_06057,Vertice Asset e Cobranca,2026-01-02,142,2685.51,Em Aberto,23.0,Nordeste
CONTR_2026_06058,Vertice Asset e Cobranca,2026-01-15,82,5114.06,Em Aberto,56.0,Sudeste
CONTR_2026_06059,Acerta Credito Integrado,2026-01-17,77,15620.94,Ajuizado,88.0,Sudeste
CONTR_2026_06060,Acerta Credito Integrado,2026-01-16,113,11090.24,Em Aberto,46.0,Sudeste
CONTR_2026_06061,Vertice Asset e Cobranca,2026-01-28,110,4758.22,Em Aberto,2.0,Nordeste
CONTR_2026_06062,Vertice Asset e Cobranca,2026-03-26,56,1287.25,Em Aberto,94.0,Sul
CONTR_2026_06063,Vertice Asset e Cobranca,2026-03-13,82,1554.25,Acordo Firmado,51.0,Nordeste
CONTR_2026_06064,Nexus Mediacao Financeira,2026-01-10,109,11043.11,Em Aberto,1.0,Sudeste
CONTR_2026_06065,Fenix Recuperacao de Credito,2026-01-10,63,2867.79,Acordo Firmado,13.0,Sul
CONTR_2026_06066,Acerta Credito Integrado,2026-04-24,67,3114.29,Insucesso,60.0,Sul
CONTR_2026_06067,Vertice Asset e Cobranca,2026-01-10,72,1952.82,Em Aberto,36.0,Centro-Oeste
CONTR_2026_06068,Vertice Asset e Cobranca,2026-03-14,78,2462.3,Em Aberto,62.0,Nordeste
CONTR_2026_06069,Fenix Recuperacao de Credito,2026-01-28,42,2619.7,Acordo Firmado,63.0,Sul
CONTR_2026_06070,Fenix Recuperacao de Credito,2026-01-24,110,3855.94,Acordo Firmado,67.0,Sudeste
CONTR_2026_06071,Fenix Recuperacao de Credito,2026-01-19,67,6079.48,Acordo Firmado,16.0,Nordeste
CONTR_2026_06072,Vertice Asset e Cobranca,2026-04-07,96,3378.25,Em Aberto,78.0,Sudeste
CONTR_2026_06073,Fenix Recuperacao de Credito,2026-03-09,92,4187.94,Em Aberto,40.0,Nordeste
CONTR_2026_06074,Vertice Asset e Cobranca,2026-02-25,59,2203.85,Em Aberto,48.0,Sudeste
CONTR_2026_06075,Vertice Asset e Cobranca,2026-03-08,37,1490.21,Em Aberto,46.0,Sudeste
CONTR_2026_06076,Fenix Recuperacao de Credito,2026-02-11,92,3340.4,Ajuizado,5.0,Nordeste
CONTR_2026_06077,Vertice Asset e Cobranca,2026-01-12,76,1522.65,Acordo Firmado,25.0,Sudeste
CONTR_2026_06078,Nexus Mediacao Financeira,2026-01-18,103,2981.38,Insucesso,38.0,Nordeste
CONTR_2026_06079,Nexus Mediacao Financeira,2026-01-23,114,10288.43,Em Aberto,54.0,Nordeste
CONTR_2026_06080,Vertice Asset e Cobranca,2026-03-25,28,3485.88,Acordo Firmado,93.0,Nordeste
CONTR_2026_06081,Vertice Asset e Cobranca,2026-01-06,83,2273.78,Acordo Firmado,81.0,Sudeste
CONTR_2026_06082,Vertice Asset e Cobranca,2026-02-22,121,12817.39,Em Aberto,73.0,Nordeste
CONTR_2026_06083,Vertice Asset e Cobranca,2026-04-08,133,6299.23,Em Aberto,82.0,Nordeste
CONTR_2026_06084,Vertice Asset e Cobranca,2026-02-11,35,23420.28,Em Aberto,76.0,Nordeste
CONTR_2026_06085,Fenix Recuperacao de Credito,2026-03-07,124,2985.17,Insucesso,45.0,Sul
CONTR_2026_06086,Vertice Asset e Cobranca,2026-01-30,59,2318.02,Em Aberto,39.0,Sudeste
CONTR_2026_06087,Acerta Credito Integrado,2026-01-09,111,2968.68,Insucesso,28.0,Sudeste
CONTR_2026_06088,Fenix Recuperacao de Credito,2026-04-01,73,9569.68,Acordo Firmado,53.0,Nordeste
CONTR_2026_06089,Acerta Credito Integrado,2026-02-11,112,2021.59,Insucesso,54.0,Sudeste
CONTR_2026_06090,Fenix Recuperacao de Credito,2026-02-03,79,2579.28,Em Aberto,96.0,Nordeste
CONTR_2026_06091,Vertice Asset e Cobranca,2026-02-09,46,7247.15,Acordo Firmado,20.0,Nordeste
CONTR_2026_06092,Acerta Credito Integrado,2026-03-29,72,7897.06,Acordo Firmado,55.0,Sudeste
CONTR_2026_06093,Vertice Asset e Cobranca,2026-04-23,106,17151.6,Acordo Firmado,65.0,Centro-Oeste
CONTR_2026_06094,Nexus Mediacao Financeira,2026-01-17,77,20798.18,Acordo Firmado,76.0,Nordeste
CONTR_2026_06095,Fenix Recuperacao de Credito,2026-01-29,57,6646.25,Acordo Firmado,22.0,Sudeste
CONTR_2026_06096,Acerta Credito Integrado,2026-04-10,51,3453.32,Em Aberto,51.0,Sudeste
CONTR_2026_06097,Fenix Recuperacao de Credito,2026-02-19,65,4216.66,Acordo Firmado,72.0,Sul
CONTR_2026_06098,Acerta Credito Integrado,2026-03-17,65,4092.56,Acordo Firmado,12.0,Sudeste
CONTR_2026_06099,Fenix Recuperacao de Credito,2026-04-05,107,3650.04,Em Aberto,59.0,Nordeste
CONTR_2026_06100,Acerta Credito Integrado,2026-02-18,78,3264.3,Acordo Firmado,54.0,Nordeste
CONTR_2026_06101,Vertice Asset e Cobranca,2026-03-14,81,2119.02,Acordo Firmado,53.0,Nordeste
CONTR_2026_06102,Acerta Credito Integrado,2026-03-02,84,3479.79,Ajuizado,88.0,Nordeste
CONTR_2026_06103,Vertice Asset e Cobranca,2026-03-24,106,18606.03,Em Aberto,38.0,Nordeste
CONTR_2026_06104,Fenix Recuperacao de Credito,2026-02-15,109,11891.98,Em Aberto,92.0,Nordeste
CONTR_2026_06105,Fenix Recuperacao de Credito,2026-02-15,74,6002.87,Acordo Firmado,51.0,Sudeste
CONTR_2026_06106,Fenix Recuperacao de Credito,2026-01-17,82,2270.96,Insucesso,95.0,Sul
CONTR_2026_06107,Vertice Asset e Cobranca,2026-03-07,109,11745.99,Acordo Firmado,92.0,Nordeste
CONTR_2026_06108,Fenix Recuperacao de Credito,2026-04-14,69,3068.86,Em Aberto,73.0,Sudeste
CONTR_2026_06109,Fenix Recuperacao de Credito,2026-01-05,73,5145.15,Em Aberto,86.0,Sul
CONTR_2026_06110,Fenix Recuperacao de Credito,2026-04-13,109,13340.45,Acordo Firmado,7.0,Sudeste
CONTR_2026_06111,Vertice Asset e Cobranca,2026-02-23,72,3237.51,Insucesso,68.0,Sudeste
CONTR_2026_06112,Vertice Asset e Cobranca,2026-04-22,97,13428.97,Em Aberto,29.0,Nordeste
CONTR_2026_06113,Fenix Recuperacao de Credito,2026-01-16,42,2540.24,Insucesso,45.0,Sudeste
CONTR_2026_06114,Nexus Mediacao Financeira,2026-03-22,107,14404.51,Insucesso,10.0,Sudeste
CONTR_2026_06115,Vertice Asset e Cobranca,2026-04-28,83,3421.02,Acordo Firmado,85.0,Sudeste
CONTR_2026_06116,Acerta Credito Integrado,2026-04-01,102,3546.83,Em Aberto,4.0,Sudeste
CONTR_2026_06117,Nexus Mediacao Financeira,2026-01-07,123,5226.07,Acordo Firmado,24.0,Sul
CONTR_2026_06118,Vertice Asset e Cobranca,2026-04-26,79,3331.09,Ajuizado,85.0,Norte
CONTR_2026_06119,Vertice Asset e Cobranca,2026-01-08,43,4189.03,Em Aberto,82.0,Centro-Oeste
CONTR_2026_06120,Nexus Mediacao Financeira,2026-03-13,79,4678.99,Insucesso,26.0,Centro-Oeste
CONTR_2026_06121,Fenix Recuperacao de Credito,2026-03-28,126,4576.73,Em Aberto,56.0,Centro-Oeste
CONTR_2026_06122,Fenix Recuperacao de Credito,2026-04-06,95,17435.02,Em Aberto,72.0,Nordeste
CONTR_2026_06123,Fenix Recuperacao de Credito,2026-04-17,58,2854.96,Insucesso,23.0,Norte
CONTR_2026_06124,Vertice Asset e Cobranca,2026-04-21,84,2874.42,Acordo Firmado,9.0,Nordeste
CONTR_2026_06125,Acerta Credito Integrado,2026-03-23,104,10298.38,Acordo Firmado,25.0,Centro-Oeste
CONTR_2026_06126,Acerta Credito Integrado,2026-02-07,86,3687.97,Em Aberto,100.0,Sudeste
CONTR_2026_06127,Nexus Mediacao Financeira,2026-02-23,85,1580.07,Insucesso,32.0,Sul
CONTR_2026_06128,Vertice Asset e Cobranca,2026-03-17,68,4481.7,Acordo Firmado,7.0,Sudeste
CONTR_2026_06129,Fenix Recuperacao de Credito,2026-01-15,70,5195.08,Ajuizado,51.0,Centro-Oeste
CONTR_2026_06130,Vertice Asset e Cobranca,2026-04-02,96,6007.65,Ajuizado,59.0,Sul
CONTR_2026_06131,Vertice Asset e Cobranca,2026-04-29,104,2540.01,Em Aberto,59.0,Nordeste
CONTR_2026_06132,Acerta Credito Integrado,2026-04-12,84,19307.87,Acordo Firmado,95.0,Centro-Oeste
CONTR_2026_06133,Nexus Mediacao Financeira,2026-02-19,75,7878.35,Em Aberto,62.0,Nordeste
CONTR_2026_06134,Fenix Recuperacao de Credito,2026-02-25,112,7567.34,Em Aberto,17.0,Sudeste
CONTR_2026_06135,Fenix Recuperacao de Credito,2026-04-05,77,11512.82,Em Aberto,35.0,Sudeste
CONTR_2026_06136,Fenix Recuperacao de Credito,2026-04-26,98,1332.37,Em Aberto,86.0,Sudeste
CONTR_2026_06137,Vertice Asset e Cobranca,2026-01-09,105,5948.49,Acordo Firmado,58.0,Sul
CONTR_2026_06138,Fenix Recuperacao de Credito,2026-01-08,52,9714.26,Ajuizado,29.0,Sudeste
CONTR_2026_06139,Nexus Mediacao Financeira,2026-04-20,94,1374.89,Acordo Firmado,63.0,Sudeste
CONTR_2026_06140,Acerta Credito Integrado,2026-01-19,15,8255.92,Acordo Firmado,56.0,Sudeste
CONTR_2026_06141,Vertice Asset e Cobranca,2026-02-20,86,24076.72,Em Aberto,63.0,Sudeste
CONTR_2026_06142,Vertice Asset e Cobranca,2026-03-13,107,5699.75,Acordo Firmado,82.0,Sudeste
CONTR_2026_06143,Fenix Recuperacao de Credito,2026-04-08,100,3964.25,Acordo Firmado,47.0,Nordeste
CONTR_2026_06144,Acerta Credito Integrado,2026-02-26,114,4222.1,Insucesso,74.0,Nordeste
CONTR_2026_06145,Acerta Credito Integrado,2026-03-09,100,6889.07,Acordo Firmado,15.0,Norte
CONTR_2026_06146,Fenix Recuperacao de Credito,2026-01-31,73,5419.34,Em Aberto,57.0,Centro-Oeste
CONTR_2026_06147,Nexus Mediacao Financeira,2026-04-12,43,8945.72,Ajuizado,7.0,Sudeste
CONTR_2026_06148,Vertice Asset e Cobranca,2026-01-03,93,3937.77,Em Aberto,78.0,Nordeste
CONTR_2026_06149,Nexus Mediacao Financeira,2026-04-09,104,3900.63,Ajuizado,90.0,Nordeste
CONTR_2026_06150,Fenix Recuperacao de Credito,2026-03-24,37,8051.42,Insucesso,18.0,Norte
CONTR_2026_06151,Nexus Mediacao Financeira,2026-02-12,102,6385.5,Acordo Firmado,82.0,Centro-Oeste
CONTR_2026_06152,Nexus Mediacao Financeira,2026-01-29,92,8727.6,Em Aberto,6.0,Sudeste
CONTR_2026_06153,Fenix Recuperacao de Credito,2026-01-10,79,12109.09,Em Aberto,43.0,Sudeste
CONTR_2026_06154,Fenix Recuperacao de Credito,2026-01-12,103,2728.59,Em Aberto,51.0,Centro-Oeste
CONTR_2026_06155,Fenix Recuperacao de Credito,2026-02-15,81,3091.94,Acordo Firmado,57.0,Nordeste
CONTR_2026_06156,Fenix Recuperacao de Credito,2026-01-30,79,4942.78,Ajuizado,41.0,Sudeste
CONTR_2026_06157,Acerta Credito Integrado,2026-04-04,51,14528.75,Insucesso,76.0,Centro-Oeste
CONTR_2026_06158,Acerta Credito Integrado,2026-03-23,102,10199.6,Acordo Firmado,51.0,Sul
CONTR_2026_06159,Fenix Recuperacao de Credito,2026-03-29,50,4359.75,Em Aberto,61.0,Nordeste
CONTR_2026_06160,Acerta Credito Integrado,2026-02-01,69,5456.25,Insucesso,94.0,Norte
CONTR_2026_06161,Fenix Recuperacao de Credito,2026-03-14,103,7429.36,Acordo Firmado,19.0,Nordeste
CONTR_2026_06162,Vertice Asset e Cobranca,2026-02-16,84,4897.84,Acordo Firmado,21.0,Nordeste
CONTR_2026_06163,Fenix Recuperacao de Credito,2026-03-29,141,1718.19,Ajuizado,80.0,Nordeste
CONTR_2026_06164,Vertice Asset e Cobranca,2026-03-04,107,3375.01,Acordo Firmado,35.0,Nordeste
CONTR_2026_06165,Vertice Asset e Cobranca,2026-01-26,112,1443.92,Acordo Firmado,71.0,Sul
CONTR_2026_06166,Vertice Asset e Cobranca,2026-01-03,115,6741.27,Insucesso,54.0,Nordeste
CONTR_2026_06167,Vertice Asset e Cobranca,2026-01-23,82,3255.84,Ajuizado,83.0,Centro-Oeste
CONTR_2026_06168,Vertice Asset e Cobranca,2026-03-16,74,7903.98,Em Aberto,26.0,Centro-Oeste
CONTR_2026_06169,Fenix Recuperacao de Credito,2026-03-15,53,4008.05,Em Aberto,41.0,Nordeste
CONTR_2026_06170,Fenix Recuperacao de Credito,2026-02-19,46,1433.3,Em Aberto,51.0,Sudeste
CONTR_2026_06171,Fenix Recuperacao de Credito,2026-02-05,124,3587.08,Acordo Firmado,12.0,Sul
CONTR_2026_06172,Nexus Mediacao Financeira,2026-01-13,71,2433.95,Em Aberto,5.0,Sudeste
CONTR_2026_06173,Fenix Recuperacao de Credito,2026-01-29,116,2405.84,Acordo Firmado,26.0,Nordeste
CONTR_2026_06174,Acerta Credito Integrado,2026-02-07,45,3570.94,Em Aberto,5.0,Nordeste
CONTR_2026_06175,Nexus Mediacao Financeira,2026-04-27,84,20358.28,Em Aberto,38.0,Sudeste
CONTR_2026_06176,Nexus Mediacao Financeira,2026-03-18,128,17303.04,Ajuizado,82.0,Sudeste
CONTR_2026_06177,Nexus Mediacao Financeira,2026-03-31,97,9334.3,Ajuizado,6.0,Sul
CONTR_2026_06178,Fenix Recuperacao de Credito,2026-03-25,98,2608.28,Em Aberto,1.0,Nordeste
CONTR_2026_06179,Fenix Recuperacao de Credito,2026-01-05,72,8418.12,Em Aberto,75.0,Sudeste
CONTR_2026_06180,Vertice Asset e Cobranca,2026-01-20,62,1277.41,Insucesso,80.0,Sul
CONTR_2026_06181,Nexus Mediacao Financeira,2026-03-19,88,1489.99,Em Aberto,90.0,Nordeste
CONTR_2026_06182,Fenix Recuperacao de Credito,2026-04-19,56,10231.3,Em Aberto,39.0,Nordeste
CONTR_2026_06183,Fenix Recuperacao de Credito,2026-01-14,86,5353.28,Ajuizado,49.0,Sudeste
CONTR_2026_06184,Vertice Asset e Cobranca,2026-01-08,119,3536.5,Acordo Firmado,82.0,Nordeste
CONTR_2026_06185,Fenix Recuperacao de Credito,2026-02-17,9999,7944.19,Em Aberto,100.0,Nordeste
CONTR_2026_06186,Acerta Credito Integrado,2026-01-13,109,1807.24,Em Aberto,37.0,Sudeste
CONTR_2026_06187,Acerta Credito Integrado,2026-01-24,119,2889.17,Em Aberto,90.0,Nordeste
CONTR_2026_06188,Vertice Asset e Cobranca,2026-03-20,82,7702.58,Acordo Firmado,97.0,Sudeste
CONTR_2026_06189,Fenix Recuperacao de Credito,2026-04-25,91,2360.72,Acordo Firmado,1.0,Nordeste
CONTR_2026_06190,Fenix Recuperacao de Credito,2026-03-06,75,5789.49,Em Aberto,91.0,Centro-Oeste
CONTR_2026_06191,Nexus Mediacao Financeira,2026-03-27,80,4167.99,Em Aberto,37.0,Nordeste
CONTR_2026_06192,Nexus Mediacao Financeira,2026-02-03,114,2330.51,Acordo Firmado,86.0,Nordeste
CONTR_2026_06193,Acerta Credito Integrado,2026-04-24,111,12163.4,Em Aberto,19.0,Sudeste
CONTR_2026_06194,Fenix Recuperacao de Credito,2026-02-20,101,4059.32,Insucesso,77.0,Sudeste
CONTR_2026_06195,Nexus Mediacao Financeira,2026-04-14,108,5766.97,Em Aberto,37.0,Nordeste
CONTR_2026_06196,Fenix Recuperacao de Credito,2026-01-03,96,2658.7,Em Aberto,56.0,Sul
CONTR_2026_06197,Fenix Recuperacao de Credito,2026-04-29,53,3329.4,Acordo Firmado,67.0,Sul
CONTR_2026_06198,Acerta Credito Integrado,2026-03-31,121,1451.12,Ajuizado,91.0,Sudeste
CONTR_2026_06199,Fenix Recuperacao de Credito,2026-03-19,63,4500.64,Acordo Firmado,35.0,Nordeste
CONTR_2026_06200,Fenix Recuperacao de Credito,2026-02-27,86,3314.43,Insucesso,73.0,Centro-Oeste
CONTR_2026_06201,Acerta Credito Integrado,2026-04-15,115,3197.94,Acordo Firmado,84.0,Sul
CONTR_2026_06202,Vertice Asset e Cobranca,2026-03-13,47,12233.8,Acordo Firmado,26.0,Nordeste
CONTR_2026_06203,Fenix Recuperacao de Credito,2026-04-23,108,7284.78,Em Aberto,46.0,Sul
CONTR_2026_06204,Nexus Mediacao Financeira,2026-02-24,54,4255.9,Acordo Firmado,35.0,Nordeste
CONTR_2026_06205,Fenix Recuperacao de Credito,2026-04-29,107,2286.75,Em Aberto,85.0,Nordeste
CONTR_2026_06206,Fenix Recuperacao de Credito,2026-04-30,126,19306.37,Em Aberto,96.0,Sudeste
CONTR_2026_06207,Vertice Asset e Cobranca,2026-03-21,67,1588.54,Insucesso,22.0,Sul
CONTR_2026_06208,Vertice Asset e Cobranca,2026-02-11,63,1931.53,Acordo Firmado,14.0,Centro-Oeste
CONTR_2026_06209,Vertice Asset e Cobranca,2026-01-21,92,2775.76,Insucesso,29.0,Norte
CONTR_2026_06210,Fenix Recuperacao de Credito,2026-01-10,63,16653.33,Em Aberto,58.0,Sudeste
CONTR_2026_06211,Vertice Asset e Cobranca,2026-02-26,24,2834.76,Em Aberto,31.0,Sul
CONTR_2026_06212,Fenix Recuperacao de Credito,2026-01-25,89,4580.73,Insucesso,17.0,Sudeste
CONTR_2026_06213,Vertice Asset e Cobranca,2026-02-25,100,8359.91,Acordo Firmado,23.0,Nordeste
CONTR_2026_06214,Vertice Asset e Cobranca,2026-02-07,80,14438.47,Em Aberto,59.0,Nordeste
CONTR_2026_06215,Acerta Credito Integrado,2026-03-27,93,5845.49,Acordo Firmado,36.0,Norte
CONTR_2026_06216,Acerta Credito Integrado,2026-04-23,121,3624.79,Acordo Firmado,89.0,Sudeste
CONTR_2026_06217,Fenix Recuperacao de Credito,2026-03-02,79,22371.02,Insucesso,82.0,Sul
CONTR_2026_06218,Vertice Asset e Cobranca,2026-04-22,83,1332.55,Em Aberto,59.0,Nordeste
CONTR_2026_06219,Vertice Asset e Cobranca,2026-02-16,89,10124.11,Insucesso,80.0,Sudeste
CONTR_2026_06220,Fenix Recuperacao de Credito,2026-02-23,80,2824.7,Insucesso,2.0,Nordeste
CONTR_2026_06221,Acerta Credito Integrado,2026-02-15,80,9703.71,Acordo Firmado,90.0,Sul
CONTR_2026_06222,Acerta Credito Integrado,2026-03-09,141,2084.68,Insucesso,98.0,Nordeste
CONTR_2026_06223,Fenix Recuperacao de Credito,2026-01-04,93,3329.5,Acordo Firmado,12.0,Sul
CONTR_2026_06224,Vertice Asset e Cobranca,2026-04-04,81,1487.99,Insucesso,10.0,Nordeste
CONTR_2026_06225,Fenix Recuperacao de Credito,2026-03-07,131,2313.36,Insucesso,93.0,Sul
CONTR_2026_06226,Nexus Mediacao Financeira,2026-04-03,122,5816.48,Em Aberto,2.0,Sudeste
CONTR_2026_06227,Fenix Recuperacao de Credito,2026-02-12,108,8366.97,Insucesso,16.0,Sudeste
CONTR_2026_06228,Vertice Asset e Cobranca,2026-03-03,71,13308.35,Acordo Firmado,36.0,Nordeste
CONTR_2026_06229,Acerta Credito Integrado,2026-04-10,171,1837.38,Acordo Firmado,49.0,Sudeste
CONTR_2026_06230,Vertice Asset e Cobranca,2026-03-26,43,1957.45,Em Aberto,36.0,Nordeste
CONTR_2026_06231,Nexus Mediacao Financeira,2026-03-26,36,15166.04,Acordo Firmado,86.0,Centro-Oeste
CONTR_2026_06232,Fenix Recuperacao de Credito,2026-04-22,101,8461.63,Em Aberto,6.0,Sul
CONTR_2026_06233,Nexus Mediacao Financeira,2026-03-26,79,5079.94,Em Aberto,99.0,Sudeste
CONTR_2026_06234,Fenix Recuperacao de Credito,2026-01-04,15,4438.25,Acordo Firmado,95.0,Norte
CONTR_2026_06235,Vertice Asset e Cobranca,2026-03-06,85,2058.19,Em Aberto,2.0,Sul
CONTR_2026_06236,Acerta Credito Integrado,2026-03-03,92,3584.55,Acordo Firmado,99.0,Nordeste
CONTR_2026_06237,Nexus Mediacao Financeira,2026-03-31,84,3530.89,Ajuizado,28.0,Centro-Oeste
CONTR_2026_06238,Nexus Mediacao Financeira,2026-04-30,99,6425.54,Em Aberto,7.0,Nordeste
CONTR_2026_06239,Acerta Credito Integrado,2026-04-25,75,5767.78,Acordo Firmado,21.0,Sudeste
CONTR_2026_06240,Acerta Credito Integrado,2026-01-02,85,1507.84,Acordo Firmado,62.0,Nordeste
CONTR_2026_06241,Fenix Recuperacao de Credito,2026-01-09,129,10635.19,Ajuizado,89.0,Norte
CONTR_2026_06242,Fenix Recuperacao de Credito,2026-04-29,118,15066.76,Acordo Firmado,82.0,Nordeste
CONTR_2026_06243,Nexus Mediacao Financeira,2026-02-26,83,8775.38,Acordo Firmado,41.0,Nordeste
CONTR_2026_06244,Acerta Credito Integrado,2026-02-14,106,2182.41,Em Aberto,43.0,Sudeste
CONTR_2026_06245,Acerta Credito Integrado,2026-01-18,116,2144.73,Insucesso,77.0,Sudeste
CONTR_2026_06246,Nexus Mediacao Financeira,2026-04-22,61,7675.18,Acordo Firmado,8.0,Sudeste
CONTR_2026_06247,Fenix Recuperacao de Credito,2026-02-17,99,4106.85,Acordo Firmado,14.0,Sul
CONTR_2026_06248,Acerta Credito Integrado,2026-02-11,94,8743.53,Insucesso,81.0,Nordeste
CONTR_2026_06249,Acerta Credito Integrado,2026-02-10,109,1592.4,Em Aberto,77.0,Sudeste
CONTR_2026_06250,Fenix Recuperacao de Credito,2026-03-16,61,7501.6,Em Aberto,11.0,Sudeste
CONTR_2026_06251,Vertice Asset e Cobranca,2026-03-30,88,3959.07,Insucesso,10.0,Nordeste
CONTR_2026_06252,Fenix Recuperacao de Credito,2026-03-31,67,1357.38,Acordo Firmado,81.0,Sudeste
CONTR_2026_06253,Vertice Asset e Cobranca,2026-02-27,99,5139.03,Acordo Firmado,29.0,Sudeste
CONTR_2026_06254,Fenix Recuperacao de Credito,2026-04-10,65,7203.82,Em Aberto,55.0,Sudeste
CONTR_2026_06255,Vertice Asset e Cobranca,2026-02-11,73,4956.42,Em Aberto,2.0,Nordeste
CONTR_2026_06256,Nexus Mediacao Financeira,2026-02-04,93,1855.56,Acordo Firmado,1.0,Sudeste
CONTR_2026_06257,Nexus Mediacao Financeira,2026-02-07,61,9661.63,Acordo Firmado,47.0,Nordeste
CONTR_2026_06258,Nexus Mediacao Financeira,2026-03-08,41,3106.92,Acordo Firmado,91.0,Sul
CONTR_2026_06259,Acerta Credito Integrado,2026-02-10,121,13920.73,Acordo Firmado,83.0,Sudeste
CONTR_2026_06260,Fenix Recuperacao de Credito,2026-04-09,70,13069.09,Insucesso,18.0,Nordeste
CONTR_2026_06261,Fenix Recuperacao de Credito,2026-02-19,48,2317.98,Insucesso,35.0,Sudeste
CONTR_2026_06262,Acerta Credito Integrado,2026-04-14,56,4434.81,Em Aberto,73.0,Centro-Oeste
CONTR_2026_06263,Fenix Recuperacao de Credito,2026-03-27,87,1938.82,Em Aberto,62.0,Sul
CONTR_2026_06264,Vertice Asset e Cobranca,2026-03-13,137,6862.09,Insucesso,25.0,Centro-Oeste
CONTR_2026_06265,Acerta Credito Integrado,2026-03-20,85,10749.91,Em Aberto,86.0,Centro-Oeste
CONTR_2026_06266,Nexus Mediacao Financeira,2026-02-14,107,6425.93,Acordo Firmado,77.0,Nordeste
CONTR_2026_06267,Vertice Asset e Cobranca,2026-03-12,78,2708.73,Ajuizado,29.0,Sul
CONTR_2026_06268,Fenix Recuperacao de Credito,2026-01-19,95,1596.92,Acordo Firmado,86.0,Sudeste
CONTR_2026_06269,Vertice Asset e Cobranca,2026-04-14,83,1558.88,Em Aberto,80.0,Nordeste
CONTR_2026_06270,Nexus Mediacao Financeira,2026-04-16,107,5919.96,Ajuizado,19.0,Sul
CONTR_2026_06271,Vertice Asset e Cobranca,2026-01-17,56,16523.12,Ajuizado,72.0,Nordeste
CONTR_2026_06272,Fenix Recuperacao de Credito,2026-03-06,92,7141.78,Em Aberto,76.0,Centro-Oeste
CONTR_2026_06273,Fenix Recuperacao de Credito,2026-04-19,94,7758.28,Insucesso,66.0,Sul
CONTR_2026_06274,Nexus Mediacao Financeira,2026-04-03,101,3197.17,Insucesso,69.0,Sul
CONTR_2026_06275,Nexus Mediacao Financeira,2026-03-18,49,5609.91,Em Aberto,78.0,Sudeste
CONTR_2026_06276,Nexus Mediacao Financeira,2026-02-25,75,3103.37,Em Aberto,51.0,Sudeste
CONTR_2026_06277,Vertice Asset e Cobranca,2026-04-22,108,12796.91,Acordo Firmado,98.0,Sul
CONTR_2026_06278,Vertice Asset e Cobranca,2026-04-03,96,1910.78,Insucesso,10.0,Sul
CONTR_2026_06279,Acerta Credito Integrado,2026-02-10,142,6198.69,Acordo Firmado,72.0,Nordeste
CONTR_2026_06280,Fenix Recuperacao de Credito,2026-02-11,74,7762.34,Em Aberto,25.0,Nordeste
CONTR_2026_06281,Acerta Credito Integrado,2026-01-06,30,7194.76,Em Aberto,27.0,Nordeste
CONTR_2026_06282,Nexus Mediacao Financeira,2026-03-10,76,2687.43,Em Aberto,61.0,Nordeste
CONTR_2026_06283,Acerta Credito Integrado,2026-04-08,15,4527.97,Insucesso,10.0,Norte
CONTR_2026_06284,Acerta Credito Integrado,2026-03-16,111,6643.51,Insucesso,36.0,Sudeste
CONTR_2026_06285,Fenix Recuperacao de Credito,2026-03-14,89,14564.12,Acordo Firmado,39.0,Sudeste
CONTR_2026_06286,Nexus Mediacao Financeira,2026-04-12,101,4662.34,Ajuizado,7.0,Sudeste
CONTR_2026_06287,Acerta Credito Integrado,2026-02-09,106,2987.01,Em Aberto,15.0,Sul
CONTR_2026_06288,Vertice Asset e Cobranca,2026-02-10,121,3643.05,Acordo Firmado,13.0,Sudeste
CONTR_2026_06289,Vertice Asset e Cobranca,2026-01-09,15,5097.0,Insucesso,33.0,Sul
CONTR_2026_06290,Vertice Asset e Cobranca,2026-01-08,28,19923.82,Em Aberto,99.0,Centro-Oeste
CONTR_2026_06291,Fenix Recuperacao de Credito,2026-02-13,67,6148.77,Ajuizado,66.0,Sudeste
CONTR_2026_06292,Vertice Asset e Cobranca,2026-02-27,80,2040.53,Acordo Firmado,11.0,Sudeste
CONTR_2026_06293,Vertice Asset e Cobranca,2026-04-14,95,10462.14,Acordo Firmado,21.0,Sul
CONTR_2026_06294,Vertice Asset e Cobranca,2026-03-08,93,2201.09,Em Aberto,78.0,Sudeste
CONTR_2026_06295,Acerta Credito Integrado,2026-01-13,95,1397.58,Insucesso,89.0,Sul
CONTR_2026_06296,Acerta Credito Integrado,2026-01-19,43,1727.97,Ajuizado,23.0,Nordeste
CONTR_2026_06297,Vertice Asset e Cobranca,2026-04-08,66,8911.74,Em Aberto,44.0,Nordeste
CONTR_2026_06298,Fenix Recuperacao de Credito,2026-04-06,9999,12808.62,Acordo Firmado,65.0,Centro-Oeste
CONTR_2026_06299,Acerta Credito Integrado,2026-02-18,85,2761.26,Acordo Firmado,70.0,Nordeste
CONTR_2026_06300,Vertice Asset e Cobranca,2026-03-21,74,4646.87,Ajuizado,36.0,Sudeste
CONTR_2026_06301,Acerta Credito Integrado,2026-04-10,97,5746.86,Em Aberto,62.0,Sudeste
CONTR_2026_06302,Vertice Asset e Cobranca,2026-03-23,55,3912.36,Acordo Firmado,82.0,Sudeste
CONTR_2026_06303,Vertice Asset e Cobranca,2026-03-19,75,1537.78,Em Aberto,42.0,Centro-Oeste
CONTR_2026_06304,Acerta Credito Integrado,2026-01-30,105,1491.6,Acordo Firmado,69.0,Sul
CONTR_2026_06305,Vertice Asset e Cobranca,2026-03-07,96,4102.21,Acordo Firmado,52.0,Sul
CONTR_2026_06306,Vertice Asset e Cobranca,2026-03-18,78,9194.16,Em Aberto,1.0,Nordeste
CONTR_2026_06307,Vertice Asset e Cobranca,2026-04-01,79,1642.13,Em Aberto,30.0,Norte
CONTR_2026_06308,Vertice Asset e Cobranca,2026-02-28,75,2351.32,Ajuizado,1.0,Centro-Oeste
CONTR_2026_06309,Nexus Mediacao Financeira,2026-02-22,79,2771.96,Ajuizado,48.0,Sudeste
CONTR_2026_06310,Acerta Credito Integrado,2026-02-21,74,5294.98,Em Aberto,14.0,Nordeste
CONTR_2026_06311,Vertice Asset e Cobranca,2026-03-22,79,1420.78,Acordo Firmado,92.0,Sul
CONTR_2026_06312,Nexus Mediacao Financeira,2026-01-31,98,11032.09,Ajuizado,31.0,Norte
CONTR_2026_06313,Nexus Mediacao Financeira,2026-01-15,98,4381.25,Em Aberto,62.0,Nordeste
CONTR_2026_06314,Vertice Asset e Cobranca,2026-01-20,50,4520.2,Acordo Firmado,87.0,Sudeste
CONTR_2026_06315,Vertice Asset e Cobranca,2026-01-05,143,3176.48,Acordo Firmado,31.0,Sul
CONTR_2026_06316,Fenix Recuperacao de Credito,2026-01-07,73,2391.3,Insucesso,7.0,Nordeste
CONTR_2026_06317,Acerta Credito Integrado,2026-01-18,104,3460.18,Acordo Firmado,20.0,Nordeste
CONTR_2026_06318,Nexus Mediacao Financeira,2026-02-25,57,13432.29,Em Aberto,84.0,Sudeste
CONTR_2026_06319,Nexus Mediacao Financeira,2026-03-16,133,1694.85,Em Aberto,31.0,Nordeste
CONTR_2026_06320,Fenix Recuperacao de Credito,2026-04-06,106,1513.25,Em Aberto,9.0,Sudeste
CONTR_2026_06321,Nexus Mediacao Financeira,2026-04-24,101,1807.74,Acordo Firmado,11.0,Sudeste
CONTR_2026_06322,Nexus Mediacao Financeira,2026-04-01,84,8702.41,Acordo Firmado,6.0,Norte
CONTR_2026_06323,Nexus Mediacao Financeira,2026-03-31,34,1448.14,Em Aberto,43.0,Norte
CONTR_2026_06324,Vertice Asset e Cobranca,2026-04-11,139,3226.06,Em Aberto,51.0,Nordeste
CONTR_2026_06325,Fenix Recuperacao de Credito,2026-02-14,115,3965.7,Em Aberto,18.0,Nordeste
CONTR_2026_06326,Fenix Recuperacao de Credito,2026-01-28,80,4737.36,Acordo Firmado,29.0,Nordeste
CONTR_2026_06327,Vertice Asset e Cobranca,2026-02-19,104,1216.02,Insucesso,1.0,Sudeste
CONTR_2026_06328,Vertice Asset e Cobranca,2026-01-02,50,4535.11,Acordo Firmado,44.0,Sul
CONTR_2026_06329,Vertice Asset e Cobranca,2026-03-25,32,2284.1,Insucesso,33.0,Sudeste
CONTR_2026_06330,Fenix Recuperacao de Credito,2026-03-09,90,1715.02,Em Aberto,67.0,Norte
CONTR_2026_06331,Fenix Recuperacao de Credito,2026-03-18,66,5010.3,Em Aberto,38.0,Sudeste
CONTR_2026_06332,Acerta Credito Integrado,2026-01-24,75,8015.8,Insucesso,41.0,Sudeste
CONTR_2026_06333,Nexus Mediacao Financeira,2026-04-22,88,14847.61,Acordo Firmado,16.0,Sul
CONTR_2026_06334,Nexus Mediacao Financeira,2026-04-12,54,13389.71,Acordo Firmado,38.0,Norte
CONTR_2026_06335,Fenix Recuperacao de Credito,2026-04-14,87,3745.77,Acordo Firmado,63.0,Nordeste
CONTR_2026_06336,Acerta Credito Integrado,2026-02-17,56,7287.95,Acordo Firmado,99.0,Nordeste
CONTR_2026_06337,Fenix Recuperacao de Credito,2026-02-14,120,7147.4,Acordo Firmado,90.0,Nordeste
CONTR_2026_06338,Fenix Recuperacao de Credito,2026-04-29,86,3856.04,Acordo Firmado,100.0,Sudeste
CONTR_2026_06339,Vertice Asset e Cobranca,2026-04-03,105,1716.87,Em Aberto,85.0,Sudeste
CONTR_2026_06340,Vertice Asset e Cobranca,2026-02-27,36,3606.41,Acordo Firmado,100.0,Nordeste
CONTR_2026_06341,Fenix Recuperacao de Credito,2026-02-05,107,25570.4,Em Aberto,83.0,Sul
CONTR_2026_06342,Nexus Mediacao Financeira,2026-01-02,134,5248.79,Em Aberto,9.0,Nordeste
CONTR_2026_06343,Nexus Mediacao Financeira,2026-04-15,93,3288.13,Ajuizado,27.0,Sul
CONTR_2026_06344,Acerta Credito Integrado,2026-01-18,105,8009.27,Acordo Firmado,31.0,Sul
CONTR_2026_06345,Vertice Asset e Cobranca,2026-02-18,82,6997.0,Insucesso,15.0,Centro-Oeste
CONTR_2026_06346,Fenix Recuperacao de Credito,2026-01-08,101,5523.24,Em Aberto,96.0,Nordeste
CONTR_2026_06347,Vertice Asset e Cobranca,2026-02-27,138,6272.72,Insucesso,29.0,Nordeste
CONTR_2026_06348,Vertice Asset e Cobranca,2026-01-15,157,5596.64,Acordo Firmado,9.0,Sudeste
CONTR_2026_06349,Nexus Mediacao Financeira,2026-04-15,99,16849.41,Em Aberto,44.0,Sul
CONTR_2026_06350,Acerta Credito Integrado,2026-01-17,59,4757.92,Ajuizado,81.0,Sudeste
CONTR_2026_06351,Fenix Recuperacao de Credito,2026-01-23,108,5660.32,Insucesso,60.0,Sudeste
CONTR_2026_06352,Nexus Mediacao Financeira,2026-03-07,52,4390.03,Ajuizado,78.0,Sudeste
CONTR_2026_06353,Fenix Recuperacao de Credito,2026-03-11,71,5784.23,Em Aberto,39.0,Nordeste
CONTR_2026_06354,Nexus Mediacao Financeira,2026-04-03,74,12274.1,Em Aberto,51.0,Nordeste
CONTR_2026_06355,Fenix Recuperacao de Credito,2026-01-27,151,3275.72,Em Aberto,40.0,Sul
CONTR_2026_06356,Vertice Asset e Cobranca,2026-02-06,132,4624.93,Insucesso,63.0,Sul
CONTR_2026_06357,Nexus Mediacao Financeira,2026-02-18,126,4176.57,Ajuizado,6.0,Centro-Oeste
CONTR_2026_06358,Vertice Asset e Cobranca,2026-03-05,114,3737.3,Acordo Firmado,38.0,Sudeste
CONTR_2026_06359,Fenix Recuperacao de Credito,2026-02-03,62,9802.89,Acordo Firmado,32.0,Sul
CONTR_2026_06360,Nexus Mediacao Financeira,2026-01-18,97,2519.47,Acordo Firmado,6.0,Sudeste
CONTR_2026_06361,Fenix Recuperacao de Credito,2026-03-05,145,4664.92,Em Aberto,54.0,Nordeste
CONTR_2026_06362,Vertice Asset e Cobranca,2026-04-16,103,14127.02,Acordo Firmado,51.0,Nordeste
CONTR_2026_06363,Fenix Recuperacao de Credito,2026-03-15,120,2079.24,Insucesso,96.0,Nordeste
CONTR_2026_06364,Vertice Asset e Cobranca,2026-04-12,41,1223.28,Acordo Firmado,98.0,Sudeste
CONTR_2026_06365,Vertice Asset e Cobranca,2026-02-13,111,2740.94,Insucesso,34.0,Sul
CONTR_2026_06366,Nexus Mediacao Financeira,2026-01-17,58,13975.23,Em Aberto,76.0,Nordeste
CONTR_2026_06367,Vertice Asset e Cobranca,2026-02-28,83,1658.52,Em Aberto,9.0,Sudeste
CONTR_2026_06368,Fenix Recuperacao de Credito,2026-01-13,132,1937.13,Acordo Firmado,5.0,Nordeste
CONTR_2026_06369,Nexus Mediacao Financeira,2026-02-21,100,3130.81,Acordo Firmado,81.0,Sul
CONTR_2026_06370,Acerta Credito Integrado,2026-03-01,114,8541.94,Acordo Firmado,51.0,Nordeste
CONTR_2026_06371,Nexus Mediacao Financeira,2026-04-22,84,8157.15,Acordo Firmado,61.0,Nordeste
CONTR_2026_06372,Vertice Asset e Cobranca,2026-02-11,32,1655.48,Insucesso,86.0,Nordeste
CONTR_2026_06373,Fenix Recuperacao de Credito,2026-04-01,61,14778.57,Insucesso,6.0,Sudeste
CONTR_2026_06374,Fenix Recuperacao de Credito,2026-03-05,110,2564.42,Em Aberto,50.0,Sudeste
CONTR_2026_06375,Fenix Recuperacao de Credito,2026-04-27,100,2846.94,Em Aberto,32.0,Nordeste
CONTR_2026_06376,Fenix Recuperacao de Credito,2026-03-07,139,3642.2,Em Aberto,19.0,Nordeste
CONTR_2026_06377,Acerta Credito Integrado,2026-02-03,93,6232.35,Acordo Firmado,58.0,Norte
CONTR_2026_06378,Acerta Credito Integrado,2026-04-05,63,4883.5,Ajuizado,48.0,Centro-Oeste
CONTR_2026_06379,Vertice Asset e Cobranca,2026-03-28,89,14398.33,Em Aberto,17.0,Sudeste
CONTR_2026_06380,Acerta Credito Integrado,2026-03-12,119,5357.69,Em Aberto,60.0,Sul
CONTR_2026_06381,Nexus Mediacao Financeira,2026-04-12,37,10925.85,Em Aberto,10.0,Sul
CONTR_2026_06382,Nexus Mediacao Financeira,2026-03-05,100,1607.16,Em Aberto,79.0,Sudeste
CONTR_2026_06383,Fenix Recuperacao de Credito,2026-02-02,52,10886.31,Em Aberto,50.0,Sudeste
CONTR_2026_06384,Fenix Recuperacao de Credito,2026-01-12,94,2301.45,Em Aberto,38.0,Sudeste
CONTR_2026_06385,Vertice Asset e Cobranca,2026-04-19,111,3451.43,Acordo Firmado,85.0,Sul
CONTR_2026_06386,Nexus Mediacao Financeira,2026-03-17,106,3127.48,Em Aberto,40.0,Sul
CONTR_2026_06387,Nexus Mediacao Financeira,2026-01-19,130,3257.03,Em Aberto,3.0,Sudeste
CONTR_2026_06388,Acerta Credito Integrado,2026-01-09,97,13746.88,Acordo Firmado,94.0,Sul
CONTR_2026_06389,Vertice Asset e Cobranca,2026-03-15,105,4113.34,Em Aberto,79.0,Nordeste
CONTR_2026_06390,Nexus Mediacao Financeira,2026-01-17,106,2759.66,Acordo Firmado,91.0,Sul
CONTR_2026_06391,Fenix Recuperacao de Credito,2026-02-19,60,2943.55,Acordo Firmado,31.0,Nordeste
CONTR_2026_06392,Vertice Asset e Cobranca,2026-04-14,86,9331.3,Ajuizado,16.0,Sudeste
CONTR_2026_06393,Acerta Credito Integrado,2026-02-08,16,5073.03,Ajuizado,28.0,Sul
CONTR_2026_06394,Nexus Mediacao Financeira,2026-02-10,101,4184.62,Em Aberto,45.0,Norte
CONTR_2026_06395,Vertice Asset e Cobranca,2026-01-10,15,14273.75,Em Aberto,37.0,Sudeste
CONTR_2026_06396,Vertice Asset e Cobranca,2026-01-12,115,14496.85,Acordo Firmado,43.0,Nordeste
CONTR_2026_06397,Vertice Asset e Cobranca,2026-03-20,139,8255.36,Acordo Firmado,73.0,Nordeste
CONTR_2026_06398,Vertice Asset e Cobranca,2026-04-05,104,4849.12,Em Aberto,73.0,Sudeste
CONTR_2026_06399,Vertice Asset e Cobranca,2026-01-15,109,1819.95,Em Aberto,76.0,Sul
CONTR_2026_06400,Acerta Credito Integrado,2026-01-28,126,7354.15,Em Aberto,28.0,Nordeste
CONTR_2026_06401,Nexus Mediacao Financeira,2026-01-04,76,9640.03,Acordo Firmado,71.0,Nordeste
CONTR_2026_06402,Acerta Credito Integrado,2026-02-05,51,10754.12,Em Aberto,60.0,Nordeste
CONTR_2026_06403,Fenix Recuperacao de Credito,2026-04-29,87,5559.76,Acordo Firmado,64.0,Nordeste
CONTR_2026_06404,Acerta Credito Integrado,2026-03-06,67,5996.5,Acordo Firmado,60.0,Centro-Oeste
CONTR_2026_06405,Fenix Recuperacao de Credito,2026-04-18,92,7377.16,Em Aberto,99.0,Nordeste
CONTR_2026_06406,Acerta Credito Integrado,2026-04-08,97,11554.55,Acordo Firmado,36.0,Sudeste
CONTR_2026_06407,Vertice Asset e Cobranca,2026-02-16,75,1432.44,Acordo Firmado,47.0,Sudeste
CONTR_2026_06408,Vertice Asset e Cobranca,2026-03-22,68,5341.65,Em Aberto,38.0,Nordeste
CONTR_2026_06409,Nexus Mediacao Financeira,2026-02-08,25,3503.01,Em Aberto,65.0,Nordeste
CONTR_2026_06410,Fenix Recuperacao de Credito,2026-02-07,84,10153.58,Em Aberto,34.0,Centro-Oeste
CONTR_2026_06411,Fenix Recuperacao de Credito,2026-02-13,76,1918.26,Em Aberto,22.0,Sul
CONTR_2026_06412,Vertice Asset e Cobranca,2026-02-20,79,13223.16,Insucesso,94.0,Norte
CONTR_2026_06413,Acerta Credito Integrado,2026-04-07,111,1861.98,Em Aberto,84.0,Nordeste
CONTR_2026_06414,Vertice Asset e Cobranca,2026-03-26,148,1667.86,Insucesso,51.0,Sudeste
CONTR_2026_06415,Fenix Recuperacao de Credito,2026-01-26,79,3327.06,Em Aberto,72.0,Nordeste
CONTR_2026_06416,Vertice Asset e Cobranca,2026-04-20,101,27423.14,Acordo Firmado,45.0,Sudeste
CONTR_2026_06417,Vertice Asset e Cobranca,2026-02-05,97,6222.92,Acordo Firmado,71.0,Sul
CONTR_2026_06418,Fenix Recuperacao de Credito,2026-03-10,124,1333.97,Acordo Firmado,2.0,Sudeste
CONTR_2026_06419,Acerta Credito Integrado,2026-04-07,62,2633.51,Acordo Firmado,58.0,Nordeste
CONTR_2026_06420,Nexus Mediacao Financeira,2026-01-01,61,2007.69,Acordo Firmado,94.0,Nordeste
CONTR_2026_06421,Vertice Asset e Cobranca,2026-02-22,65,1205.02,Em Aberto,12.0,Nordeste
CONTR_2026_06422,Vertice Asset e Cobranca,2026-01-06,21,4817.42,Insucesso,100.0,Nordeste
CONTR_2026_06423,Fenix Recuperacao de Credito,2026-02-06,88,3599.12,Insucesso,27.0,Sul
CONTR_2026_06424,Vertice Asset e Cobranca,2026-01-02,58,5950.27,Em Aberto,98.0,Sudeste
CONTR_2026_06425,Vertice Asset e Cobranca,2026-04-27,97,2419.05,Em Aberto,38.0,Sul
CONTR_2026_06426,Fenix Recuperacao de Credito,2026-03-10,18,10090.85,Acordo Firmado,75.0,Sudeste
CONTR_2026_06427,Fenix Recuperacao de Credito,2026-03-31,88,3615.75,Insucesso,20.0,Sudeste
CONTR_2026_06428,Acerta Credito Integrado,2026-02-10,82,4497.64,Acordo Firmado,94.0,Sudeste
CONTR_2026_06429,Vertice Asset e Cobranca,2026-02-20,73,7792.92,Ajuizado,43.0,Nordeste
CONTR_2026_06430,Nexus Mediacao Financeira,2026-04-27,119,2108.6,Em Aberto,32.0,Sudeste
CONTR_2026_06431,Acerta Credito Integrado,2026-02-16,65,2721.38,Em Aberto,90.0,Sudeste
CONTR_2026_06432,Fenix Recuperacao de Credito,2026-01-13,99,2040.63,Em Aberto,23.0,Nordeste
CONTR_2026_06433,Acerta Credito Integrado,2026-03-17,71,8506.85,Acordo Firmado,41.0,Norte
CONTR_2026_06434,Nexus Mediacao Financeira,2026-03-10,139,1713.05,Insucesso,88.0,Nordeste
CONTR_2026_06435,Acerta Credito Integrado,2026-03-07,85,4556.96,Em Aberto,2.0,Sul
CONTR_2026_06436,Nexus Mediacao Financeira,2026-02-28,110,8129.66,Acordo Firmado,62.0,Sudeste
CONTR_2026_06437,Nexus Mediacao Financeira,2026-03-09,108,4743.96,Ajuizado,96.0,Sul
CONTR_2026_06438,Fenix Recuperacao de Credito,2026-02-28,124,4753.27,Acordo Firmado,53.0,Nordeste
CONTR_2026_06439,Fenix Recuperacao de Credito,2026-04-01,94,1528.96,Acordo Firmado,57.0,Sudeste
CONTR_2026_06440,Nexus Mediacao Financeira,2026-04-24,50,8836.09,Em Aberto,48.0,Sul
CONTR_2026_06441,Vertice Asset e Cobranca,2026-04-27,103,5831.8,Acordo Firmado,79.0,Sul
CONTR_2026_06442,Fenix Recuperacao de Credito,2026-01-10,98,6705.77,Ajuizado,6.0,Sul
CONTR_2026_06443,Acerta Credito Integrado,2026-01-13,15,8457.89,Insucesso,16.0,Sul
CONTR_2026_06444,Fenix Recuperacao de Credito,2026-04-18,39,5311.93,Insucesso,11.0,Sudeste
CONTR_2026_06445,Nexus Mediacao Financeira,2026-01-02,111,4752.72,Acordo Firmado,46.0,Sul
CONTR_2026_06446,Nexus Mediacao Financeira,2026-03-31,132,6640.81,Em Aberto,73.0,Nordeste
CONTR_2026_06447,Vertice Asset e Cobranca,2026-01-15,87,12713.33,Em Aberto,57.0,Nordeste
CONTR_2026_06448,Vertice Asset e Cobranca,2026-02-15,114,6287.43,Em Aberto,67.0,Sudeste
CONTR_2026_06449,Fenix Recuperacao de Credito,2026-02-26,93,8963.44,Em Aberto,7.0,Sudeste
CONTR_2026_06450,Nexus Mediacao Financeira,2026-01-10,91,4472.25,Acordo Firmado,52.0,Sudeste
CONTR_2026_06451,Acerta Credito Integrado,2026-01-22,85,5652.77,Ajuizado,52.0,Sul
CONTR_2026_06452,Vertice Asset e Cobranca,2026-04-14,92,2193.17,Em Aberto,30.0,Sudeste
CONTR_2026_06453,Vertice Asset e Cobranca,2026-03-30,101,4552.21,Em Aberto,55.0,Nordeste
CONTR_2026_06454,Vertice Asset e Cobranca,2026-03-20,77,2006.07,Acordo Firmado,22.0,Centro-Oeste
CONTR_2026_06455,Fenix Recuperacao de Credito,2026-03-18,127,4346.37,Ajuizado,4.0,Sudeste
CONTR_2026_06456,Fenix Recuperacao de Credito,2026-01-08,59,1535.79,Em Aberto,5.0,Centro-Oeste
CONTR_2026_06457,Nexus Mediacao Financeira,2026-01-21,141,5492.56,Em Aberto,22.0,Sudeste
CONTR_2026_06458,Vertice Asset e Cobranca,2026-03-26,83,2889.51,Acordo Firmado,68.0,Nordeste
CONTR_2026_06459,Fenix Recuperacao de Credito,2026-01-22,88,10414.54,Em Aberto,4.0,Sul
CONTR_2026_06460,Vertice Asset e Cobranca,2026-04-20,71,3560.14,Insucesso,43.0,Sudeste
CONTR_2026_06461,Vertice Asset e Cobranca,2026-04-07,102,13691.37,Acordo Firmado,15.0,Nordeste
CONTR_2026_06462,Nexus Mediacao Financeira,2026-02-14,78,4401.71,Insucesso,16.0,Sudeste
CONTR_2026_06463,Fenix Recuperacao de Credito,2026-04-01,75,10648.17,Insucesso,84.0,Norte
CONTR_2026_06464,Vertice Asset e Cobranca,2026-02-09,108,2963.92,Em Aberto,58.0,Nordeste
CONTR_2026_06465,Acerta Credito Integrado,2026-04-24,124,4203.77,Em Aberto,74.0,Nordeste
CONTR_2026_06466,Fenix Recuperacao de Credito,2026-01-22,58,6221.04,Em Aberto,33.0,Sudeste
CONTR_2026_06467,Nexus Mediacao Financeira,2026-01-30,114,2696.42,Acordo Firmado,95.0,Sul
CONTR_2026_06468,Fenix Recuperacao de Credito,2026-03-03,127,6554.91,Em Aberto,65.0,Sudeste
CONTR_2026_06469,Fenix Recuperacao de Credito,2026-03-14,37,2902.62,Ajuizado,25.0,Sudeste
CONTR_2026_06470,Acerta Credito Integrado,2026-02-14,64,4511.08,Em Aberto,37.0,Nordeste
CONTR_2026_06471,Nexus Mediacao Financeira,2026-02-04,126,1318.24,Insucesso,18.0,Nordeste
CONTR_2026_06472,Acerta Credito Integrado,2026-03-23,101,1607.04,Acordo Firmado,25.0,Sul
CONTR_2026_06473,Nexus Mediacao Financeira,2026-02-11,141,2488.04,Acordo Firmado,15.0,Nordeste
CONTR_2026_06474,Vertice Asset e Cobranca,2026-01-05,84,9412.21,Acordo Firmado,68.0,Centro-Oeste
CONTR_2026_06475,Acerta Credito Integrado,2026-01-27,74,6599.7,Insucesso,35.0,Sudeste
CONTR_2026_06476,Fenix Recuperacao de Credito,2026-03-11,130,12395.62,Em Aberto,68.0,Sudeste
CONTR_2026_06477,Nexus Mediacao Financeira,2026-03-03,64,12954.2,Em Aberto,42.0,Norte
CONTR_2026_06478,Fenix Recuperacao de Credito,2026-02-01,82,3547.39,Em Aberto,84.0,Sudeste
CONTR_2026_06479,Nexus Mediacao Financeira,2026-01-08,106,3490.62,Acordo Firmado,12.0,Sudeste
CONTR_2026_06480,Fenix Recuperacao de Credito,2026-04-30,109,10231.62,Em Aberto,94.0,Sudeste
CONTR_2026_06481,Nexus Mediacao Financeira,2026-04-13,66,3979.49,Acordo Firmado,22.0,Sudeste
CONTR_2026_06482,Vertice Asset e Cobranca,2026-03-26,97,10931.6,Acordo Firmado,36.0,Nordeste
CONTR_2026_06483,Nexus Mediacao Financeira,2026-01-18,81,4725.39,Acordo Firmado,34.0,Sul
CONTR_2026_06484,Fenix Recuperacao de Credito,2026-03-19,39,3964.43,Em Aberto,91.0,Nordeste
CONTR_2026_06485,Fenix Recuperacao de Credito,2026-01-15,76,2836.07,Ajuizado,25.0,Nordeste
CONTR_2026_06486,Vertice Asset e Cobranca,2026-04-16,40,1876.16,Em Aberto,39.0,Sudeste
CONTR_2026_06487,Vertice Asset e Cobranca,2026-01-26,70,4931.71,Acordo Firmado,76.0,Centro-Oeste
CONTR_2026_06488,Vertice Asset e Cobranca,2026-02-22,53,3166.88,Em Aberto,59.0,Sudeste
CONTR_2026_06489,Vertice Asset e Cobranca,2026-02-13,113,2634.68,Ajuizado,76.0,Sudeste
CONTR_2026_06490,Acerta Credito Integrado,2026-02-01,99,2129.6,Em Aberto,85.0,Sudeste
CONTR_2026_06491,Nexus Mediacao Financeira,2026-04-13,136,3660.2,Insucesso,51.0,Sudeste
CONTR_2026_06492,Vertice Asset e Cobranca,2026-01-28,62,5258.22,Acordo Firmado,61.0,Sudeste
CONTR_2026_06493,Vertice Asset e Cobranca,2026-02-08,93,10270.82,Em Aberto,33.0,Sul
CONTR_2026_06494,Fenix Recuperacao de Credito,2026-04-17,56,9779.27,Acordo Firmado,7.0,Nordeste
CONTR_2026_06495,Vertice Asset e Cobranca,2026-02-01,71,10857.3,Acordo Firmado,19.0,Nordeste
CONTR_2026_06496,Fenix Recuperacao de Credito,2026-03-18,78,5492.86,Acordo Firmado,88.0,Sul
CONTR_2026_06497,Vertice Asset e Cobranca,2026-03-20,149,5299.79,Ajuizado,20.0,Sudeste
CONTR_2026_06498,Fenix Recuperacao de Credito,2026-01-18,100,12976.85,Acordo Firmado,5.0,Sudeste
CONTR_2026_06499,Fenix Recuperacao de Credito,2026-04-13,86,2902.23,Em Aberto,94.0,Sudeste
CONTR_2026_06500,Acerta Credito Integrado,2026-03-11,122,1985.9,Em Aberto,7.0,Sudeste
CONTR_2026_06501,Fenix Recuperacao de Credito,2026-04-29,110,1632.01,Insucesso,20.0,Sul
CONTR_2026_06502,Fenix Recuperacao de Credito,2026-01-11,88,11845.03,Acordo Firmado,47.0,Sudeste
CONTR_2026_06503,Vertice Asset e Cobranca,2026-02-01,110,3524.27,Acordo Firmado,81.0,Sudeste
CONTR_2026_06504,Fenix Recuperacao de Credito,2026-04-14,80,4653.01,Em Aberto,98.0,Sudeste
CONTR_2026_06505,Fenix Recuperacao de Credito,2026-01-20,179,9324.28,Acordo Firmado,7.0,Sudeste
CONTR_2026_06506,Acerta Credito Integrado,2026-04-07,126,3535.38,Acordo Firmado,75.0,Nordeste
CONTR_2026_06507,Acerta Credito Integrado,2026-02-09,77,11323.05,Acordo Firmado,82.0,Sul
CONTR_2026_06508,Fenix Recuperacao de Credito,2026-01-08,112,3140.81,Insucesso,94.0,Nordeste
CONTR_2026_06509,Acerta Credito Integrado,2026-04-25,106,7790.98,Acordo Firmado,84.0,Nordeste
CONTR_2026_06510,Nexus Mediacao Financeira,2026-02-04,98,6703.62,Insucesso,64.0,Nordeste
CONTR_2026_06511,Fenix Recuperacao de Credito,2026-03-10,105,2324.14,Em Aberto,66.0,Sudeste
CONTR_2026_06512,Acerta Credito Integrado,2026-04-09,65,1864.79,Insucesso,7.0,Sudeste
CONTR_2026_06513,Acerta Credito Integrado,2026-04-21,76,1791.41,Acordo Firmado,91.0,Nordeste
CONTR_2026_06514,Acerta Credito Integrado,2026-03-19,139,6462.18,Em Aberto,15.0,Sul
CONTR_2026_06515,Nexus Mediacao Financeira,2026-01-21,96,1265.14,Acordo Firmado,83.0,Nordeste
CONTR_2026_06516,Fenix Recuperacao de Credito,2026-04-21,68,6603.97,Acordo Firmado,34.0,Nordeste
CONTR_2026_06517,Acerta Credito Integrado,2026-01-24,85,8815.52,Acordo Firmado,66.0,Sudeste
CONTR_2026_06518,Acerta Credito Integrado,2026-01-17,73,3001.34,Em Aberto,28.0,Sudeste
CONTR_2026_06519,Vertice Asset e Cobranca,2026-01-18,116,8046.21,Acordo Firmado,66.0,Nordeste
CONTR_2026_06520,Fenix Recuperacao de Credito,2026-04-08,73,2103.93,Em Aberto,11.0,Sudeste
CONTR_2026_06521,Fenix Recuperacao de Credito,2026-01-12,91,17356.13,Em Aberto,70.0,Sudeste
CONTR_2026_06522,Fenix Recuperacao de Credito,2026-01-16,70,2520.26,Insucesso,56.0,Sudeste
CONTR_2026_06523,Acerta Credito Integrado,2026-01-04,156,4550.72,Em Aberto,23.0,Sul
CONTR_2026_06524,Fenix Recuperacao de Credito,2026-03-30,108,20885.76,Insucesso,10.0,Sudeste
CONTR_2026_06525,Fenix Recuperacao de Credito,2026-02-03,107,13083.2,Acordo Firmado,97.0,Norte
CONTR_2026_06526,Vertice Asset e Cobranca,2026-04-02,110,6586.19,Em Aberto,83.0,Sul
CONTR_2026_06527,Fenix Recuperacao de Credito,2026-02-15,78,3503.77,Ajuizado,75.0,Nordeste
CONTR_2026_06528,Acerta Credito Integrado,2026-03-16,135,7221.34,Acordo Firmado,24.0,Nordeste
CONTR_2026_06529,Vertice Asset e Cobranca,2026-03-18,87,4283.46,Em Aberto,60.0,Sudeste
CONTR_2026_06530,Acerta Credito Integrado,2026-01-31,143,1776.16,Em Aberto,92.0,Sudeste
CONTR_2026_06531,Nexus Mediacao Financeira,2026-01-25,80,9147.63,Acordo Firmado,12.0,Nordeste
CONTR_2026_06532,Fenix Recuperacao de Credito,2026-04-13,111,11463.47,Em Aberto,92.0,Sudeste
CONTR_2026_06533,Fenix Recuperacao de Credito,2026-03-15,95,3817.92,Ajuizado,5.0,Sudeste
CONTR_2026_06534,Fenix Recuperacao de Credito,2026-01-24,98,6678.98,Em Aberto,19.0,Sudeste
CONTR_2026_06535,Fenix Recuperacao de Credito,2026-03-06,39,1354.17,Ajuizado,72.0,Centro-Oeste
CONTR_2026_06536,Vertice Asset e Cobranca,2026-04-27,60,2298.56,Acordo Firmado,37.0,Sudeste
CONTR_2026_06537,Nexus Mediacao Financeira,2026-01-25,135,5422.92,Insucesso,28.0,Sul
CONTR_2026_06538,Acerta Credito Integrado,2026-01-28,51,2801.6,Em Aberto,44.0,Sudeste
CONTR_2026_06539,Vertice Asset e Cobranca,2026-02-05,116,15644.59,Em Aberto,43.0,Centro-Oeste
CONTR_2026_06540,Nexus Mediacao Financeira,2026-03-23,167,10271.38,Acordo Firmado,69.0,Nordeste
CONTR_2026_06541,Fenix Recuperacao de Credito,2026-01-06,106,6521.14,Insucesso,72.0,Sul
CONTR_2026_06542,Acerta Credito Integrado,2026-03-07,153,34995.85,Em Aberto,88.0,Sudeste
CONTR_2026_06543,Vertice Asset e Cobranca,2026-03-08,110,2593.6,Insucesso,20.0,Sudeste
CONTR_2026_06544,Vertice Asset e Cobranca,2026-04-20,97,13774.38,Em Aberto,99.0,Sudeste
CONTR_2026_06545,Vertice Asset e Cobranca,2026-03-13,101,3016.15,Acordo Firmado,6.0,Nordeste
CONTR_2026_06546,Fenix Recuperacao de Credito,2026-04-05,84,5739.07,Em Aberto,69.0,Sudeste
CONTR_2026_06547,Nexus Mediacao Financeira,2026-02-17,83,4049.05,Em Aberto,51.0,Sudeste
CONTR_2026_06548,Nexus Mediacao Financeira,2026-03-24,74,4127.88,Ajuizado,92.0,Centro-Oeste
CONTR_2026_06549,Fenix Recuperacao de Credito,2026-04-24,102,8388.15,Em Aberto,12.0,Nordeste
CONTR_2026_06550,Vertice Asset e Cobranca,2026-03-11,156,3335.05,Acordo Firmado,15.0,Sudeste
CONTR_2026_06551,Vertice Asset e Cobranca,2026-03-19,132,4741.59,Em Aberto,67.0,Sudeste
CONTR_2026_06552,Nexus Mediacao Financeira,2026-03-08,96,2389.47,Ajuizado,87.0,Sudeste
CONTR_2026_06553,Nexus Mediacao Financeira,2026-02-17,108,8408.43,Ajuizado,63.0,Centro-Oeste
CONTR_2026_06554,Fenix Recuperacao de Credito,2026-03-06,87,5214.05,Acordo Firmado,36.0,Sudeste
CONTR_2026_06555,Acerta Credito Integrado,2026-02-13,132,2672.28,Ajuizado,7.0,Nordeste
CONTR_2026_06556,Acerta Credito Integrado,2026-04-04,41,2745.79,Acordo Firmado,1.0,Sudeste
CONTR_2026_06557,Vertice Asset e Cobranca,2026-03-04,147,2937.42,Acordo Firmado,72.0,Nordeste
CONTR_2026_06558,Fenix Recuperacao de Credito,2026-02-15,73,7208.08,Acordo Firmado,91.0,Nordeste
CONTR_2026_06559,Acerta Credito Integrado,2026-01-19,78,5720.48,Acordo Firmado,49.0,Sudeste
CONTR_2026_06560,Vertice Asset e Cobranca,2026-04-28,53,9836.76,Em Aberto,51.0,Sudeste
CONTR_2026_06561,Fenix Recuperacao de Credito,2026-03-05,94,5437.67,Em Aberto,52.0,Sul
CONTR_2026_06562,Vertice Asset e Cobranca,2026-03-24,69,3031.13,Em Aberto,95.0,Sul
CONTR_2026_06563,Fenix Recuperacao de Credito,2026-03-14,124,17666.68,Acordo Firmado,43.0,Nordeste
CONTR_2026_06564,Nexus Mediacao Financeira,2026-03-12,110,12062.36,Em Aberto,39.0,Nordeste
CONTR_2026_06565,Fenix Recuperacao de Credito,2026-04-20,69,2834.34,Insucesso,75.0,Sudeste
CONTR_2026_06566,Vertice Asset e Cobranca,2026-04-11,63,13391.62,Em Aberto,43.0,Sudeste
CONTR_2026_06567,Nexus Mediacao Financeira,2026-02-19,70,7567.05,Em Aberto,54.0,Nordeste
CONTR_2026_06568,Nexus Mediacao Financeira,2026-03-04,61,3878.1,Em Aberto,21.0,Sudeste
CONTR_2026_06569,Vertice Asset e Cobranca,2026-02-10,81,4345.01,Acordo Firmado,15.0,Nordeste
CONTR_2026_06570,Vertice Asset e Cobranca,2026-04-27,64,4156.4,Acordo Firmado,92.0,Sudeste
CONTR_2026_06571,Nexus Mediacao Financeira,2026-01-07,125,9169.39,Acordo Firmado,38.0,Sul
CONTR_2026_06572,Fenix Recuperacao de Credito,2026-01-09,75,2164.92,Em Aberto,23.0,Nordeste
CONTR_2026_06573,Fenix Recuperacao de Credito,2026-01-04,107,1502.3,Ajuizado,91.0,Sudeste
CONTR_2026_06574,Acerta Credito Integrado,2026-03-30,107,4650.34,Insucesso,83.0,Sudeste
CONTR_2026_06575,Fenix Recuperacao de Credito,2026-02-18,34,2915.34,Em Aberto,80.0,Nordeste
CONTR_2026_06576,Acerta Credito Integrado,2026-03-17,111,5349.7,Acordo Firmado,76.0,Sul
CONTR_2026_06577,Fenix Recuperacao de Credito,2026-01-06,38,20328.05,Em Aberto,51.0,Nordeste
CONTR_2026_06578,Vertice Asset e Cobranca,2026-03-23,64,6765.37,Em Aberto,23.0,Nordeste
CONTR_2026_06579,Vertice Asset e Cobranca,2026-04-14,110,17197.61,Em Aberto,51.0,Nordeste
CONTR_2026_06580,Nexus Mediacao Financeira,2026-01-21,93,7784.86,Acordo Firmado,71.0,Nordeste
CONTR_2026_06581,Acerta Credito Integrado,2026-01-15,79,1594.76,Insucesso,46.0,Nordeste
CONTR_2026_06582,Fenix Recuperacao de Credito,2026-03-08,36,12204.7,Ajuizado,94.0,Nordeste
CONTR_2026_06583,Acerta Credito Integrado,2026-03-07,118,2308.97,Em Aberto,61.0,Nordeste
CONTR_2026_06584,Fenix Recuperacao de Credito,2026-02-25,103,11204.61,Acordo Firmado,16.0,Sudeste
CONTR_2026_06585,Nexus Mediacao Financeira,2026-04-29,64,8113.17,Em Aberto,60.0,Nordeste
CONTR_2026_06586,Vertice Asset e Cobranca,2026-04-15,61,10319.89,Acordo Firmado,32.0,Norte
CONTR_2026_06587,Vertice Asset e Cobranca,2026-04-14,120,2662.34,Acordo Firmado,41.0,Sul
CONTR_2026_06588,Fenix Recuperacao de Credito,2026-03-09,99,9435.62,Ajuizado,60.0,Nordeste
CONTR_2026_06589,Fenix Recuperacao de Credito,2026-02-01,49,5912.56,Insucesso,21.0,Nordeste
CONTR_2026_06590,Acerta Credito Integrado,2026-03-07,68,1627.1,Em Aberto,68.0,Sudeste
CONTR_2026_06591,Vertice Asset e Cobranca,2026-04-20,148,12197.07,Acordo Firmado,7.0,Nordeste
CONTR_2026_06592,Vertice Asset e Cobranca,2026-01-29,120,11670.19,Acordo Firmado,91.0,Nordeste
CONTR_2026_06593,Vertice Asset e Cobranca,2026-03-07,90,5443.06,Acordo Firmado,70.0,Nordeste
CONTR_2026_06594,Acerta Credito Integrado,2026-02-03,90,4213.1,Em Aberto,20.0,Sul
CONTR_2026_06595,Acerta Credito Integrado,2026-01-27,24,3758.69,Em Aberto,44.0,Sudeste
CONTR_2026_06596,Vertice Asset e Cobranca,2026-03-01,129,5815.79,Ajuizado,44.0,Nordeste
CONTR_2026_06597,Fenix Recuperacao de Credito,2026-04-28,76,10416.03,Em Aberto,12.0,Sudeste
CONTR_2026_06598,Vertice Asset e Cobranca,2026-02-08,65,5372.72,Insucesso,59.0,Nordeste
CONTR_2026_06599,Fenix Recuperacao de Credito,2026-02-13,112,1894.31,Em Aberto,78.0,Nordeste
CONTR_2026_06600,Nexus Mediacao Financeira,2026-04-12,71,3027.64,Acordo Firmado,34.0,Nordeste
CONTR_2026_06601,Nexus Mediacao Financeira,2026-03-23,35,6716.82,Acordo Firmado,44.0,Nordeste
CONTR_2026_06602,Nexus Mediacao Financeira,2026-02-05,102,6403.95,Em Aberto,81.0,Sul
CONTR_2026_06603,Vertice Asset e Cobranca,2026-01-19,44,4858.38,Insucesso,40.0,Sul
CONTR_2026_06604,Acerta Credito Integrado,2026-04-01,88,2575.33,Acordo Firmado,84.0,Sul
CONTR_2026_06605,Nexus Mediacao Financeira,2026-02-14,99,2777.53,Em Aberto,2.0,Sudeste
CONTR_2026_06606,Fenix Recuperacao de Credito,2026-03-25,81,4510.66,Ajuizado,61.0,Nordeste
CONTR_2026_06607,Fenix Recuperacao de Credito,2026-01-21,81,3708.47,Insucesso,21.0,Sudeste
CONTR_2026_06608,Nexus Mediacao Financeira,2026-01-23,136,3098.53,Em Aberto,12.0,Sudeste
CONTR_2026_06609,Fenix Recuperacao de Credito,2026-04-04,136,10043.87,Ajuizado,77.0,Sudeste
CONTR_2026_06610,Vertice Asset e Cobranca,2026-03-30,62,4706.09,Insucesso,65.0,Centro-Oeste
CONTR_2026_06611,Acerta Credito Integrado,2026-04-05,72,4696.52,Em Aberto,82.0,Centro-Oeste
CONTR_2026_06612,Acerta Credito Integrado,2026-01-27,73,3993.57,Em Aberto,78.0,Nordeste
CONTR_2026_06613,Fenix Recuperacao de Credito,2026-04-08,89,6911.3,Acordo Firmado,95.0,Sudeste
CONTR_2026_06614,Fenix Recuperacao de Credito,2026-03-13,87,2165.8,Insucesso,88.0,Nordeste
CONTR_2026_06615,Fenix Recuperacao de Credito,2026-01-19,141,15575.37,Acordo Firmado,12.0,Sudeste
CONTR_2026_06616,Acerta Credito Integrado,2026-02-10,84,1752.49,Acordo Firmado,52.0,Sudeste
CONTR_2026_06617,Fenix Recuperacao de Credito,2026-01-26,59,7394.54,Em Aberto,89.0,Centro-Oeste
CONTR_2026_06618,Vertice Asset e Cobranca,2026-01-28,72,7292.09,Insucesso,100.0,Sudeste
CONTR_2026_06619,Nexus Mediacao Financeira,2026-03-05,101,1804.84,Em Aberto,14.0,Sul
CONTR_2026_06620,Acerta Credito Integrado,2026-03-09,82,26039.86,Em Aberto,18.0,Nordeste
CONTR_2026_06621,Fenix Recuperacao de Credito,2026-04-05,99,1374.58,Acordo Firmado,24.0,Sudeste
CONTR_2026_06622,Vertice Asset e Cobranca,2026-03-21,82,3468.21,Acordo Firmado,26.0,Nordeste
CONTR_2026_06623,Vertice Asset e Cobranca,2026-02-20,111,3964.93,Em Aberto,94.0,Nordeste
CONTR_2026_06624,Nexus Mediacao Financeira,2026-03-15,87,9317.84,Em Aberto,61.0,Sudeste
CONTR_2026_06625,Acerta Credito Integrado,2026-04-12,53,1351.35,Em Aberto,68.0,Centro-Oeste
CONTR_2026_06626,Fenix Recuperacao de Credito,2026-02-17,79,5271.16,Em Aberto,64.0,Centro-Oeste
CONTR_2026_06627,Acerta Credito Integrado,2026-01-10,156,2340.79,Insucesso,40.0,Sudeste
CONTR_2026_06628,Nexus Mediacao Financeira,2026-04-19,127,5450.04,Em Aberto,29.0,Nordeste
CONTR_2026_06629,Nexus Mediacao Financeira,2026-03-14,55,6397.19,Insucesso,51.0,Sudeste
CONTR_2026_06630,Nexus Mediacao Financeira,2026-02-08,143,1373.69,Ajuizado,68.0,Nordeste
CONTR_2026_06631,Vertice Asset e Cobranca,2026-04-10,94,1549.24,Acordo Firmado,59.0,Sudeste
CONTR_2026_06632,Fenix Recuperacao de Credito,2026-04-25,75,1645.38,Acordo Firmado,51.0,Nordeste
CONTR_2026_06633,Nexus Mediacao Financeira,2026-04-10,81,10762.1,Acordo Firmado,56.0,Centro-Oeste
CONTR_2026_06634,Nexus Mediacao Financeira,2026-01-19,91,14263.73,Acordo Firmado,66.0,Sudeste
CONTR_2026_06635,Nexus Mediacao Financeira,2026-03-05,122,4078.8,Insucesso,12.0,Nordeste
CONTR_2026_06636,Vertice Asset e Cobranca,2026-01-19,95,11589.07,Ajuizado,22.0,Sul
CONTR_2026_06637,Fenix Recuperacao de Credito,2026-03-17,100,4433.32,Em Aberto,62.0,Sudeste
CONTR_2026_06638,Nexus Mediacao Financeira,2026-03-03,126,3763.52,Em Aberto,26.0,Sul
CONTR_2026_06639,Fenix Recuperacao de Credito,2026-01-13,78,4988.37,Em Aberto,14.0,Sul
CONTR_2026_06640,Vertice Asset e Cobranca,2026-01-25,99,9007.66,Em Aberto,9.0,Nordeste
CONTR_2026_06641,Acerta Credito Integrado,2026-04-10,103,2466.51,Insucesso,74.0,Nordeste
CONTR_2026_06642,Acerta Credito Integrado,2026-03-30,94,2995.76,Em Aberto,7.0,Centro-Oeste
CONTR_2026_06643,Vertice Asset e Cobranca,2026-04-02,104,10648.22,Em Aberto,47.0,Nordeste
CONTR_2026_06644,Acerta Credito Integrado,2026-02-11,69,13583.29,Acordo Firmado,58.0,Nordeste
CONTR_2026_06645,Vertice Asset e Cobranca,2026-04-27,119,1856.3,Em Aberto,20.0,Sudeste
CONTR_2026_06646,Vertice Asset e Cobranca,2026-02-08,73,7302.8,Em Aberto,79.0,Sudeste
CONTR_2026_06647,Acerta Credito Integrado,2026-01-30,103,1248.33,Em Aberto,56.0,Nordeste
CONTR_2026_06648,Acerta Credito Integrado,2026-01-05,96,2613.06,Em Aberto,43.0,Nordeste
CONTR_2026_06649,Nexus Mediacao Financeira,2026-03-22,69,1555.48,Acordo Firmado,98.0,Sudeste
CONTR_2026_06650,Acerta Credito Integrado,2026-01-18,138,4822.07,Ajuizado,60.0,Nordeste
CONTR_2026_06651,Fenix Recuperacao de Credito,2026-04-17,141,3303.28,Insucesso,52.0,Norte
CONTR_2026_06652,Acerta Credito Integrado,2026-04-21,62,1940.11,Acordo Firmado,88.0,Nordeste
CONTR_2026_06653,Vertice Asset e Cobranca,2026-01-21,113,1201.6,Acordo Firmado,66.0,Nordeste
CONTR_2026_06654,Fenix Recuperacao de Credito,2026-03-27,86,3658.28,Em Aberto,20.0,Sudeste
CONTR_2026_06655,Fenix Recuperacao de Credito,2026-04-13,69,2944.04,Em Aberto,13.0,Sul
CONTR_2026_06656,Vertice Asset e Cobranca,2026-02-19,101,1439.07,Acordo Firmado,25.0,Sul
CONTR_2026_06657,Vertice Asset e Cobranca,2026-01-06,115,10744.91,Insucesso,36.0,Sudeste
CONTR_2026_06658,Vertice Asset e Cobranca,2026-02-19,94,3844.76,Acordo Firmado,3.0,Sudeste
CONTR_2026_06659,Fenix Recuperacao de Credito,2026-03-21,79,8653.49,Em Aberto,47.0,Nordeste
CONTR_2026_06660,Vertice Asset e Cobranca,2026-03-07,129,3941.27,Insucesso,12.0,Sudeste
CONTR_2026_06661,Nexus Mediacao Financeira,2026-04-25,130,1549.51,Acordo Firmado,60.0,Sudeste
CONTR_2026_06662,Vertice Asset e Cobranca,2026-01-01,69,3706.55,Em Aberto,97.0,Sudeste
CONTR_2026_06663,Vertice Asset e Cobranca,2026-02-26,92,12063.6,Acordo Firmado,28.0,Nordeste
CONTR_2026_06664,Acerta Credito Integrado,2026-01-30,42,1239.01,Acordo Firmado,75.0,Sudeste
CONTR_2026_06665,Acerta Credito Integrado,2026-02-27,115,12483.44,Insucesso,81.0,Norte
CONTR_2026_06666,Acerta Credito Integrado,2026-04-17,129,6546.16,Ajuizado,14.0,Sul
CONTR_2026_06667,Vertice Asset e Cobranca,2026-02-21,101,28369.11,Em Aberto,31.0,Sudeste
CONTR_2026_06668,Acerta Credito Integrado,2026-02-06,58,13591.7,Acordo Firmado,69.0,Nordeste
CONTR_2026_06669,Fenix Recuperacao de Credito,2026-02-17,138,11360.97,Acordo Firmado,66.0,Sul
CONTR_2026_06670,Fenix Recuperacao de Credito,2026-03-28,150,1391.16,Em Aberto,60.0,Sudeste
CONTR_2026_06671,Vertice Asset e Cobranca,2026-01-01,77,2844.24,Em Aberto,77.0,Sudeste
CONTR_2026_06672,Acerta Credito Integrado,2026-01-19,103,3547.97,Em Aberto,20.0,Sul
CONTR_2026_06673,Fenix Recuperacao de Credito,2026-02-15,114,7216.91,Acordo Firmado,11.0,Sudeste
CONTR_2026_06674,Fenix Recuperacao de Credito,2026-03-08,113,6429.73,Em Aberto,78.0,Sudeste
CONTR_2026_06675,Fenix Recuperacao de Credito,2026-01-02,91,2141.87,Acordo Firmado,4.0,Nordeste
CONTR_2026_06676,Acerta Credito Integrado,2026-02-25,143,7874.88,Em Aberto,52.0,Sudeste
CONTR_2026_06677,Nexus Mediacao Financeira,2026-04-11,43,2045.81,Em Aberto,47.0,Nordeste
CONTR_2026_06678,Vertice Asset e Cobranca,2026-01-17,43,4248.01,Insucesso,67.0,Nordeste
CONTR_2026_06679,Nexus Mediacao Financeira,2026-04-02,89,5522.52,Acordo Firmado,11.0,Nordeste
CONTR_2026_06680,Nexus Mediacao Financeira,2026-03-23,142,11427.42,Acordo Firmado,50.0,Sudeste
CONTR_2026_06681,Nexus Mediacao Financeira,2026-04-07,124,6189.16,Em Aberto,89.0,Sudeste
CONTR_2026_06682,Fenix Recuperacao de Credito,2026-03-20,45,16688.13,Em Aberto,23.0,Sudeste
CONTR_2026_06683,Acerta Credito Integrado,2026-01-22,175,27209.22,Em Aberto,81.0,Sul
CONTR_2026_06684,Vertice Asset e Cobranca,2026-04-15,106,4754.75,Em Aberto,62.0,Sul
CONTR_2026_06685,Nexus Mediacao Financeira,2026-01-27,55,1464.26,Acordo Firmado,53.0,Sul
CONTR_2026_06686,Fenix Recuperacao de Credito,2026-02-24,9999,1343.64,Em Aberto,95.0,Sudeste
CONTR_2026_06687,Vertice Asset e Cobranca,2026-04-11,119,10877.51,Em Aberto,14.0,Sudeste
CONTR_2026_06688,Vertice Asset e Cobranca,2026-02-01,127,4664.24,Em Aberto,47.0,Norte
CONTR_2026_06689,Nexus Mediacao Financeira,2026-03-01,88,3484.79,Em Aberto,18.0,Sul
CONTR_2026_06690,Fenix Recuperacao de Credito,2026-04-19,105,2873.56,Acordo Firmado,67.0,Sul
CONTR_2026_06691,Acerta Credito Integrado,2026-03-24,86,2854.96,Acordo Firmado,99.0,Nordeste
CONTR_2026_06692,Fenix Recuperacao de Credito,2026-01-28,88,1578.04,Insucesso,83.0,Sudeste
CONTR_2026_06693,Nexus Mediacao Financeira,2026-01-28,111,3004.8,Em Aberto,23.0,Sudeste
CONTR_2026_06694,Acerta Credito Integrado,2026-04-30,133,6375.46,Acordo Firmado,95.0,Sudeste
CONTR_2026_06695,Nexus Mediacao Financeira,2026-03-15,55,3632.37,Em Aberto,60.0,Sudeste
CONTR_2026_06696,Acerta Credito Integrado,2026-03-25,83,15965.07,Acordo Firmado,59.0,Sudeste
CONTR_2026_06697,Nexus Mediacao Financeira,2026-01-25,71,6715.67,Acordo Firmado,88.0,Sudeste
CONTR_2026_06698,Vertice Asset e Cobranca,2026-03-26,59,11174.64,Em Aberto,50.0,Sul
CONTR_2026_06699,Acerta Credito Integrado,2026-03-19,58,1806.1,Acordo Firmado,61.0,Sudeste
CONTR_2026_06700,Vertice Asset e Cobranca,2026-03-27,90,4193.88,Acordo Firmado,17.0,Centro-Oeste
CONTR_2026_06701,Nexus Mediacao Financeira,2026-04-27,57,1411.61,Em Aberto,54.0,Sudeste
CONTR_2026_06702,Acerta Credito Integrado,2026-01-26,56,12469.62,Acordo Firmado,91.0,Sudeste
CONTR_2026_06703,Vertice Asset e Cobranca,2026-04-18,84,1994.21,Em Aberto,9.0,Sudeste
CONTR_2026_06704,Vertice Asset e Cobranca,2026-03-16,60,9384.6,Ajuizado,51.0,Sul
CONTR_2026_06705,Vertice Asset e Cobranca,2026-04-29,105,14072.69,Acordo Firmado,78.0,Sudeste
CONTR_2026_06706,Acerta Credito Integrado,2026-03-12,75,4115.98,Em Aberto,22.0,Sul
CONTR_2026_06707,Fenix Recuperacao de Credito,2026-01-17,54,3666.25,Insucesso,40.0,Centro-Oeste
CONTR_2026_06708,Nexus Mediacao Financeira,2026-03-23,159,5782.93,Em Aberto,78.0,Nordeste
CONTR_2026_06709,Nexus Mediacao Financeira,2026-01-07,26,7941.72,Insucesso,52.0,Nordeste
CONTR_2026_06710,Fenix Recuperacao de Credito,2026-02-25,115,6386.78,Em Aberto,78.0,Sudeste
CONTR_2026_06711,Fenix Recuperacao de Credito,2026-03-05,100,1205.78,Em Aberto,28.0,Nordeste
CONTR_2026_06712,Fenix Recuperacao de Credito,2026-01-20,75,8907.38,Acordo Firmado,44.0,Centro-Oeste
CONTR_2026_06713,Acerta Credito Integrado,2026-02-07,62,1997.25,Insucesso,54.0,Sul
CONTR_2026_06714,Acerta Credito Integrado,2026-03-16,141,4186.24,Em Aberto,97.0,Sul
CONTR_2026_06715,Acerta Credito Integrado,2026-04-18,153,2858.91,Acordo Firmado,48.0,Centro-Oeste
CONTR_2026_06716,Vertice Asset e Cobranca,2026-02-27,81,14349.03,Em Aberto,51.0,Centro-Oeste
CONTR_2026_06717,Fenix Recuperacao de Credito,2026-01-16,76,4686.86,Ajuizado,35.0,Centro-Oeste
CONTR_2026_06718,Vertice Asset e Cobranca,2026-02-20,123,4892.4,Acordo Firmado,45.0,Sul
CONTR_2026_06719,Fenix Recuperacao de Credito,2026-04-29,82,1596.01,Ajuizado,28.0,Sudeste
CONTR_2026_06720,Vertice Asset e Cobranca,2026-01-27,107,12582.69,Em Aberto,67.0,Nordeste
CONTR_2026_06721,Acerta Credito Integrado,2026-02-20,106,2565.79,Insucesso,86.0,Nordeste
CONTR_2026_06722,Fenix Recuperacao de Credito,2026-03-16,91,3871.82,Em Aberto,38.0,Sul
CONTR_2026_06723,Acerta Credito Integrado,2026-01-16,94,22297.69,Em Aberto,53.0,Nordeste
CONTR_2026_06724,Vertice Asset e Cobranca,2026-03-28,101,1804.6,Insucesso,87.0,Nordeste
CONTR_2026_06725,Nexus Mediacao Financeira,2026-03-01,57,7538.61,Em Aberto,6.0,Sudeste
CONTR_2026_06726,Fenix Recuperacao de Credito,2026-03-17,69,2706.43,Acordo Firmado,14.0,Nordeste
CONTR_2026_06727,Vertice Asset e Cobranca,2026-02-09,96,3921.83,Acordo Firmado,86.0,Sudeste
CONTR_2026_06728,Fenix Recuperacao de Credito,2026-03-08,76,3908.08,Em Aberto,36.0,Sul
CONTR_2026_06729,Vertice Asset e Cobranca,2026-01-02,173,14658.4,Em Aberto,84.0,Sudeste
CONTR_2026_06730,Acerta Credito Integrado,2026-04-12,93,1252.08,Em Aberto,51.0,Centro-Oeste
CONTR_2026_06731,Vertice Asset e Cobranca,2026-02-17,37,3488.04,Ajuizado,87.0,Sudeste
CONTR_2026_06732,Fenix Recuperacao de Credito,2026-02-21,15,10767.04,Em Aberto,77.0,Centro-Oeste
CONTR_2026_06733,Fenix Recuperacao de Credito,2026-01-24,114,13268.26,Em Aberto,44.0,Sul
CONTR_2026_06734,Vertice Asset e Cobranca,2026-04-03,94,3064.93,Acordo Firmado,45.0,Nordeste
CONTR_2026_06735,Fenix Recuperacao de Credito,2026-04-21,133,2585.06,Acordo Firmado,73.0,Sul
CONTR_2026_06736,Nexus Mediacao Financeira,2026-04-20,70,4292.7,Acordo Firmado,41.0,Sul
CONTR_2026_06737,Fenix Recuperacao de Credito,2026-04-08,86,8048.95,Acordo Firmado,51.0,Nordeste
CONTR_2026_06738,Fenix Recuperacao de Credito,2026-03-25,98,2036.41,Acordo Firmado,92.0,Sudeste
CONTR_2026_06739,Fenix Recuperacao de Credito,2026-03-23,85,8873.2,Em Aberto,7.0,Nordeste
CONTR_2026_06740,Fenix Recuperacao de Credito,2026-03-19,82,4794.09,Acordo Firmado,83.0,Sudeste
CONTR_2026_06741,Fenix Recuperacao de Credito,2026-03-23,111,1958.8,Em Aberto,95.0,Sudeste
CONTR_2026_06742,Fenix Recuperacao de Credito,2026-01-02,64,6770.04,Insucesso,99.0,Sudeste
CONTR_2026_06743,Nexus Mediacao Financeira,2026-03-06,106,6147.01,Acordo Firmado,93.0,Sul
CONTR_2026_06744,Acerta Credito Integrado,2026-01-20,144,6069.11,Em Aberto,47.0,Sudeste
CONTR_2026_06745,Vertice Asset e Cobranca,2026-02-03,139,8228.13,Em Aberto,33.0,Nordeste
CONTR_2026_06746,Vertice Asset e Cobranca,2026-02-10,35,2199.72,Em Aberto,22.0,Sul
CONTR_2026_06747,Nexus Mediacao Financeira,2026-02-10,75,7178.33,Insucesso,67.0,Sudeste
CONTR_2026_06748,Fenix Recuperacao de Credito,2026-04-22,98,12114.88,Ajuizado,77.0,Norte
CONTR_2026_06749,Vertice Asset e Cobranca,2026-03-16,128,4978.43,Em Aberto,13.0,Nordeste
CONTR_2026_06750,Vertice Asset e Cobranca,2026-04-01,96,4527.95,Acordo Firmado,56.0,Nordeste
CONTR_2026_06751,Vertice Asset e Cobranca,2026-01-23,128,9192.2,Insucesso,77.0,Sudeste
CONTR_2026_06752,Nexus Mediacao Financeira,2026-02-07,69,1990.5,Acordo Firmado,12.0,Centro-Oeste
CONTR_2026_06753,Vertice Asset e Cobranca,2026-02-13,99,3284.2,Acordo Firmado,5.0,Nordeste
CONTR_2026_06754,Fenix Recuperacao de Credito,2026-03-08,100,10813.36,Em Aberto,77.0,Nordeste
CONTR_2026_06755,Fenix Recuperacao de Credito,2026-03-03,129,4663.48,Insucesso,55.0,Norte
CONTR_2026_06756,Vertice Asset e Cobranca,2026-01-12,117,10376.55,Insucesso,76.0,Nordeste
CONTR_2026_06757,Acerta Credito Integrado,2026-01-30,110,2650.88,Em Aberto,74.0,Sudeste
CONTR_2026_06758,Nexus Mediacao Financeira,2026-04-05,115,3668.0,Acordo Firmado,15.0,Nordeste
CONTR_2026_06759,Vertice Asset e Cobranca,2026-03-28,53,9875.53,Em Aberto,66.0,Nordeste
CONTR_2026_06760,Vertice Asset e Cobranca,2026-03-06,84,2092.62,Acordo Firmado,38.0,Nordeste
CONTR_2026_06761,Vertice Asset e Cobranca,2026-02-10,59,12458.4,Em Aberto,51.0,Sul
CONTR_2026_06762,Fenix Recuperacao de Credito,2026-01-20,70,3054.33,Insucesso,97.0,Sul
CONTR_2026_06763,Fenix Recuperacao de Credito,2026-04-28,84,19203.77,Insucesso,98.0,Nordeste
CONTR_2026_06764,Vertice Asset e Cobranca,2026-01-06,22,9993.39,Em Aberto,55.0,Nordeste
CONTR_2026_06765,Acerta Credito Integrado,2026-03-16,85,4240.22,Acordo Firmado,89.0,Norte
CONTR_2026_06766,Fenix Recuperacao de Credito,2026-04-09,66,7978.72,Acordo Firmado,55.0,Sudeste
CONTR_2026_06767,Vertice Asset e Cobranca,2026-01-04,58,5251.35,Ajuizado,47.0,Sul
CONTR_2026_06768,Fenix Recuperacao de Credito,2026-04-03,92,10795.04,Em Aberto,90.0,Nordeste
CONTR_2026_06769,Acerta Credito Integrado,2026-01-10,78,4850.19,Acordo Firmado,14.0,Nordeste
CONTR_2026_06770,Vertice Asset e Cobranca,2026-02-20,100,23312.27,Em Aberto,15.0,Sudeste
CONTR_2026_06771,Fenix Recuperacao de Credito,2026-04-03,70,1916.51,Em Aberto,35.0,Sudeste
CONTR_2026_06772,Acerta Credito Integrado,2026-02-07,84,6842.3,Em Aberto,31.0,Sudeste
CONTR_2026_06773,Nexus Mediacao Financeira,2026-01-01,163,2609.52,Acordo Firmado,34.0,Sul
CONTR_2026_06774,Fenix Recuperacao de Credito,2026-04-14,108,2261.19,Em Aberto,73.0,Sudeste
CONTR_2026_06775,Vertice Asset e Cobranca,2026-01-08,64,3823.36,Acordo Firmado,7.0,Sudeste
CONTR_2026_06776,Vertice Asset e Cobranca,2026-04-12,127,3490.07,Em Aberto,38.0,Nordeste
CONTR_2026_06777,Acerta Credito Integrado,2026-03-22,136,1437.22,Em Aberto,51.0,Sudeste
CONTR_2026_06778,Vertice Asset e Cobranca,2026-03-24,107,3990.67,Ajuizado,87.0,Nordeste
CONTR_2026_06779,Vertice Asset e Cobranca,2026-03-04,66,16374.27,Em Aberto,14.0,Sudeste
CONTR_2026_06780,Fenix Recuperacao de Credito,2026-02-02,120,4345.01,Em Aberto,25.0,Nordeste
CONTR_2026_06781,Vertice Asset e Cobranca,2026-01-15,72,2996.36,Insucesso,8.0,Sudeste
CONTR_2026_06782,Vertice Asset e Cobranca,2026-04-19,130,16087.1,Em Aberto,40.0,Sudeste
CONTR_2026_06783,Nexus Mediacao Financeira,2026-01-31,82,4723.29,Ajuizado,6.0,Sudeste
CONTR_2026_06784,Vertice Asset e Cobranca,2026-01-21,81,2892.09,Acordo Firmado,79.0,Sul
CONTR_2026_06785,Acerta Credito Integrado,2026-01-03,105,8839.05,Insucesso,20.0,Nordeste
CONTR_2026_06786,Acerta Credito Integrado,2026-03-07,132,2465.52,Acordo Firmado,81.0,Sudeste
CONTR_2026_06787,Fenix Recuperacao de Credito,2026-02-04,161,2623.43,Em Aberto,96.0,Nordeste
CONTR_2026_06788,Acerta Credito Integrado,2026-02-10,90,3160.27,Em Aberto,59.0,Sudeste
CONTR_2026_06789,Acerta Credito Integrado,2026-02-28,77,3710.72,Ajuizado,6.0,Nordeste
CONTR_2026_06790,Nexus Mediacao Financeira,2026-01-16,65,5571.89,Ajuizado,39.0,Nordeste
CONTR_2026_06791,Acerta Credito Integrado,2026-02-25,45,4820.97,Em Aberto,92.0,Sudeste
CONTR_2026_06792,Vertice Asset e Cobranca,2026-02-14,59,8007.63,Insucesso,10.0,Sudeste
CONTR_2026_06793,Vertice Asset e Cobranca,2026-04-25,97,7514.56,Insucesso,9.0,Sudeste
CONTR_2026_06794,Vertice Asset e Cobranca,2026-02-28,121,1433.15,Em Aberto,34.0,Sudeste
CONTR_2026_06795,Vertice Asset e Cobranca,2026-02-19,62,1918.8,Em Aberto,77.0,Sudeste
CONTR_2026_06796,Vertice Asset e Cobranca,2026-03-26,113,2411.58,Em Aberto,55.0,Nordeste
CONTR_2026_06797,Vertice Asset e Cobranca,2026-01-12,64,5752.34,Insucesso,75.0,Sudeste
CONTR_2026_06798,Vertice Asset e Cobranca,2026-04-02,67,12481.58,Acordo Firmado,75.0,Sul
CONTR_2026_06799,Fenix Recuperacao de Credito,2026-01-12,57,3164.52,Insucesso,94.0,Sul
CONTR_2026_06800,Nexus Mediacao Financeira,2026-02-02,129,17785.76,Em Aberto,92.0,Nordeste
CONTR_2026_06801,Fenix Recuperacao de Credito,2026-03-25,138,2148.91,Insucesso,87.0,Norte
CONTR_2026_06802,Fenix Recuperacao de Credito,2026-04-14,68,14133.53,Acordo Firmado,61.0,Nordeste
CONTR_2026_06803,Fenix Recuperacao de Credito,2026-02-18,65,9272.31,Em Aberto,59.0,Sudeste
CONTR_2026_06804,Vertice Asset e Cobranca,2026-01-21,108,3663.56,Acordo Firmado,79.0,Nordeste
CONTR_2026_06805,Vertice Asset e Cobranca,2026-03-01,141,2355.33,Ajuizado,11.0,Centro-Oeste
CONTR_2026_06806,Acerta Credito Integrado,2026-02-21,138,3682.09,Em Aberto,51.0,Sudeste
CONTR_2026_06807,Acerta Credito Integrado,2026-02-23,78,2402.33,Acordo Firmado,62.0,Nordeste
CONTR_2026_06808,Vertice Asset e Cobranca,2026-02-08,84,5318.01,Acordo Firmado,92.0,Sudeste
CONTR_2026_06809,Vertice Asset e Cobranca,2026-04-15,53,5476.2,Acordo Firmado,71.0,Nordeste
CONTR_2026_06810,Vertice Asset e Cobranca,2026-02-18,78,8509.17,Acordo Firmado,95.0,Nordeste
CONTR_2026_06811,Acerta Credito Integrado,2026-04-16,92,4952.45,Ajuizado,22.0,Sudeste
CONTR_2026_06812,Fenix Recuperacao de Credito,2026-03-05,49,3316.72,Insucesso,38.0,Sudeste
CONTR_2026_06813,Fenix Recuperacao de Credito,2026-04-10,73,13329.36,Acordo Firmado,14.0,Nordeste
CONTR_2026_06814,Acerta Credito Integrado,2026-03-27,96,1606.04,Acordo Firmado,6.0,Sul
CONTR_2026_06815,Vertice Asset e Cobranca,2026-01-26,44,9471.7,Em Aberto,31.0,Sudeste
CONTR_2026_06816,Fenix Recuperacao de Credito,2026-03-12,104,3834.56,Em Aberto,51.0,Nordeste
CONTR_2026_06817,Fenix Recuperacao de Credito,2026-01-07,120,2198.96,Insucesso,3.0,Sudeste
CONTR_2026_06818,Fenix Recuperacao de Credito,2026-03-13,107,1841.19,Em Aberto,17.0,Sudeste
CONTR_2026_06819,Acerta Credito Integrado,2026-03-03,75,2447.21,Em Aberto,20.0,Sudeste
CONTR_2026_06820,Acerta Credito Integrado,2026-03-31,125,1850.29,Em Aberto,7.0,Centro-Oeste
CONTR_2026_06821,Vertice Asset e Cobranca,2026-03-29,131,4271.04,Em Aberto,17.0,Nordeste
CONTR_2026_06822,Nexus Mediacao Financeira,2026-01-24,99,3351.53,Acordo Firmado,51.0,Sudeste
CONTR_2026_06823,Vertice Asset e Cobranca,2026-02-09,94,3404.86,Insucesso,90.0,Nordeste
CONTR_2026_06824,Vertice Asset e Cobranca,2026-04-22,71,2053.16,Em Aberto,27.0,Nordeste
CONTR_2026_06825,Fenix Recuperacao de Credito,2026-03-17,77,6590.26,Em Aberto,13.0,Norte
CONTR_2026_06826,Acerta Credito Integrado,2026-02-16,122,5879.88,Insucesso,5.0,Centro-Oeste
CONTR_2026_06827,Fenix Recuperacao de Credito,2026-01-08,145,21367.12,Acordo Firmado,65.0,Sudeste
CONTR_2026_06828,Fenix Recuperacao de Credito,2026-02-23,77,2117.48,Insucesso,17.0,Nordeste
CONTR_2026_06829,Nexus Mediacao Financeira,2026-01-09,84,10179.3,Insucesso,37.0,Nordeste
CONTR_2026_06830,Vertice Asset e Cobranca,2026-01-03,70,1372.29,Insucesso,16.0,Sudeste
CONTR_2026_06831,Fenix Recuperacao de Credito,2026-02-23,77,1580.73,Em Aberto,18.0,Sudeste
CONTR_2026_06832,Fenix Recuperacao de Credito,2026-01-21,52,6421.35,Em Aberto,92.0,Sudeste
CONTR_2026_06833,Nexus Mediacao Financeira,2026-04-05,102,3808.33,Acordo Firmado,3.0,Sul
CONTR_2026_06834,Fenix Recuperacao de Credito,2026-02-17,51,2510.08,Acordo Firmado,18.0,Nordeste
CONTR_2026_06835,Fenix Recuperacao de Credito,2026-02-16,73,1213.8,Acordo Firmado,41.0,Nordeste
CONTR_2026_06836,Fenix Recuperacao de Credito,2026-03-29,88,6640.53,Acordo Firmado,51.0,Nordeste
CONTR_2026_06837,Vertice Asset e Cobranca,2026-03-09,50,4106.67,Acordo Firmado,96.0,Nordeste
CONTR_2026_06838,Nexus Mediacao Financeira,2026-03-25,66,2136.39,Em Aberto,78.0,Nordeste
CONTR_2026_06839,Fenix Recuperacao de Credito,2026-03-04,56,19117.91,Acordo Firmado,17.0,Nordeste
CONTR_2026_06840,Vertice Asset e Cobranca,2026-01-16,122,3360.39,Em Aberto,83.0,Sudeste
CONTR_2026_06841,Fenix Recuperacao de Credito,2026-03-15,132,3005.28,Em Aberto,61.0,Sul
CONTR_2026_06842,Fenix Recuperacao de Credito,2026-04-17,66,4769.96,Acordo Firmado,47.0,Sul
CONTR_2026_06843,Fenix Recuperacao de Credito,2026-03-31,172,2823.16,Acordo Firmado,72.0,Sul
CONTR_2026_06844,Fenix Recuperacao de Credito,2026-04-03,61,2792.51,Acordo Firmado,68.0,Sudeste
CONTR_2026_06845,Fenix Recuperacao de Credito,2026-01-05,77,18149.3,Acordo Firmado,24.0,Sul
CONTR_2026_06846,Fenix Recuperacao de Credito,2026-01-11,104,2713.29,Acordo Firmado,93.0,Nordeste
CONTR_2026_06847,Vertice Asset e Cobranca,2026-01-29,107,5850.26,Acordo Firmado,47.0,Sudeste
CONTR_2026_06848,Vertice Asset e Cobranca,2026-04-19,80,1390.83,Em Aberto,56.0,Sudeste
CONTR_2026_06849,Nexus Mediacao Financeira,2026-03-20,122,2038.24,Acordo Firmado,75.0,Sudeste
CONTR_2026_06850,Fenix Recuperacao de Credito,2026-03-11,125,1311.64,Acordo Firmado,76.0,Sul
CONTR_2026_06851,Fenix Recuperacao de Credito,2026-02-17,89,5022.97,Acordo Firmado,14.0,Norte
CONTR_2026_06852,Fenix Recuperacao de Credito,2026-01-15,85,4582.5,Em Aberto,71.0,Sul
CONTR_2026_06853,Fenix Recuperacao de Credito,2026-04-17,71,3209.28,Acordo Firmado,67.0,Centro-Oeste
CONTR_2026_06854,Acerta Credito Integrado,2026-03-25,58,7224.56,Acordo Firmado,96.0,Sudeste
CONTR_2026_06855,Fenix Recuperacao de Credito,2026-02-03,65,6114.75,Em Aberto,11.0,Nordeste
CONTR_2026_06856,Vertice Asset e Cobranca,2026-03-01,106,5785.73,Insucesso,51.0,Sudeste
CONTR_2026_06857,Nexus Mediacao Financeira,2026-03-03,90,3249.31,Insucesso,17.0,Sudeste
CONTR_2026_06858,Vertice Asset e Cobranca,2026-01-02,82,3181.13,Em Aberto,42.0,Sul
CONTR_2026_06859,Fenix Recuperacao de Credito,2026-04-18,72,11535.53,Acordo Firmado,58.0,Norte
CONTR_2026_06860,Nexus Mediacao Financeira,2026-03-21,73,5125.93,Acordo Firmado,23.0,Nordeste
CONTR_2026_06861,Fenix Recuperacao de Credito,2026-01-19,88,2788.88,Em Aberto,33.0,Nordeste
CONTR_2026_06862,Fenix Recuperacao de Credito,2026-04-08,86,5117.78,Acordo Firmado,86.0,Nordeste
CONTR_2026_06863,Vertice Asset e Cobranca,2026-02-18,89,2751.48,Acordo Firmado,45.0,Sudeste
CONTR_2026_06864,Fenix Recuperacao de Credito,2026-03-19,76,2224.67,Insucesso,78.0,Nordeste
CONTR_2026_06865,Nexus Mediacao Financeira,2026-03-29,69,2857.66,Acordo Firmado,49.0,Centro-Oeste
CONTR_2026_06866,Vertice Asset e Cobranca,2026-01-28,90,6156.32,Acordo Firmado,20.0,Sul
CONTR_2026_06867,Vertice Asset e Cobranca,2026-02-17,109,4826.68,Acordo Firmado,53.0,Nordeste
CONTR_2026_06868,Fenix Recuperacao de Credito,2026-04-06,74,2098.63,Em Aberto,17.0,Nordeste
CONTR_2026_06869,Nexus Mediacao Financeira,2026-02-06,18,13125.1,Em Aberto,8.0,Sudeste
CONTR_2026_06870,Vertice Asset e Cobranca,2026-03-15,48,4648.73,Em Aberto,7.0,Centro-Oeste
CONTR_2026_06871,Nexus Mediacao Financeira,2026-02-18,122,9092.73,Em Aberto,37.0,Nordeste
CONTR_2026_06872,Fenix Recuperacao de Credito,2026-04-19,119,3207.53,Em Aberto,100.0,Sudeste
CONTR_2026_06873,Nexus Mediacao Financeira,2026-02-17,109,16998.25,Em Aberto,49.0,Nordeste
CONTR_2026_06874,Vertice Asset e Cobranca,2026-03-14,105,8173.51,Ajuizado,68.0,Nordeste
CONTR_2026_06875,Acerta Credito Integrado,2026-03-29,120,4230.33,Acordo Firmado,30.0,Sul
CONTR_2026_06876,Vertice Asset e Cobranca,2026-04-10,79,12828.9,Acordo Firmado,52.0,Sul
CONTR_2026_06877,Fenix Recuperacao de Credito,2026-04-30,94,7519.79,Em Aberto,54.0,Centro-Oeste
CONTR_2026_06878,Fenix Recuperacao de Credito,2026-01-29,66,4015.23,Ajuizado,52.0,Sudeste
CONTR_2026_06879,Acerta Credito Integrado,2026-03-01,84,19474.83,Em Aberto,85.0,Nordeste
CONTR_2026_06880,Vertice Asset e Cobranca,2026-01-29,146,2972.98,Em Aberto,42.0,Sudeste
CONTR_2026_06881,Acerta Credito Integrado,2026-02-27,65,2682.41,Em Aberto,27.0,Sudeste
CONTR_2026_06882,Fenix Recuperacao de Credito,2026-02-17,55,12452.63,Em Aberto,3.0,Nordeste
CONTR_2026_06883,Vertice Asset e Cobranca,2026-01-23,84,7344.26,Em Aberto,95.0,Sudeste
CONTR_2026_06884,Vertice Asset e Cobranca,2026-01-27,78,3319.49,Acordo Firmado,16.0,Nordeste
CONTR_2026_06885,Fenix Recuperacao de Credito,2026-04-05,97,2518.54,Em Aberto,77.0,Centro-Oeste
CONTR_2026_06886,Fenix Recuperacao de Credito,2026-04-17,113,2180.31,Ajuizado,71.0,Nordeste
CONTR_2026_06887,Fenix Recuperacao de Credito,2026-01-07,78,3080.72,Em Aberto,75.0,Sudeste
CONTR_2026_06888,Vertice Asset e Cobranca,2026-02-18,153,1870.74,Insucesso,51.0,Nordeste
CONTR_2026_06889,Fenix Recuperacao de Credito,2026-02-23,126,1985.31,Insucesso,42.0,Sudeste
CONTR_2026_06890,Nexus Mediacao Financeira,2026-04-19,67,8694.5,Acordo Firmado,75.0,Sudeste
CONTR_2026_06891,Vertice Asset e Cobranca,2026-03-09,87,1529.42,Em Aberto,96.0,Sudeste
CONTR_2026_06892,Fenix Recuperacao de Credito,2026-03-19,105,4092.74,Insucesso,56.0,Nordeste
CONTR_2026_06893,Fenix Recuperacao de Credito,2026-04-16,65,3795.96,Acordo Firmado,33.0,Sul
CONTR_2026_06894,Vertice Asset e Cobranca,2026-02-11,28,17318.32,Acordo Firmado,29.0,Sudeste
CONTR_2026_06895,Vertice Asset e Cobranca,2026-03-15,147,4332.51,Em Aberto,95.0,Nordeste
CONTR_2026_06896,Acerta Credito Integrado,2026-02-28,-999,2076.86,Acordo Firmado,91.0,Nordeste
CONTR_2026_06897,Acerta Credito Integrado,2026-02-13,115,1662.8,Acordo Firmado,62.0,Nordeste
CONTR_2026_06898,Fenix Recuperacao de Credito,2026-04-08,111,7792.03,Acordo Firmado,66.0,Sul
CONTR_2026_06899,Vertice Asset e Cobranca,2026-01-26,65,1999.3,Ajuizado,8.0,Sudeste
CONTR_2026_06900,Vertice Asset e Cobranca,2026-01-23,148,15101.74,Insucesso,43.0,Sudeste
CONTR_2026_06901,Fenix Recuperacao de Credito,2026-03-14,91,5295.97,Insucesso,47.0,Sudeste
CONTR_2026_06902,Fenix Recuperacao de Credito,2026-04-11,94,3768.29,Insucesso,12.0,Sudeste
CONTR_2026_06903,Fenix Recuperacao de Credito,2026-01-08,43,6965.33,Ajuizado,84.0,Nordeste
CONTR_2026_06904,Nexus Mediacao Financeira,2026-02-22,26,2309.02,Acordo Firmado,40.0,Sul
CONTR_2026_06905,Vertice Asset e Cobranca,2026-01-14,82,3608.42,Em Aberto,5.0,Sudeste
CONTR_2026_06906,Fenix Recuperacao de Credito,2026-03-12,128,1369.92,Acordo Firmado,56.0,Sudeste
CONTR_2026_06907,Fenix Recuperacao de Credito,2026-01-07,34,11705.5,Acordo Firmado,57.0,Sul
CONTR_2026_06908,Acerta Credito Integrado,2026-01-09,94,3969.16,Acordo Firmado,77.0,Sudeste
CONTR_2026_06909,Acerta Credito Integrado,2026-01-03,92,8311.17,Em Aberto,1.0,Sul
CONTR_2026_06910,Vertice Asset e Cobranca,2026-03-19,127,13635.83,Ajuizado,51.0,Centro-Oeste
CONTR_2026_06911,Vertice Asset e Cobranca,2026-01-17,120,6489.17,Em Aberto,60.0,Norte
CONTR_2026_06912,Vertice Asset e Cobranca,2026-04-24,94,3556.0,Ajuizado,73.0,Sudeste
CONTR_2026_06913,Fenix Recuperacao de Credito,2026-02-13,87,6031.72,Insucesso,34.0,Nordeste
CONTR_2026_06914,Fenix Recuperacao de Credito,2026-03-27,68,3434.02,Insucesso,72.0,Nordeste
CONTR_2026_06915,Vertice Asset e Cobranca,2026-02-15,55,5388.71,Em Aberto,33.0,Sul
CONTR_2026_06916,Fenix Recuperacao de Credito,2026-03-31,71,4029.62,Em Aberto,100.0,Nordeste
CONTR_2026_06917,Vertice Asset e Cobranca,2026-02-27,56,2011.82,Ajuizado,56.0,Sudeste
CONTR_2026_06918,Fenix Recuperacao de Credito,2026-01-28,86,8772.94,Acordo Firmado,76.0,Sudeste
CONTR_2026_06919,Nexus Mediacao Financeira,2026-04-19,88,4630.05,Acordo Firmado,100.0,Nordeste
CONTR_2026_06920,Vertice Asset e Cobranca,2026-01-14,81,2254.49,Insucesso,83.0,Nordeste
CONTR_2026_06921,Fenix Recuperacao de Credito,2026-01-09,93,12320.24,Acordo Firmado,21.0,Nordeste
CONTR_2026_06922,Fenix Recuperacao de Credito,2026-04-25,76,10794.06,Em Aberto,97.0,Nordeste
CONTR_2026_06923,Fenix Recuperacao de Credito,2026-01-26,115,5291.58,Acordo Firmado,68.0,Nordeste
CONTR_2026_06924,Nexus Mediacao Financeira,2026-01-02,96,18786.19,Acordo Firmado,4.0,Nordeste
CONTR_2026_06925,Nexus Mediacao Financeira,2026-03-16,75,14298.15,Em Aberto,49.0,Nordeste
CONTR_2026_06926,Fenix Recuperacao de Credito,2026-03-22,55,12565.41,Em Aberto,11.0,Sul
CONTR_2026_06927,Vertice Asset e Cobranca,2026-02-03,87,1915.26,Em Aberto,90.0,Nordeste
CONTR_2026_06928,Nexus Mediacao Financeira,2026-01-19,124,2945.16,Insucesso,5.0,Nordeste
CONTR_2026_06929,Nexus Mediacao Financeira,2026-02-08,107,3839.78,Em Aberto,60.0,Nordeste
CONTR_2026_06930,Nexus Mediacao Financeira,2026-03-23,112,10116.26,Acordo Firmado,30.0,Nordeste
CONTR_2026_06931,Vertice Asset e Cobranca,2026-01-13,111,11448.86,Em Aberto,66.0,Nordeste
CONTR_2026_06932,Fenix Recuperacao de Credito,2026-01-05,126,8161.26,Insucesso,88.0,Nordeste
CONTR_2026_06933,Vertice Asset e Cobranca,2026-02-19,115,4397.08,Em Aberto,16.0,Sul
CONTR_2026_06934,Fenix Recuperacao de Credito,2026-01-23,94,2083.1,Em Aberto,82.0,Nordeste
CONTR_2026_06935,Fenix Recuperacao de Credito,2026-04-30,77,1379.15,Acordo Firmado,76.0,Nordeste
CONTR_2026_06936,Vertice Asset e Cobranca,2026-03-29,9999,7208.25,Em Aberto,90.0,Nordeste
CONTR_2026_06937,Vertice Asset e Cobranca,2026-01-29,17,26910.05,Em Aberto,12.0,Sul
CONTR_2026_06938,Acerta Credito Integrado,2026-04-22,128,3319.21,Acordo Firmado,26.0,Nordeste
CONTR_2026_06939,Vertice Asset e Cobranca,2026-04-21,110,5405.13,Acordo Firmado,68.0,Sudeste
CONTR_2026_06940,Vertice Asset e Cobranca,2026-03-13,139,9518.99,Em Aberto,27.0,Nordeste
CONTR_2026_06941,Acerta Credito Integrado,2026-01-26,56,2231.93,Acordo Firmado,53.0,Sudeste
CONTR_2026_06942,Acerta Credito Integrado,2026-03-20,124,10046.77,Ajuizado,87.0,Sudeste
CONTR_2026_06943,Nexus Mediacao Financeira,2026-02-26,109,6108.72,Acordo Firmado,85.0,Sul
CONTR_2026_06944,Fenix Recuperacao de Credito,2026-01-01,71,5418.09,Acordo Firmado,48.0,Nordeste
CONTR_2026_06945,Nexus Mediacao Financeira,2026-01-28,85,8383.34,Acordo Firmado,37.0,Sudeste
CONTR_2026_06946,Acerta Credito Integrado,2026-04-23,83,2578.43,Acordo Firmado,98.0,Sudeste
CONTR_2026_06947,Fenix Recuperacao de Credito,2026-03-03,79,5969.71,Em Aberto,45.0,Nordeste
CONTR_2026_06948,Fenix Recuperacao de Credito,2026-02-16,49,2574.66,Ajuizado,75.0,Nordeste
CONTR_2026_06949,Acerta Credito Integrado,2026-04-20,-999,2189.42,Insucesso,3.0,Sudeste
CONTR_2026_06950,Fenix Recuperacao de Credito,2026-03-19,61,6082.26,Acordo Firmado,51.0,Norte
CONTR_2026_06951,Acerta Credito Integrado,2026-04-16,58,2768.63,Insucesso,78.0,Centro-Oeste
CONTR_2026_06952,Vertice Asset e Cobranca,2026-04-08,125,7465.45,Acordo Firmado,6.0,Sudeste
CONTR_2026_06953,Vertice Asset e Cobranca,2026-02-28,9999,4812.73,Em Aberto,77.0,Sudeste
CONTR_2026_06954,Fenix Recuperacao de Credito,2026-01-31,80,7136.46,Acordo Firmado,29.0,Sudeste
CONTR_2026_06955,Acerta Credito Integrado,2026-03-11,60,12310.51,Em Aberto,51.0,Sul
CONTR_2026_06956,Vertice Asset e Cobranca,2026-02-18,139,1943.93,Em Aberto,17.0,Nordeste
CONTR_2026_06957,Nexus Mediacao Financeira,2026-01-05,124,1545.35,Acordo Firmado,57.0,Sul
CONTR_2026_06958,Nexus Mediacao Financeira,2026-01-31,65,3753.44,Acordo Firmado,11.0,Sudeste
CONTR_2026_06959,Acerta Credito Integrado,2026-02-06,60,7506.38,Em Aberto,66.0,Nordeste
CONTR_2026_06960,Vertice Asset e Cobranca,2026-03-20,113,12064.43,Acordo Firmado,34.0,Centro-Oeste
CONTR_2026_06961,Nexus Mediacao Financeira,2026-01-15,103,1377.07,Ajuizado,95.0,Nordeste
CONTR_2026_06962,Vertice Asset e Cobranca,2026-02-21,-999,9074.17,Acordo Firmado,16.0,Centro-Oeste
CONTR_2026_06963,Vertice Asset e Cobranca,2026-04-17,76,1592.06,Em Aberto,41.0,Sudeste
CONTR_2026_06964,Nexus Mediacao Financeira,2026-03-10,82,5544.36,Acordo Firmado,37.0,Sul
CONTR_2026_06965,Vertice Asset e Cobranca,2026-04-02,117,3308.76,Insucesso,22.0,Nordeste
CONTR_2026_06966,Fenix Recuperacao de Credito,2026-04-07,137,1289.06,Em Aberto,46.0,Sudeste
CONTR_2026_06967,Acerta Credito Integrado,2026-01-11,144,1710.68,Em Aberto,35.0,Nordeste
CONTR_2026_06968,Vertice Asset e Cobranca,2026-02-12,67,3382.66,Insucesso,7.0,Nordeste
CONTR_2026_06969,Nexus Mediacao Financeira,2026-03-11,91,16568.84,Acordo Firmado,50.0,Sul
CONTR_2026_06970,Vertice Asset e Cobranca,2026-01-23,130,2041.1,Insucesso,15.0,Sudeste
CONTR_2026_06971,Fenix Recuperacao de Credito,2026-02-09,63,2787.11,Acordo Firmado,4.0,Sudeste
CONTR_2026_06972,Nexus Mediacao Financeira,2026-03-04,69,26892.12,Em Aberto,88.0,Sul
CONTR_2026_06973,Fenix Recuperacao de Credito,2026-01-02,113,4475.6,Acordo Firmado,13.0,Sudeste
CONTR_2026_06974,Vertice Asset e Cobranca,2026-03-20,75,2720.72,Em Aberto,29.0,Sudeste
CONTR_2026_06975,Nexus Mediacao Financeira,2026-03-28,45,5984.78,Em Aberto,50.0,Sul
CONTR_2026_06976,Vertice Asset e Cobranca,2026-03-27,65,4063.79,Ajuizado,16.0,Nordeste
CONTR_2026_06977,Acerta Credito Integrado,2026-03-14,119,10970.5,Acordo Firmado,1.0,Nordeste
CONTR_2026_06978,Acerta Credito Integrado,2026-02-16,97,1240.06,Acordo Firmado,34.0,Sudeste
CONTR_2026_06979,Acerta Credito Integrado,2026-04-14,43,29886.61,Ajuizado,98.0,Norte
CONTR_2026_06980,Fenix Recuperacao de Credito,2026-01-30,71,1543.07,Em Aberto,80.0,Sudeste
CONTR_2026_06981,Fenix Recuperacao de Credito,2026-01-16,144,5051.48,Acordo Firmado,96.0,Sul
CONTR_2026_06982,Nexus Mediacao Financeira,2026-02-28,87,7176.72,Acordo Firmado,33.0,Sudeste
CONTR_2026_06983,Fenix Recuperacao de Credito,2026-04-20,82,5190.65,Insucesso,15.0,Sudeste
CONTR_2026_06984,Acerta Credito Integrado,2026-02-16,90,2988.9,Em Aberto,81.0,Nordeste
CONTR_2026_06985,Acerta Credito Integrado,2026-04-26,96,10870.05,Acordo Firmado,58.0,Sul
CONTR_2026_06986,Vertice Asset e Cobranca,2026-01-30,78,4014.31,Em Aberto,81.0,Sudeste
CONTR_2026_06987,Vertice Asset e Cobranca,2026-04-19,130,2988.39,Acordo Firmado,35.0,Norte
CONTR_2026_06988,Vertice Asset e Cobranca,2026-01-09,75,8512.29,Acordo Firmado,53.0,Nordeste
CONTR_2026_06989,Fenix Recuperacao de Credito,2026-03-06,119,1988.28,Ajuizado,51.0,Nordeste
CONTR_2026_06990,Fenix Recuperacao de Credito,2026-02-28,144,2347.12,Em Aberto,76.0,Nordeste
CONTR_2026_06991,Fenix Recuperacao de Credito,2026-04-12,101,2656.91,Acordo Firmado,58.0,Centro-Oeste
CONTR_2026_06992,Fenix Recuperacao de Credito,2026-03-05,58,4053.59,Em Aberto,77.0,Sul
CONTR_2026_06993,Fenix Recuperacao de Credito,2026-01-08,95,1302.73,Em Aberto,51.0,Sul
CONTR_2026_06994,Fenix Recuperacao de Credito,2026-02-21,73,25203.28,Ajuizado,39.0,Sudeste
CONTR_2026_06995,Fenix Recuperacao de Credito,2026-01-18,116,5783.34,Insucesso,1.0,Nordeste
CONTR_2026_06996,Nexus Mediacao Financeira,2026-04-01,96,18854.16,Em Aberto,49.0,Sudeste
CONTR_2026_06997,Nexus Mediacao Financeira,2026-03-23,86,9437.08,Em Aberto,77.0,Sul
CONTR_2026_06998,Fenix Recuperacao de Credito,2026-04-06,59,1921.14,Em Aberto,43.0,Sudeste
CONTR_2026_06999,Vertice Asset e Cobranca,2026-02-27,34,2372.72,Acordo Firmado,88.0,Sul
CONTR_2026_07000,Nexus Mediacao Financeira,2026-02-18,65,1375.28,Em Aberto,88.0,Nordeste
CONTR_2026_07001,Fenix Recuperacao de Credito,2026-02-01,109,10172.53,Insucesso,77.0,Sudeste
CONTR_2026_07002,Fenix Recuperacao de Credito,2026-04-27,125,5700.34,Em Aberto,100.0,Sudeste
CONTR_2026_07003,Acerta Credito Integrado,2026-02-17,80,2410.77,Em Aberto,5.0,Centro-Oeste
CONTR_2026_07004,Acerta Credito Integrado,2026-02-14,61,18746.94,Ajuizado,55.0,Sudeste
CONTR_2026_07005,Vertice Asset e Cobranca,2026-02-23,95,7873.05,Acordo Firmado,78.0,Nordeste
CONTR_2026_07006,Vertice Asset e Cobranca,2026-04-10,110,7312.7,Insucesso,80.0,Nordeste
CONTR_2026_07007,Nexus Mediacao Financeira,2026-04-10,113,2753.01,Insucesso,70.0,Nordeste
CONTR_2026_07008,Fenix Recuperacao de Credito,2026-03-26,-999,3079.82,Insucesso,2.0,Sudeste
CONTR_2026_07009,Fenix Recuperacao de Credito,2026-02-15,152,6712.78,Acordo Firmado,68.0,Sul
CONTR_2026_07010,Fenix Recuperacao de Credito,2026-04-06,-999,5701.49,Em Aberto,63.0,Norte
CONTR_2026_07011,Vertice Asset e Cobranca,2026-01-31,53,6410.45,Acordo Firmado,80.0,Sudeste
CONTR_2026_07012,Acerta Credito Integrado,2026-02-06,45,11752.51,Acordo Firmado,100.0,Sudeste
CONTR_2026_07013,Vertice Asset e Cobranca,2026-01-16,56,2074.15,Insucesso,85.0,Sudeste
CONTR_2026_07014,Fenix Recuperacao de Credito,2026-02-15,125,1818.38,Em Aberto,81.0,Centro-Oeste
CONTR_2026_07015,Nexus Mediacao Financeira,2026-02-15,38,5357.83,Acordo Firmado,67.0,Nordeste
CONTR_2026_07016,Acerta Credito Integrado,2026-03-19,103,4667.29,Acordo Firmado,88.0,Sudeste
CONTR_2026_07017,Fenix Recuperacao de Credito,2026-03-29,84,3778.1,Em Aberto,70.0,Norte
CONTR_2026_07018,Fenix Recuperacao de Credito,2026-03-30,52,12954.3,Em Aberto,83.0,Nordeste
CONTR_2026_07019,Vertice Asset e Cobranca,2026-03-02,97,5286.53,Insucesso,98.0,Nordeste
CONTR_2026_07020,Acerta Credito Integrado,2026-02-15,84,5387.99,Ajuizado,86.0,Sul
CONTR_2026_07021,Nexus Mediacao Financeira,2026-02-20,114,3481.92,Em Aberto,3.0,Sudeste
CONTR_2026_07022,Acerta Credito Integrado,2026-03-03,41,3308.52,Acordo Firmado,39.0,Nordeste
CONTR_2026_07023,Vertice Asset e Cobranca,2026-02-04,63,23152.09,Acordo Firmado,87.0,Sudeste
CONTR_2026_07024,Acerta Credito Integrado,2026-03-22,63,6078.52,Insucesso,11.0,Sudeste
CONTR_2026_07025,Nexus Mediacao Financeira,2026-04-20,109,9918.15,Em Aberto,96.0,Sudeste
CONTR_2026_07026,Vertice Asset e Cobranca,2026-02-11,82,4166.13,Acordo Firmado,30.0,Nordeste
CONTR_2026_07027,Fenix Recuperacao de Credito,2026-02-14,125,2265.06,Ajuizado,50.0,Nordeste
CONTR_2026_07028,Vertice Asset e Cobranca,2026-04-28,78,3164.04,Em Aberto,100.0,Sudeste
CONTR_2026_07029,Vertice Asset e Cobranca,2026-03-09,96,3324.21,Ajuizado,51.0,Sudeste
CONTR_2026_07030,Fenix Recuperacao de Credito,2026-03-16,134,5361.04,Ajuizado,48.0,Sudeste
CONTR_2026_07031,Nexus Mediacao Financeira,2026-02-16,36,2039.82,Insucesso,40.0,Nordeste
CONTR_2026_07032,Vertice Asset e Cobranca,2026-03-20,90,3647.1,Em Aberto,100.0,Nordeste
CONTR_2026_07033,Nexus Mediacao Financeira,2026-01-30,89,1730.01,Em Aberto,16.0,Nordeste
CONTR_2026_07034,Nexus Mediacao Financeira,2026-01-24,66,4631.16,Acordo Firmado,32.0,Sudeste
CONTR_2026_07035,Vertice Asset e Cobranca,2026-03-07,85,15927.52,Insucesso,100.0,Sul
CONTR_2026_07036,Acerta Credito Integrado,2026-02-12,99,3269.51,Insucesso,62.0,Nordeste
CONTR_2026_07037,Vertice Asset e Cobranca,2026-02-03,67,1454.95,Acordo Firmado,86.0,Sul
CONTR_2026_07038,Vertice Asset e Cobranca,2026-01-23,91,5892.18,Acordo Firmado,76.0,Nordeste
CONTR_2026_07039,Nexus Mediacao Financeira,2026-03-02,59,6235.59,Em Aberto,40.0,Sul
CONTR_2026_07040,Nexus Mediacao Financeira,2026-04-05,83,4465.5,Acordo Firmado,78.0,Centro-Oeste
CONTR_2026_07041,Acerta Credito Integrado,2026-02-06,117,3728.03,Em Aberto,71.0,Sul
CONTR_2026_07042,Vertice Asset e Cobranca,2026-01-13,119,12358.98,Ajuizado,66.0,Sul
CONTR_2026_07043,Nexus Mediacao Financeira,2026-04-07,125,15138.49,Acordo Firmado,11.0,Nordeste
CONTR_2026_07044,Fenix Recuperacao de Credito,2026-03-12,86,6791.45,Acordo Firmado,74.0,Nordeste
CONTR_2026_07045,Fenix Recuperacao de Credito,2026-04-06,80,4678.0,Acordo Firmado,51.0,Nordeste
CONTR_2026_07046,Vertice Asset e Cobranca,2026-01-07,112,1549.69,Acordo Firmado,9.0,Sudeste
CONTR_2026_07047,Acerta Credito Integrado,2026-02-11,125,2990.8,Ajuizado,19.0,Sudeste
CONTR_2026_07048,Fenix Recuperacao de Credito,2026-02-07,92,2878.01,Ajuizado,25.0,Sudeste
CONTR_2026_07049,Fenix Recuperacao de Credito,2026-02-21,135,1500.04,Em Aberto,5.0,Sudeste
CONTR_2026_07050,Vertice Asset e Cobranca,2026-02-13,111,10469.12,Em Aberto,5.0,Sudeste
CONTR_2026_07051,Acerta Credito Integrado,2026-03-05,72,11288.82,Em Aberto,54.0,Sul
CONTR_2026_07052,Nexus Mediacao Financeira,2026-01-13,76,13373.21,Em Aberto,67.0,Nordeste
CONTR_2026_07053,Fenix Recuperacao de Credito,2026-03-29,88,7970.28,Ajuizado,68.0,Centro-Oeste
CONTR_2026_07054,Vertice Asset e Cobranca,2026-01-28,42,7398.24,Em Aberto,12.0,Nordeste
CONTR_2026_07055,Vertice Asset e Cobranca,2026-04-06,73,4448.78,Ajuizado,90.0,Sudeste
CONTR_2026_07056,Fenix Recuperacao de Credito,2026-04-17,124,10938.49,Insucesso,6.0,Centro-Oeste
CONTR_2026_07057,Acerta Credito Integrado,2026-03-23,130,4768.12,Em Aberto,74.0,Sudeste
CONTR_2026_07058,Fenix Recuperacao de Credito,2026-04-08,98,1350.45,Acordo Firmado,91.0,Sul
CONTR_2026_07059,Acerta Credito Integrado,2026-04-22,103,5596.3,Acordo Firmado,87.0,Sudeste
CONTR_2026_07060,Fenix Recuperacao de Credito,2026-04-08,80,3675.23,Insucesso,38.0,Centro-Oeste
CONTR_2026_07061,Fenix Recuperacao de Credito,2026-04-25,70,4883.38,Em Aberto,30.0,Nordeste
CONTR_2026_07062,Nexus Mediacao Financeira,2026-04-12,107,4105.4,Ajuizado,37.0,Centro-Oeste
CONTR_2026_07063,Nexus Mediacao Financeira,2026-01-01,76,4633.82,Insucesso,25.0,Nordeste
CONTR_2026_07064,Acerta Credito Integrado,2026-02-12,140,1774.66,Acordo Firmado,44.0,Nordeste
CONTR_2026_07065,Fenix Recuperacao de Credito,2026-04-24,102,1273.2,Em Aberto,60.0,Sudeste
CONTR_2026_07066,Nexus Mediacao Financeira,2026-02-11,103,3279.0,Em Aberto,51.0,Norte
CONTR_2026_07067,Fenix Recuperacao de Credito,2026-04-05,58,2668.76,Insucesso,67.0,Sudeste
CONTR_2026_07068,Vertice Asset e Cobranca,2026-02-19,20,2638.8,Em Aberto,68.0,Nordeste
CONTR_2026_07069,Fenix Recuperacao de Credito,2026-03-01,103,15030.67,Acordo Firmado,36.0,Norte
CONTR_2026_07070,Fenix Recuperacao de Credito,2026-01-01,75,9745.88,Em Aberto,25.0,Sul
CONTR_2026_07071,Vertice Asset e Cobranca,2026-02-20,119,1267.31,Insucesso,8.0,Sul
CONTR_2026_07072,Vertice Asset e Cobranca,2026-01-16,62,1243.79,Acordo Firmado,25.0,Nordeste
CONTR_2026_07073,Nexus Mediacao Financeira,2026-02-08,74,8700.67,Insucesso,36.0,Nordeste
CONTR_2026_07074,Fenix Recuperacao de Credito,2026-01-15,123,22152.27,Insucesso,30.0,Sudeste
CONTR_2026_07075,Nexus Mediacao Financeira,2026-02-02,103,4329.37,Acordo Firmado,79.0,Sul
CONTR_2026_07076,Fenix Recuperacao de Credito,2026-03-28,59,4038.12,Insucesso,60.0,Nordeste
CONTR_2026_07077,Nexus Mediacao Financeira,2026-02-22,91,2813.61,Em Aberto,45.0,Nordeste
CONTR_2026_07078,Nexus Mediacao Financeira,2026-04-15,147,6692.57,Em Aberto,47.0,Sudeste
CONTR_2026_07079,Nexus Mediacao Financeira,2026-04-08,94,4389.98,Acordo Firmado,50.0,Sudeste
CONTR_2026_07080,Acerta Credito Integrado,2026-01-17,85,2116.72,Acordo Firmado,69.0,Centro-Oeste
CONTR_2026_07081,Vertice Asset e Cobranca,2026-03-30,116,4482.87,Insucesso,82.0,Norte
CONTR_2026_07082,Acerta Credito Integrado,2026-04-30,100,3561.0,Ajuizado,96.0,Nordeste
CONTR_2026_07083,Vertice Asset e Cobranca,2026-04-16,133,12227.56,Acordo Firmado,42.0,Nordeste
CONTR_2026_07084,Vertice Asset e Cobranca,2026-01-06,112,8582.99,Insucesso,50.0,Sul
CONTR_2026_07085,Nexus Mediacao Financeira,2026-01-31,117,7240.7,Em Aberto,7.0,Nordeste
CONTR_2026_07086,Fenix Recuperacao de Credito,2026-03-10,134,3181.24,Em Aberto,4.0,Nordeste
CONTR_2026_07087,Nexus Mediacao Financeira,2026-04-14,81,1951.88,Acordo Firmado,54.0,Sudeste
CONTR_2026_07088,Nexus Mediacao Financeira,2026-02-09,72,11200.53,Em Aberto,45.0,Sudeste
CONTR_2026_07089,Vertice Asset e Cobranca,2026-01-30,49,3298.43,Em Aberto,31.0,Sul
CONTR_2026_07090,Fenix Recuperacao de Credito,2026-03-10,83,5694.18,Em Aberto,80.0,Nordeste
CONTR_2026_07091,Fenix Recuperacao de Credito,2026-03-17,50,5668.07,Acordo Firmado,61.0,Sudeste
CONTR_2026_07092,Fenix Recuperacao de Credito,2026-01-07,100,14359.13,Em Aberto,45.0,Sudeste
CONTR_2026_07093,Nexus Mediacao Financeira,2026-04-19,71,2142.04,Ajuizado,3.0,Sudeste
CONTR_2026_07094,Fenix Recuperacao de Credito,2026-01-13,118,8584.28,Acordo Firmado,47.0,Nordeste
CONTR_2026_07095,Vertice Asset e Cobranca,2026-04-23,113,4304.98,Em Aberto,49.0,Nordeste
CONTR_2026_07096,Nexus Mediacao Financeira,2026-01-04,78,2160.36,Em Aberto,3.0,Sudeste
CONTR_2026_07097,Acerta Credito Integrado,2026-02-19,119,10228.44,Ajuizado,51.0,Nordeste
CONTR_2026_07098,Fenix Recuperacao de Credito,2026-04-16,94,9777.86,Acordo Firmado,93.0,Nordeste
CONTR_2026_07099,Fenix Recuperacao de Credito,2026-01-03,36,1405.06,Acordo Firmado,83.0,Sudeste
CONTR_2026_07100,Acerta Credito Integrado,2026-01-12,60,7379.73,Acordo Firmado,4.0,Sudeste
CONTR_2026_07101,Fenix Recuperacao de Credito,2026-03-06,68,2033.34,Acordo Firmado,59.0,Nordeste
CONTR_2026_07102,Fenix Recuperacao de Credito,2026-01-27,90,5912.66,Acordo Firmado,35.0,Sudeste
CONTR_2026_07103,Vertice Asset e Cobranca,2026-04-17,77,6361.35,Acordo Firmado,53.0,Sudeste
CONTR_2026_07104,Nexus Mediacao Financeira,2026-02-19,74,6671.78,Acordo Firmado,16.0,Nordeste
CONTR_2026_07105,Vertice Asset e Cobranca,2026-03-18,107,1839.72,Insucesso,51.0,Sul
CONTR_2026_07106,Fenix Recuperacao de Credito,2026-01-17,113,5760.45,Em Aberto,26.0,Sul
CONTR_2026_07107,Fenix Recuperacao de Credito,2026-03-13,71,1726.04,Em Aberto,38.0,Sul
CONTR_2026_07108,Fenix Recuperacao de Credito,2026-02-01,64,8043.34,Insucesso,68.0,Nordeste
CONTR_2026_07109,Acerta Credito Integrado,2026-03-25,127,1529.34,Em Aberto,34.0,Sudeste
CONTR_2026_07110,Vertice Asset e Cobranca,2026-02-20,171,8290.19,Acordo Firmado,21.0,Nordeste
CONTR_2026_07111,Acerta Credito Integrado,2026-01-17,61,11948.99,Ajuizado,41.0,Nordeste
CONTR_2026_07112,Fenix Recuperacao de Credito,2026-02-03,116,2972.97,Em Aberto,59.0,Nordeste
CONTR_2026_07113,Vertice Asset e Cobranca,2026-02-04,85,8731.97,Em Aberto,89.0,Norte
CONTR_2026_07114,Fenix Recuperacao de Credito,2026-04-09,110,3902.31,Acordo Firmado,3.0,Norte
CONTR_2026_07115,Nexus Mediacao Financeira,2026-04-12,61,9190.35,Acordo Firmado,56.0,Sudeste
CONTR_2026_07116,Fenix Recuperacao de Credito,2026-04-16,52,6995.83,Em Aberto,62.0,Centro-Oeste
CONTR_2026_07117,Acerta Credito Integrado,2026-01-24,56,2906.4,Acordo Firmado,18.0,Nordeste
CONTR_2026_07118,Fenix Recuperacao de Credito,2026-02-23,73,2276.71,Em Aberto,89.0,Sudeste
CONTR_2026_07119,Nexus Mediacao Financeira,2026-01-18,82,13510.37,Em Aberto,96.0,Sul
CONTR_2026_07120,Nexus Mediacao Financeira,2026-02-19,118,10331.11,Acordo Firmado,84.0,Sudeste
CONTR_2026_07121,Fenix Recuperacao de Credito,2026-02-15,64,6592.61,Em Aberto,15.0,Nordeste
CONTR_2026_07122,Fenix Recuperacao de Credito,2026-02-17,70,3349.08,Acordo Firmado,66.0,Sudeste
CONTR_2026_07123,Nexus Mediacao Financeira,2026-04-13,152,4771.44,Insucesso,30.0,Sul
CONTR_2026_07124,Acerta Credito Integrado,2026-02-02,91,5280.69,Em Aberto,76.0,Sul
CONTR_2026_07125,Vertice Asset e Cobranca,2026-04-23,98,1650.01,Em Aberto,39.0,Nordeste
CONTR_2026_07126,Vertice Asset e Cobranca,2026-03-28,112,19119.69,Insucesso,64.0,Sudeste
CONTR_2026_07127,Fenix Recuperacao de Credito,2026-03-30,74,1681.56,Acordo Firmado,57.0,Nordeste
CONTR_2026_07128,Vertice Asset e Cobranca,2026-04-11,89,7594.98,Ajuizado,63.0,Nordeste
CONTR_2026_07129,Vertice Asset e Cobranca,2026-01-27,80,4594.27,Ajuizado,7.0,Nordeste
CONTR_2026_07130,Fenix Recuperacao de Credito,2026-01-01,87,8333.06,Acordo Firmado,86.0,Sudeste
CONTR_2026_07131,Vertice Asset e Cobranca,2026-03-26,115,2711.82,Insucesso,72.0,Sul
CONTR_2026_07132,Vertice Asset e Cobranca,2026-02-28,110,3713.55,Em Aberto,87.0,Centro-Oeste
CONTR_2026_07133,Nexus Mediacao Financeira,2026-04-23,21,4927.48,Acordo Firmado,23.0,Sudeste
CONTR_2026_07134,Fenix Recuperacao de Credito,2026-01-10,119,1843.34,Acordo Firmado,76.0,Sudeste
CONTR_2026_07135,Vertice Asset e Cobranca,2026-04-05,79,10747.22,Acordo Firmado,6.0,Nordeste
CONTR_2026_07136,Acerta Credito Integrado,2026-04-18,101,25060.57,Em Aberto,58.0,Nordeste
CONTR_2026_07137,Acerta Credito Integrado,2026-01-25,77,3902.88,Insucesso,14.0,Sudeste
CONTR_2026_07138,Nexus Mediacao Financeira,2026-03-25,88,3564.57,Ajuizado,28.0,Sudeste
CONTR_2026_07139,Nexus Mediacao Financeira,2026-02-26,129,5708.0,Em Aberto,5.0,Nordeste
CONTR_2026_07140,Fenix Recuperacao de Credito,2026-03-07,100,7034.49,Acordo Firmado,68.0,Nordeste
CONTR_2026_07141,Fenix Recuperacao de Credito,2026-04-29,127,11346.65,Em Aberto,56.0,Sudeste
CONTR_2026_07142,Fenix Recuperacao de Credito,2026-04-22,88,3533.17,Em Aberto,25.0,Nordeste
CONTR_2026_07143,Acerta Credito Integrado,2026-01-15,85,8437.18,Acordo Firmado,27.0,Sudeste
CONTR_2026_07144,Vertice Asset e Cobranca,2026-01-28,90,2572.72,Acordo Firmado,60.0,Norte
CONTR_2026_07145,Fenix Recuperacao de Credito,2026-01-13,51,6904.18,Acordo Firmado,4.0,Centro-Oeste
CONTR_2026_07146,Acerta Credito Integrado,2026-04-24,15,4343.78,Acordo Firmado,29.0,Nordeste
CONTR_2026_07147,Acerta Credito Integrado,2026-04-26,66,6618.82,Acordo Firmado,91.0,Nordeste
CONTR_2026_07148,Fenix Recuperacao de Credito,2026-04-28,120,3588.63,Em Aberto,7.0,Nordeste
CONTR_2026_07149,Vertice Asset e Cobranca,2026-01-14,132,2943.1,Em Aberto,32.0,Nordeste
CONTR_2026_07150,Nexus Mediacao Financeira,2026-04-24,29,4527.56,Acordo Firmado,20.0,Nordeste
CONTR_2026_07151,Acerta Credito Integrado,2026-03-07,128,12473.87,Acordo Firmado,64.0,Sudeste
CONTR_2026_07152,Fenix Recuperacao de Credito,2026-02-03,72,6817.37,Acordo Firmado,43.0,Nordeste
CONTR_2026_07153,Vertice Asset e Cobranca,2026-04-09,47,5929.34,Acordo Firmado,100.0,Sudeste
CONTR_2026_07154,Acerta Credito Integrado,2026-04-11,121,7562.42,Insucesso,30.0,Sudeste
CONTR_2026_07155,Vertice Asset e Cobranca,2026-01-25,74,7730.24,Acordo Firmado,60.0,Sudeste
CONTR_2026_07156,Acerta Credito Integrado,2026-04-22,168,2945.97,Insucesso,93.0,Sudeste
CONTR_2026_07157,Nexus Mediacao Financeira,2026-02-23,-999,2524.63,Em Aberto,28.0,Nordeste
CONTR_2026_07158,Vertice Asset e Cobranca,2026-03-20,81,4757.9,Acordo Firmado,40.0,Sudeste
CONTR_2026_07159,Vertice Asset e Cobranca,2026-01-12,60,1999.89,Em Aberto,67.0,Centro-Oeste
CONTR_2026_07160,Nexus Mediacao Financeira,2026-01-09,94,4419.32,Acordo Firmado,91.0,Sudeste
CONTR_2026_07161,Acerta Credito Integrado,2026-01-31,113,7105.27,Insucesso,85.0,Nordeste
CONTR_2026_07162,Vertice Asset e Cobranca,2026-03-19,38,1237.19,Em Aberto,37.0,Sul
CONTR_2026_07163,Nexus Mediacao Financeira,2026-04-03,109,1789.12,Em Aberto,99.0,Centro-Oeste
CONTR_2026_07164,Nexus Mediacao Financeira,2026-02-22,77,17571.11,Acordo Firmado,59.0,Norte
CONTR_2026_07165,Acerta Credito Integrado,2026-04-22,64,14351.42,Em Aberto,20.0,Nordeste
CONTR_2026_07166,Fenix Recuperacao de Credito,2026-02-12,47,3905.71,Em Aberto,63.0,Nordeste
CONTR_2026_07167,Acerta Credito Integrado,2026-02-07,119,5658.39,Insucesso,51.0,Centro-Oeste
CONTR_2026_07168,Vertice Asset e Cobranca,2026-02-11,98,2043.82,Em Aberto,35.0,Nordeste
CONTR_2026_07169,Vertice Asset e Cobranca,2026-03-13,72,3209.95,Em Aberto,58.0,Nordeste
CONTR_2026_07170,Fenix Recuperacao de Credito,2026-02-17,113,9073.54,Em Aberto,10.0,Sudeste
CONTR_2026_07171,Vertice Asset e Cobranca,2026-03-08,105,10888.55,Ajuizado,59.0,Sudeste
CONTR_2026_07172,Acerta Credito Integrado,2026-03-07,116,3798.43,Acordo Firmado,21.0,Centro-Oeste
CONTR_2026_07173,Vertice Asset e Cobranca,2026-01-16,139,3062.95,Em Aberto,43.0,Sudeste
CONTR_2026_07174,Acerta Credito Integrado,2026-03-24,96,6923.52,Em Aberto,43.0,Sudeste
CONTR_2026_07175,Fenix Recuperacao de Credito,2026-04-04,147,7527.52,Em Aberto,88.0,Nordeste
CONTR_2026_07176,Vertice Asset e Cobranca,2026-04-15,132,21815.89,Em Aberto,1.0,Norte
CONTR_2026_07177,Vertice Asset e Cobranca,2026-01-16,113,7175.54,Ajuizado,46.0,Sudeste
CONTR_2026_07178,Acerta Credito Integrado,2026-01-31,39,2573.27,Em Aberto,31.0,Sudeste
CONTR_2026_07179,Fenix Recuperacao de Credito,2026-04-28,93,1509.3,Ajuizado,63.0,Sudeste
CONTR_2026_07180,Nexus Mediacao Financeira,2026-02-27,97,2689.37,Em Aberto,46.0,Sul
CONTR_2026_07181,Fenix Recuperacao de Credito,2026-01-28,96,2485.13,Insucesso,23.0,Sudeste
CONTR_2026_07182,Vertice Asset e Cobranca,2026-01-04,86,1687.15,Acordo Firmado,18.0,Nordeste
CONTR_2026_07183,Acerta Credito Integrado,2026-01-10,109,4138.42,Em Aberto,62.0,Sudeste
CONTR_2026_07184,Acerta Credito Integrado,2026-02-20,113,2899.36,Em Aberto,27.0,Sul
CONTR_2026_07185,Fenix Recuperacao de Credito,2026-04-19,39,14157.38,Em Aberto,44.0,Sudeste
CONTR_2026_07186,Fenix Recuperacao de Credito,2026-01-18,130,3786.82,Em Aberto,46.0,Norte
CONTR_2026_07187,Nexus Mediacao Financeira,2026-02-16,45,11662.29,Insucesso,61.0,Sul
CONTR_2026_07188,Vertice Asset e Cobranca,2026-02-01,77,3031.69,Em Aberto,51.0,Sudeste
CONTR_2026_07189,Nexus Mediacao Financeira,2026-01-30,63,10103.82,Em Aberto,99.0,Sul
CONTR_2026_07190,Nexus Mediacao Financeira,2026-02-05,68,4230.4,Em Aberto,16.0,Sudeste
CONTR_2026_07191,Nexus Mediacao Financeira,2026-01-09,122,1364.47,Insucesso,21.0,Nordeste
CONTR_2026_07192,Vertice Asset e Cobranca,2026-02-05,93,4536.94,Acordo Firmado,91.0,Sudeste
CONTR_2026_07193,Nexus Mediacao Financeira,2026-01-29,110,2485.88,Em Aberto,100.0,Sudeste
CONTR_2026_07194,Fenix Recuperacao de Credito,2026-01-16,108,3036.82,Insucesso,64.0,Nordeste
CONTR_2026_07195,Acerta Credito Integrado,2026-04-02,32,6965.72,Acordo Firmado,13.0,Nordeste
CONTR_2026_07196,Nexus Mediacao Financeira,2026-01-21,73,4969.85,Insucesso,50.0,Nordeste
CONTR_2026_07197,Fenix Recuperacao de Credito,2026-03-05,112,12173.7,Em Aberto,8.0,Sul
CONTR_2026_07198,Acerta Credito Integrado,2026-04-21,109,14940.82,Ajuizado,56.0,Sul
CONTR_2026_07199,Fenix Recuperacao de Credito,2026-04-30,37,7071.38,Insucesso,56.0,Sudeste
CONTR_2026_07200,Fenix Recuperacao de Credito,2026-03-07,120,11158.45,Acordo Firmado,8.0,Norte
CONTR_2026_07201,Vertice Asset e Cobranca,2026-02-28,108,2285.03,Acordo Firmado,80.0,Nordeste
CONTR_2026_07202,Fenix Recuperacao de Credito,2026-04-20,61,1612.97,Em Aberto,87.0,Nordeste
CONTR_2026_07203,Nexus Mediacao Financeira,2026-04-09,102,3224.59,Acordo Firmado,45.0,Centro-Oeste
CONTR_2026_07204,Fenix Recuperacao de Credito,2026-04-28,83,3170.52,Em Aberto,98.0,Sudeste
CONTR_2026_07205,Fenix Recuperacao de Credito,2026-01-28,104,6669.5,Acordo Firmado,24.0,Sudeste
CONTR_2026_07206,Fenix Recuperacao de Credito,2026-02-24,35,10374.16,Acordo Firmado,21.0,Sul
CONTR_2026_07207,Vertice Asset e Cobranca,2026-04-10,79,2961.16,Acordo Firmado,13.0,Nordeste
CONTR_2026_07208,Vertice Asset e Cobranca,2026-01-31,125,3964.95,Acordo Firmado,50.0,Sudeste
CONTR_2026_07209,Vertice Asset e Cobranca,2026-02-02,106,1754.41,Acordo Firmado,51.0,Sudeste
CONTR_2026_07210,Acerta Credito Integrado,2026-03-28,113,3861.45,Em Aberto,4.0,Nordeste
CONTR_2026_07211,Vertice Asset e Cobranca,2026-03-01,82,2406.59,Em Aberto,93.0,Centro-Oeste
CONTR_2026_07212,Fenix Recuperacao de Credito,2026-02-10,106,3610.02,Acordo Firmado,60.0,Nordeste
CONTR_2026_07213,Vertice Asset e Cobranca,2026-03-22,85,2748.6,Insucesso,68.0,Nordeste
CONTR_2026_07214,Nexus Mediacao Financeira,2026-02-15,62,9470.33,Em Aberto,21.0,Sudeste
CONTR_2026_07215,Fenix Recuperacao de Credito,2026-02-18,82,1220.35,Acordo Firmado,34.0,Nordeste
CONTR_2026_07216,Nexus Mediacao Financeira,2026-03-06,133,3267.8,Acordo Firmado,73.0,Sul
CONTR_2026_07217,Nexus Mediacao Financeira,2026-02-11,123,18606.99,Em Aberto,51.0,Nordeste
CONTR_2026_07218,Acerta Credito Integrado,2026-01-23,60,6881.46,Em Aberto,85.0,Norte
CONTR_2026_07219,Fenix Recuperacao de Credito,2026-04-22,77,8595.72,Acordo Firmado,4.0,Nordeste
CONTR_2026_07220,Fenix Recuperacao de Credito,2026-01-27,62,11026.06,Em Aberto,64.0,Centro-Oeste
CONTR_2026_07221,Fenix Recuperacao de Credito,2026-03-30,95,3445.86,Em Aberto,80.0,Nordeste
CONTR_2026_07222,Fenix Recuperacao de Credito,2026-02-01,119,1541.1,Acordo Firmado,25.0,Nordeste
CONTR_2026_07223,Fenix Recuperacao de Credito,2026-03-24,150,3844.01,Acordo Firmado,40.0,Sudeste
CONTR_2026_07224,Vertice Asset e Cobranca,2026-03-29,47,6487.92,Em Aberto,7.0,Sudeste
CONTR_2026_07225,Acerta Credito Integrado,2026-01-03,115,3516.46,Em Aberto,45.0,Sudeste
CONTR_2026_07226,Vertice Asset e Cobranca,2026-03-01,89,4173.87,Ajuizado,5.0,Sudeste
CONTR_2026_07227,Acerta Credito Integrado,2026-03-17,78,9929.27,Em Aberto,40.0,Norte
CONTR_2026_07228,Fenix Recuperacao de Credito,2026-04-09,61,1384.55,Ajuizado,21.0,Norte
CONTR_2026_07229,Fenix Recuperacao de Credito,2026-03-20,143,3237.74,Acordo Firmado,34.0,Sudeste
CONTR_2026_07230,Vertice Asset e Cobranca,2026-01-17,41,4551.19,Acordo Firmado,48.0,Nordeste
CONTR_2026_07231,Fenix Recuperacao de Credito,2026-04-24,75,2977.57,Em Aberto,22.0,Nordeste
CONTR_2026_07232,Vertice Asset e Cobranca,2026-02-01,101,4151.41,Em Aberto,91.0,Nordeste
CONTR_2026_07233,Fenix Recuperacao de Credito,2026-01-07,103,3768.85,Em Aberto,61.0,Nordeste
CONTR_2026_07234,Nexus Mediacao Financeira,2026-03-24,127,14079.12,Em Aberto,74.0,Centro-Oeste
CONTR_2026_07235,Vertice Asset e Cobranca,2026-03-12,63,4597.43,Acordo Firmado,79.0,Sudeste
CONTR_2026_07236,Vertice Asset e Cobranca,2026-03-10,108,4434.39,Insucesso,3.0,Sudeste
CONTR_2026_07237,Nexus Mediacao Financeira,2026-02-27,88,2668.42,Ajuizado,77.0,Sudeste
CONTR_2026_07238,Acerta Credito Integrado,2026-02-09,91,1437.15,Ajuizado,90.0,Nordeste
CONTR_2026_07239,Nexus Mediacao Financeira,2026-03-26,76,2979.65,Em Aberto,56.0,Sul
CONTR_2026_07240,Vertice Asset e Cobranca,2026-04-22,94,1337.93,Em Aberto,65.0,Sudeste
CONTR_2026_07241,Acerta Credito Integrado,2026-02-17,85,9965.8,Insucesso,73.0,Sul
CONTR_2026_07242,Fenix Recuperacao de Credito,2026-02-20,79,2342.59,Insucesso,39.0,Nordeste
CONTR_2026_07243,Fenix Recuperacao de Credito,2026-02-26,74,13306.48,Em Aberto,26.0,Sudeste
CONTR_2026_07244,Nexus Mediacao Financeira,2026-04-21,101,12050.6,Acordo Firmado,18.0,Sudeste
CONTR_2026_07245,Vertice Asset e Cobranca,2026-03-12,50,6663.59,Acordo Firmado,72.0,Sul
CONTR_2026_07246,Fenix Recuperacao de Credito,2026-02-06,84,11122.25,Em Aberto,15.0,Sul
CONTR_2026_07247,Nexus Mediacao Financeira,2026-03-28,66,11715.19,Ajuizado,46.0,Sudeste
CONTR_2026_07248,Acerta Credito Integrado,2026-03-16,86,8688.28,Insucesso,22.0,Sudeste
CONTR_2026_07249,Fenix Recuperacao de Credito,2026-03-15,86,4745.65,Insucesso,38.0,Norte
CONTR_2026_07250,Acerta Credito Integrado,2026-03-26,116,16183.31,Em Aberto,46.0,Nordeste
CONTR_2026_07251,Acerta Credito Integrado,2026-02-24,109,9711.63,Ajuizado,4.0,Nordeste
CONTR_2026_07252,Fenix Recuperacao de Credito,2026-02-10,98,1879.01,Acordo Firmado,21.0,Nordeste
CONTR_2026_07253,Vertice Asset e Cobranca,2026-04-07,95,3922.85,Insucesso,80.0,Nordeste
CONTR_2026_07254,Fenix Recuperacao de Credito,2026-01-20,84,5079.29,Insucesso,46.0,Centro-Oeste
CONTR_2026_07255,Vertice Asset e Cobranca,2026-02-02,83,4968.89,Ajuizado,89.0,Sudeste
CONTR_2026_07256,Nexus Mediacao Financeira,2026-02-09,37,3586.43,Acordo Firmado,23.0,Norte
CONTR_2026_07257,Fenix Recuperacao de Credito,2026-04-09,112,4992.59,Insucesso,17.0,Centro-Oeste
CONTR_2026_07258,Fenix Recuperacao de Credito,2026-02-03,97,1688.02,Em Aberto,96.0,Nordeste
CONTR_2026_07259,Acerta Credito Integrado,2026-03-03,126,6524.42,Em Aberto,66.0,Sudeste
CONTR_2026_07260,Vertice Asset e Cobranca,2026-04-10,73,4643.21,Acordo Firmado,1.0,Sudeste
CONTR_2026_07261,Vertice Asset e Cobranca,2026-04-01,127,8947.67,Ajuizado,73.0,Centro-Oeste
CONTR_2026_07262,Fenix Recuperacao de Credito,2026-01-19,84,7110.86,Em Aberto,90.0,Sul
CONTR_2026_07263,Nexus Mediacao Financeira,2026-02-12,72,1798.25,Ajuizado,49.0,Nordeste
CONTR_2026_07264,Fenix Recuperacao de Credito,2026-03-10,136,3359.38,Insucesso,35.0,Nordeste
CONTR_2026_07265,Acerta Credito Integrado,2026-03-04,100,7863.71,Acordo Firmado,60.0,Sudeste
CONTR_2026_07266,Fenix Recuperacao de Credito,2026-04-03,140,3254.04,Em Aberto,6.0,Nordeste
CONTR_2026_07267,Fenix Recuperacao de Credito,2026-04-30,95,5383.95,Acordo Firmado,41.0,Sudeste
CONTR_2026_07268,Vertice Asset e Cobranca,2026-01-10,114,17455.65,Em Aberto,73.0,Nordeste
CONTR_2026_07269,Vertice Asset e Cobranca,2026-04-30,120,1616.48,Em Aberto,84.0,Sudeste
CONTR_2026_07270,Vertice Asset e Cobranca,2026-04-29,81,2255.39,Acordo Firmado,49.0,Nordeste
CONTR_2026_07271,Vertice Asset e Cobranca,2026-04-14,100,4475.5,Em Aberto,26.0,Sul
CONTR_2026_07272,Vertice Asset e Cobranca,2026-01-13,94,7905.33,Acordo Firmado,34.0,Nordeste
CONTR_2026_07273,Nexus Mediacao Financeira,2026-04-03,114,3203.22,Acordo Firmado,74.0,Sudeste
CONTR_2026_07274,Fenix Recuperacao de Credito,2026-01-05,58,1824.76,Em Aberto,94.0,Sudeste
CONTR_2026_07275,Vertice Asset e Cobranca,2026-02-27,108,3097.35,Em Aberto,4.0,Nordeste
CONTR_2026_07276,Acerta Credito Integrado,2026-02-28,117,6370.2,Acordo Firmado,98.0,Norte
CONTR_2026_07277,Vertice Asset e Cobranca,2026-03-17,69,9064.27,Acordo Firmado,9.0,Nordeste
CONTR_2026_07278,Fenix Recuperacao de Credito,2026-02-28,63,20064.11,Acordo Firmado,69.0,Sudeste
CONTR_2026_07279,Acerta Credito Integrado,2026-03-18,40,8363.7,Em Aberto,51.0,Nordeste
CONTR_2026_07280,Nexus Mediacao Financeira,2026-03-27,152,4588.92,Em Aberto,25.0,Sudeste
CONTR_2026_07281,Nexus Mediacao Financeira,2026-04-14,68,2930.92,Ajuizado,40.0,Nordeste
CONTR_2026_07282,Fenix Recuperacao de Credito,2026-01-15,132,14321.97,Acordo Firmado,67.0,Sudeste
CONTR_2026_07283,Fenix Recuperacao de Credito,2026-03-18,83,5020.11,Insucesso,25.0,Nordeste
CONTR_2026_07284,Nexus Mediacao Financeira,2026-01-01,122,7036.49,Insucesso,51.0,Sudeste
CONTR_2026_07285,Fenix Recuperacao de Credito,2026-04-28,107,4397.47,Acordo Firmado,18.0,Nordeste
CONTR_2026_07286,Nexus Mediacao Financeira,2026-02-07,153,2586.07,Acordo Firmado,59.0,Sudeste
CONTR_2026_07287,Nexus Mediacao Financeira,2026-04-17,133,5158.64,Em Aberto,75.0,Nordeste
CONTR_2026_07288,Vertice Asset e Cobranca,2026-04-19,96,10359.91,Em Aberto,87.0,Nordeste
CONTR_2026_07289,Fenix Recuperacao de Credito,2026-02-22,99,3617.03,Ajuizado,59.0,Sudeste
CONTR_2026_07290,Acerta Credito Integrado,2026-02-21,110,6724.05,Insucesso,34.0,Sudeste
CONTR_2026_07291,Acerta Credito Integrado,2026-01-01,170,1416.4,Acordo Firmado,53.0,Sul
CONTR_2026_07292,Fenix Recuperacao de Credito,2026-01-11,92,14986.54,Acordo Firmado,98.0,Nordeste
CONTR_2026_07293,Fenix Recuperacao de Credito,2026-02-27,51,18721.39,Insucesso,47.0,Centro-Oeste
CONTR_2026_07294,Vertice Asset e Cobranca,2026-04-17,97,3641.2,Em Aberto,24.0,Sul
CONTR_2026_07295,Fenix Recuperacao de Credito,2026-02-09,70,4649.6,Acordo Firmado,61.0,Sudeste
CONTR_2026_07296,Vertice Asset e Cobranca,2026-03-27,96,2075.24,Acordo Firmado,57.0,Nordeste
CONTR_2026_07297,Fenix Recuperacao de Credito,2026-04-09,124,2292.0,Em Aberto,66.0,Sudeste
CONTR_2026_07298,Vertice Asset e Cobranca,2026-03-01,105,5807.38,Ajuizado,77.0,Sudeste
CONTR_2026_07299,Vertice Asset e Cobranca,2026-04-25,72,6130.94,Em Aberto,20.0,Nordeste
CONTR_2026_07300,Nexus Mediacao Financeira,2026-02-13,83,3289.77,Em Aberto,71.0,Centro-Oeste
CONTR_2026_07301,Fenix Recuperacao de Credito,2026-01-06,58,3542.25,Acordo Firmado,73.0,Sudeste
CONTR_2026_07302,Vertice Asset e Cobranca,2026-01-28,128,4728.41,Em Aberto,34.0,Nordeste
CONTR_2026_07303,Vertice Asset e Cobranca,2026-01-31,114,15249.78,Acordo Firmado,54.0,Sudeste
CONTR_2026_07304,Acerta Credito Integrado,2026-04-29,57,2010.58,Em Aberto,65.0,Sudeste
CONTR_2026_07305,Fenix Recuperacao de Credito,2026-01-08,165,5209.54,Acordo Firmado,72.0,Sudeste
CONTR_2026_07306,Fenix Recuperacao de Credito,2026-01-05,83,1499.74,Acordo Firmado,51.0,Nordeste
CONTR_2026_07307,Acerta Credito Integrado,2026-04-16,98,4265.67,Insucesso,41.0,Nordeste
CONTR_2026_07308,Vertice Asset e Cobranca,2026-02-23,79,3730.95,Acordo Firmado,1.0,Sudeste
CONTR_2026_07309,Acerta Credito Integrado,2026-04-22,102,2096.82,Insucesso,25.0,Nordeste
CONTR_2026_07310,Fenix Recuperacao de Credito,2026-04-18,92,2095.61,Ajuizado,93.0,Nordeste
CONTR_2026_07311,Vertice Asset e Cobranca,2026-01-17,48,4190.06,Ajuizado,52.0,Sudeste
CONTR_2026_07312,Nexus Mediacao Financeira,2026-02-07,125,1876.78,Insucesso,81.0,Nordeste
CONTR_2026_07313,Vertice Asset e Cobranca,2026-01-09,65,2946.22,Em Aberto,71.0,Sul
CONTR_2026_07314,Vertice Asset e Cobranca,2026-03-15,117,1569.41,Acordo Firmado,99.0,Sudeste
CONTR_2026_07315,Fenix Recuperacao de Credito,2026-03-25,83,2964.08,Insucesso,16.0,Sudeste
CONTR_2026_07316,Vertice Asset e Cobranca,2026-03-19,91,5014.55,Em Aberto,21.0,Nordeste
CONTR_2026_07317,Fenix Recuperacao de Credito,2026-01-14,104,8010.37,Em Aberto,2.0,Nordeste
CONTR_2026_07318,Nexus Mediacao Financeira,2026-01-26,94,10071.77,Acordo Firmado,90.0,Nordeste
CONTR_2026_07319,Vertice Asset e Cobranca,2026-04-03,112,3261.26,Insucesso,69.0,Sul
CONTR_2026_07320,Fenix Recuperacao de Credito,2026-04-23,68,15167.79,Ajuizado,5.0,Sudeste
CONTR_2026_07321,Fenix Recuperacao de Credito,2026-03-03,121,2576.3,Ajuizado,73.0,Sudeste
CONTR_2026_07322,Nexus Mediacao Financeira,2026-04-01,59,1620.04,Em Aberto,53.0,Sul
CONTR_2026_07323,Vertice Asset e Cobranca,2026-01-25,62,14151.98,Acordo Firmado,18.0,Sul
CONTR_2026_07324,Acerta Credito Integrado,2026-03-21,107,5080.59,Ajuizado,19.0,Sudeste
CONTR_2026_07325,Fenix Recuperacao de Credito,2026-02-05,121,3364.54,Ajuizado,63.0,Sudeste
CONTR_2026_07326,Fenix Recuperacao de Credito,2026-04-08,98,12619.35,Acordo Firmado,6.0,Centro-Oeste
CONTR_2026_07327,Fenix Recuperacao de Credito,2026-03-21,134,8674.87,Ajuizado,63.0,Nordeste
CONTR_2026_07328,Acerta Credito Integrado,2026-02-02,64,10132.18,Em Aberto,27.0,Nordeste
CONTR_2026_07329,Fenix Recuperacao de Credito,2026-01-03,55,2928.98,Insucesso,54.0,Sudeste
CONTR_2026_07330,Nexus Mediacao Financeira,2026-03-28,115,11536.98,Insucesso,31.0,Nordeste
CONTR_2026_07331,Fenix Recuperacao de Credito,2026-01-11,93,6445.86,Em Aberto,64.0,Nordeste
CONTR_2026_07332,Acerta Credito Integrado,2026-04-22,114,7897.36,Acordo Firmado,21.0,Nordeste
CONTR_2026_07333,Fenix Recuperacao de Credito,2026-02-27,59,3072.9,Insucesso,14.0,Nordeste
CONTR_2026_07334,Nexus Mediacao Financeira,2026-03-05,76,2605.29,Acordo Firmado,80.0,Nordeste
CONTR_2026_07335,Vertice Asset e Cobranca,2026-01-18,142,3822.78,Em Aberto,2.0,Nordeste
CONTR_2026_07336,Fenix Recuperacao de Credito,2026-02-16,83,5480.83,Insucesso,18.0,Nordeste
CONTR_2026_07337,Fenix Recuperacao de Credito,2026-04-15,132,6682.88,Em Aberto,18.0,Sudeste
CONTR_2026_07338,Vertice Asset e Cobranca,2026-02-13,113,4645.42,Acordo Firmado,35.0,Sudeste
CONTR_2026_07339,Nexus Mediacao Financeira,2026-04-03,81,7200.97,Acordo Firmado,78.0,Sul
CONTR_2026_07340,Nexus Mediacao Financeira,2026-02-28,132,7360.69,Ajuizado,82.0,Centro-Oeste
CONTR_2026_07341,Fenix Recuperacao de Credito,2026-02-19,99,6684.19,Insucesso,83.0,Nordeste
CONTR_2026_07342,Vertice Asset e Cobranca,2026-03-10,90,2645.67,Acordo Firmado,25.0,Nordeste
CONTR_2026_07343,Nexus Mediacao Financeira,2026-03-29,87,4155.92,Insucesso,99.0,Sul
CONTR_2026_07344,Vertice Asset e Cobranca,2026-01-29,103,8456.79,Em Aberto,7.0,Nordeste
CONTR_2026_07345,Nexus Mediacao Financeira,2026-04-03,56,12100.13,Insucesso,3.0,Sudeste
CONTR_2026_07346,Vertice Asset e Cobranca,2026-03-31,116,4677.46,Em Aberto,57.0,Nordeste
CONTR_2026_07347,Vertice Asset e Cobranca,2026-04-14,103,22834.19,Insucesso,76.0,Sudeste
CONTR_2026_07348,Vertice Asset e Cobranca,2026-03-08,72,2160.12,Em Aberto,54.0,Norte
CONTR_2026_07349,Acerta Credito Integrado,2026-01-02,51,2470.46,Acordo Firmado,16.0,Sudeste
CONTR_2026_07350,Fenix Recuperacao de Credito,2026-01-25,82,4287.89,Ajuizado,20.0,Sudeste
CONTR_2026_07351,Vertice Asset e Cobranca,2026-01-19,97,4753.91,Em Aberto,5.0,Sudeste
CONTR_2026_07352,Fenix Recuperacao de Credito,2026-02-09,94,3962.38,Em Aberto,51.0,Nordeste
CONTR_2026_07353,Vertice Asset e Cobranca,2026-01-02,94,4014.08,Em Aberto,31.0,Norte
CONTR_2026_07354,Nexus Mediacao Financeira,2026-03-24,110,4539.84,Em Aberto,24.0,Nordeste
CONTR_2026_07355,Fenix Recuperacao de Credito,2026-03-06,55,3129.54,Acordo Firmado,63.0,Sudeste
CONTR_2026_07356,Acerta Credito Integrado,2026-03-03,88,1901.73,Acordo Firmado,45.0,Sudeste
CONTR_2026_07357,Vertice Asset e Cobranca,2026-04-01,98,16830.19,Em Aberto,44.0,Nordeste
CONTR_2026_07358,Fenix Recuperacao de Credito,2026-02-23,103,9123.41,Acordo Firmado,51.0,Sudeste
CONTR_2026_07359,Fenix Recuperacao de Credito,2026-02-14,116,9634.38,Em Aberto,80.0,Sudeste
CONTR_2026_07360,Acerta Credito Integrado,2026-04-29,83,3470.33,Em Aberto,39.0,Sudeste
CONTR_2026_07361,Acerta Credito Integrado,2026-04-26,91,3786.6,Acordo Firmado,28.0,Sul
CONTR_2026_07362,Vertice Asset e Cobranca,2026-02-18,67,14932.13,Acordo Firmado,5.0,Sudeste
CONTR_2026_07363,Nexus Mediacao Financeira,2026-04-09,101,19243.58,Em Aberto,77.0,Nordeste
CONTR_2026_07364,Acerta Credito Integrado,2026-04-15,63,15490.37,Acordo Firmado,15.0,Sudeste
CONTR_2026_07365,Vertice Asset e Cobranca,2026-03-10,107,6344.5,Ajuizado,49.0,Sudeste
CONTR_2026_07366,Vertice Asset e Cobranca,2026-02-07,125,2590.08,Acordo Firmado,4.0,Nordeste
CONTR_2026_07367,Vertice Asset e Cobranca,2026-01-04,104,5844.01,Acordo Firmado,14.0,Sul
CONTR_2026_07368,Nexus Mediacao Financeira,2026-01-17,128,5646.86,Em Aberto,91.0,Sudeste
CONTR_2026_07369,Fenix Recuperacao de Credito,2026-02-22,76,13142.63,Acordo Firmado,10.0,Sul
CONTR_2026_07370,Fenix Recuperacao de Credito,2026-03-26,54,3067.42,Ajuizado,87.0,Nordeste
CONTR_2026_07371,Nexus Mediacao Financeira,2026-02-22,85,2319.97,Acordo Firmado,92.0,Nordeste
CONTR_2026_07372,Nexus Mediacao Financeira,2026-04-22,71,2744.92,Ajuizado,44.0,Nordeste
CONTR_2026_07373,Fenix Recuperacao de Credito,2026-01-31,75,2592.92,Acordo Firmado,77.0,Centro-Oeste
CONTR_2026_07374,Nexus Mediacao Financeira,2026-04-22,23,6426.08,Em Aberto,36.0,Nordeste
CONTR_2026_07375,Fenix Recuperacao de Credito,2026-01-22,95,9568.1,Em Aberto,59.0,Sudeste
CONTR_2026_07376,Fenix Recuperacao de Credito,2026-01-11,90,3495.23,Insucesso,32.0,Nordeste
CONTR_2026_07377,Nexus Mediacao Financeira,2026-02-03,115,2170.43,Acordo Firmado,65.0,Sul
CONTR_2026_07378,Vertice Asset e Cobranca,2026-04-23,106,3301.05,Acordo Firmado,64.0,Nordeste
CONTR_2026_07379,Nexus Mediacao Financeira,2026-01-15,84,5154.44,Acordo Firmado,4.0,Centro-Oeste
CONTR_2026_07380,Fenix Recuperacao de Credito,2026-04-24,117,6660.46,Em Aberto,1.0,Sul
CONTR_2026_07381,Vertice Asset e Cobranca,2026-01-10,116,5190.3,Acordo Firmado,82.0,Sudeste
CONTR_2026_07382,Fenix Recuperacao de Credito,2026-04-12,75,2683.48,Acordo Firmado,77.0,Sul
CONTR_2026_07383,Vertice Asset e Cobranca,2026-04-06,95,13706.33,Ajuizado,89.0,Sul
CONTR_2026_07384,Nexus Mediacao Financeira,2026-02-22,135,4079.6,Insucesso,21.0,Sul
CONTR_2026_07385,Nexus Mediacao Financeira,2026-02-17,99,4271.4,Em Aberto,79.0,Sudeste
CONTR_2026_07386,Vertice Asset e Cobranca,2026-01-31,65,18314.95,Em Aberto,41.0,Centro-Oeste
CONTR_2026_07387,Fenix Recuperacao de Credito,2026-02-06,56,11338.7,Acordo Firmado,41.0,Sudeste
CONTR_2026_07388,Vertice Asset e Cobranca,2026-04-18,45,9406.43,Em Aberto,10.0,Sudeste
CONTR_2026_07389,Vertice Asset e Cobranca,2026-01-28,28,2208.69,Em Aberto,99.0,Norte
CONTR_2026_07390,Vertice Asset e Cobranca,2026-01-31,75,10303.49,Em Aberto,4.0,Sudeste
CONTR_2026_07391,Nexus Mediacao Financeira,2026-03-11,84,4237.68,Em Aberto,69.0,Sul
CONTR_2026_07392,Fenix Recuperacao de Credito,2026-01-14,60,2374.78,Em Aberto,44.0,Sudeste
CONTR_2026_07393,Acerta Credito Integrado,2026-03-28,69,24687.51,Em Aberto,59.0,Sudeste
CONTR_2026_07394,Nexus Mediacao Financeira,2026-01-16,61,2144.04,Em Aberto,38.0,Nordeste
CONTR_2026_07395,Vertice Asset e Cobranca,2026-01-25,42,13951.24,Insucesso,24.0,Nordeste
CONTR_2026_07396,Fenix Recuperacao de Credito,2026-02-08,84,1202.64,Em Aberto,24.0,Norte
CONTR_2026_07397,Fenix Recuperacao de Credito,2026-03-07,110,4080.54,Ajuizado,19.0,Sudeste
CONTR_2026_07398,Acerta Credito Integrado,2026-02-07,74,1351.76,Acordo Firmado,84.0,Nordeste
CONTR_2026_07399,Nexus Mediacao Financeira,2026-02-10,124,13377.85,Em Aberto,92.0,Sudeste
CONTR_2026_07400,Fenix Recuperacao de Credito,2026-04-13,94,1872.74,Insucesso,43.0,Nordeste
CONTR_2026_07401,Fenix Recuperacao de Credito,2026-04-08,116,6790.48,Acordo Firmado,75.0,Sudeste
CONTR_2026_07402,Nexus Mediacao Financeira,2026-04-25,90,6187.78,Em Aberto,87.0,Sudeste
CONTR_2026_07403,Nexus Mediacao Financeira,2026-02-09,110,8749.51,Em Aberto,79.0,Nordeste
CONTR_2026_07404,Vertice Asset e Cobranca,2026-04-17,47,8069.41,Acordo Firmado,85.0,Norte
CONTR_2026_07405,Vertice Asset e Cobranca,2026-03-05,115,1364.93,Insucesso,100.0,Sudeste
CONTR_2026_07406,Fenix Recuperacao de Credito,2026-03-30,90,3658.39,Em Aberto,13.0,Nordeste
CONTR_2026_07407,Nexus Mediacao Financeira,2026-04-10,122,3146.9,Acordo Firmado,32.0,Sul
CONTR_2026_07408,Vertice Asset e Cobranca,2026-01-16,82,19238.39,Acordo Firmado,10.0,Nordeste
CONTR_2026_07409,Fenix Recuperacao de Credito,2026-03-23,142,8655.9,Em Aberto,59.0,Sul
CONTR_2026_07410,Nexus Mediacao Financeira,2026-03-18,106,7354.32,Acordo Firmado,46.0,Sudeste
CONTR_2026_07411,Vertice Asset e Cobranca,2026-02-28,62,4118.42,Acordo Firmado,32.0,Nordeste
CONTR_2026_07412,Vertice Asset e Cobranca,2026-04-11,123,12280.58,Em Aberto,49.0,Nordeste
CONTR_2026_07413,Vertice Asset e Cobranca,2026-04-01,58,1284.81,Acordo Firmado,84.0,Sudeste
CONTR_2026_07414,Acerta Credito Integrado,2026-04-08,56,2496.7,Ajuizado,39.0,Sudeste
CONTR_2026_07415,Vertice Asset e Cobranca,2026-01-11,128,7137.43,Acordo Firmado,51.0,Nordeste
CONTR_2026_07416,Nexus Mediacao Financeira,2026-01-01,100,4750.33,Acordo Firmado,16.0,Nordeste
CONTR_2026_07417,Vertice Asset e Cobranca,2026-01-13,92,5015.78,Acordo Firmado,39.0,Nordeste
CONTR_2026_07418,Fenix Recuperacao de Credito,2026-01-30,74,3892.23,Acordo Firmado,60.0,Nordeste
CONTR_2026_07419,Fenix Recuperacao de Credito,2026-03-10,114,2110.36,Ajuizado,5.0,Sudeste
CONTR_2026_07420,Acerta Credito Integrado,2026-01-18,81,2108.94,Em Aberto,81.0,Nordeste
CONTR_2026_07421,Fenix Recuperacao de Credito,2026-03-19,96,2944.11,Acordo Firmado,100.0,Nordeste
CONTR_2026_07422,Nexus Mediacao Financeira,2026-01-13,56,4358.47,Acordo Firmado,64.0,Sudeste
CONTR_2026_07423,Vertice Asset e Cobranca,2026-02-01,88,9889.93,Acordo Firmado,48.0,Sudeste
CONTR_2026_07424,Vertice Asset e Cobranca,2026-03-12,95,4160.47,Insucesso,26.0,Sul
CONTR_2026_07425,Vertice Asset e Cobranca,2026-03-13,106,12603.89,Acordo Firmado,51.0,Sudeste
CONTR_2026_07426,Vertice Asset e Cobranca,2026-02-19,100,1842.1,Ajuizado,68.0,Nordeste
CONTR_2026_07427,Fenix Recuperacao de Credito,2026-03-12,79,2785.71,Ajuizado,26.0,Sudeste
CONTR_2026_07428,Vertice Asset e Cobranca,2026-04-26,98,1565.67,Em Aberto,20.0,Nordeste
CONTR_2026_07429,Nexus Mediacao Financeira,2026-04-23,119,4767.01,Em Aberto,77.0,Nordeste
CONTR_2026_07430,Nexus Mediacao Financeira,2026-03-21,45,1671.73,Insucesso,71.0,Nordeste
CONTR_2026_07431,Vertice Asset e Cobranca,2026-04-17,85,9140.44,Em Aberto,24.0,Sudeste
CONTR_2026_07432,Vertice Asset e Cobranca,2026-01-31,96,1402.88,Acordo Firmado,67.0,Nordeste
CONTR_2026_07433,Fenix Recuperacao de Credito,2026-02-20,62,4425.53,Acordo Firmado,67.0,Nordeste
CONTR_2026_07434,Fenix Recuperacao de Credito,2026-01-27,117,3928.94,Em Aberto,50.0,Sul
CONTR_2026_07435,Fenix Recuperacao de Credito,2026-03-01,107,2329.69,Acordo Firmado,16.0,Sul
CONTR_2026_07436,Acerta Credito Integrado,2026-02-02,119,5619.77,Em Aberto,95.0,Nordeste
CONTR_2026_07437,Fenix Recuperacao de Credito,2026-02-22,154,3639.6,Acordo Firmado,33.0,Nordeste
CONTR_2026_07438,Fenix Recuperacao de Credito,2026-04-03,99,2303.03,Acordo Firmado,78.0,Centro-Oeste
CONTR_2026_07439,Vertice Asset e Cobranca,2026-03-13,81,9959.7,Ajuizado,50.0,Nordeste
CONTR_2026_07440,Fenix Recuperacao de Credito,2026-02-02,118,6604.29,Insucesso,89.0,Nordeste
CONTR_2026_07441,Nexus Mediacao Financeira,2026-02-10,72,1261.14,Acordo Firmado,2.0,Nordeste
CONTR_2026_07442,Fenix Recuperacao de Credito,2026-01-19,103,4684.42,Em Aberto,59.0,Centro-Oeste
CONTR_2026_07443,Fenix Recuperacao de Credito,2026-03-26,121,2782.51,Acordo Firmado,41.0,Nordeste
CONTR_2026_07444,Nexus Mediacao Financeira,2026-02-10,114,13532.13,Acordo Firmado,77.0,Sul
CONTR_2026_07445,Vertice Asset e Cobranca,2026-03-26,132,7665.49,Em Aberto,63.0,Sudeste
CONTR_2026_07446,Acerta Credito Integrado,2026-03-30,81,5928.79,Insucesso,82.0,Sul
CONTR_2026_07447,Nexus Mediacao Financeira,2026-02-11,111,1666.36,Em Aberto,62.0,Sudeste
CONTR_2026_07448,Vertice Asset e Cobranca,2026-04-30,92,14542.65,Ajuizado,84.0,Sul
CONTR_2026_07449,Nexus Mediacao Financeira,2026-01-23,97,1978.6,Acordo Firmado,2.0,Nordeste
CONTR_2026_07450,Fenix Recuperacao de Credito,2026-03-16,97,4195.98,Insucesso,7.0,Nordeste
CONTR_2026_07451,Nexus Mediacao Financeira,2026-02-02,106,6913.47,Acordo Firmado,77.0,Nordeste
CONTR_2026_07452,Vertice Asset e Cobranca,2026-01-20,88,4613.7,Acordo Firmado,8.0,Nordeste
CONTR_2026_07453,Vertice Asset e Cobranca,2026-01-25,47,11905.31,Acordo Firmado,3.0,Sudeste
CONTR_2026_07454,Nexus Mediacao Financeira,2026-03-31,94,10219.4,Acordo Firmado,14.0,Sudeste
CONTR_2026_07455,Acerta Credito Integrado,2026-04-14,100,1927.26,Em Aberto,87.0,Nordeste
CONTR_2026_07456,Vertice Asset e Cobranca,2026-02-21,88,6006.91,Acordo Firmado,72.0,Sul
CONTR_2026_07457,Nexus Mediacao Financeira,2026-01-12,103,1468.08,Insucesso,33.0,Nordeste
CONTR_2026_07458,Vertice Asset e Cobranca,2026-02-01,86,7575.15,Ajuizado,27.0,Sudeste
CONTR_2026_07459,Fenix Recuperacao de Credito,2026-02-02,81,7859.43,Insucesso,11.0,Nordeste
CONTR_2026_07460,Vertice Asset e Cobranca,2026-03-15,131,3311.72,Acordo Firmado,97.0,Nordeste
CONTR_2026_07461,Vertice Asset e Cobranca,2026-03-09,157,8922.79,Acordo Firmado,11.0,Nordeste
CONTR_2026_07462,Vertice Asset e Cobranca,2026-01-15,116,6487.87,Ajuizado,18.0,Nordeste
CONTR_2026_07463,Fenix Recuperacao de Credito,2026-02-20,72,4706.41,Em Aberto,92.0,Norte
CONTR_2026_07464,Vertice Asset e Cobranca,2026-01-06,96,4237.35,Ajuizado,90.0,Nordeste
CONTR_2026_07465,Vertice Asset e Cobranca,2026-04-01,94,1777.84,Acordo Firmado,94.0,Sudeste
CONTR_2026_07466,Vertice Asset e Cobranca,2026-03-10,110,4986.87,Em Aberto,74.0,Sul
CONTR_2026_07467,Acerta Credito Integrado,2026-03-10,95,2048.61,Acordo Firmado,42.0,Centro-Oeste
CONTR_2026_07468,Nexus Mediacao Financeira,2026-03-23,108,6536.01,Em Aberto,3.0,Sudeste
CONTR_2026_07469,Nexus Mediacao Financeira,2026-04-02,143,5715.81,Acordo Firmado,32.0,Sudeste
CONTR_2026_07470,Vertice Asset e Cobranca,2026-02-04,34,2916.19,Acordo Firmado,36.0,Sul
CONTR_2026_07471,Acerta Credito Integrado,2026-03-27,74,2618.44,Acordo Firmado,10.0,Nordeste
CONTR_2026_07472,Fenix Recuperacao de Credito,2026-02-03,118,4431.91,Acordo Firmado,85.0,Sudeste
CONTR_2026_07473,Acerta Credito Integrado,2026-03-04,88,4792.2,Ajuizado,55.0,Sudeste
CONTR_2026_07474,Nexus Mediacao Financeira,2026-03-09,107,9195.59,Insucesso,71.0,Sul
CONTR_2026_07475,Vertice Asset e Cobranca,2026-01-18,84,3011.73,Acordo Firmado,25.0,Nordeste
CONTR_2026_07476,Vertice Asset e Cobranca,2026-04-15,136,3782.73,Acordo Firmado,62.0,Centro-Oeste
CONTR_2026_07477,Nexus Mediacao Financeira,2026-04-25,124,3302.6,Em Aberto,34.0,Sul
CONTR_2026_07478,Fenix Recuperacao de Credito,2026-01-26,98,3705.34,Insucesso,25.0,Nordeste
CONTR_2026_07479,Acerta Credito Integrado,2026-04-16,140,5386.21,Acordo Firmado,73.0,Sudeste
CONTR_2026_07480,Vertice Asset e Cobranca,2026-03-27,99,5276.25,Em Aberto,8.0,Sudeste
CONTR_2026_07481,Vertice Asset e Cobranca,2026-04-21,91,3441.93,Acordo Firmado,53.0,Sudeste
CONTR_2026_07482,Fenix Recuperacao de Credito,2026-04-07,134,5811.99,Em Aberto,99.0,Sudeste
CONTR_2026_07483,Vertice Asset e Cobranca,2026-03-02,48,5986.15,Acordo Firmado,92.0,Nordeste
CONTR_2026_07484,Vertice Asset e Cobranca,2026-04-17,95,4942.22,Em Aberto,10.0,Sul
CONTR_2026_07485,Vertice Asset e Cobranca,2026-03-19,100,4210.7,Em Aberto,78.0,Sul
CONTR_2026_07486,Nexus Mediacao Financeira,2026-04-05,83,1605.71,Em Aberto,93.0,Sul
CONTR_2026_07487,Vertice Asset e Cobranca,2026-03-15,67,5096.45,Ajuizado,1.0,Nordeste
CONTR_2026_07488,Vertice Asset e Cobranca,2026-04-25,87,7436.14,Ajuizado,58.0,Nordeste
CONTR_2026_07489,Nexus Mediacao Financeira,2026-03-29,44,2412.44,Em Aberto,19.0,Sudeste
CONTR_2026_07490,Acerta Credito Integrado,2026-03-26,136,8721.68,Ajuizado,78.0,Nordeste
CONTR_2026_07491,Fenix Recuperacao de Credito,2026-02-17,138,5614.65,Em Aberto,20.0,Sudeste
CONTR_2026_07492,Vertice Asset e Cobranca,2026-03-13,92,2555.9,Em Aberto,48.0,Nordeste
CONTR_2026_07493,Vertice Asset e Cobranca,2026-04-06,80,2089.36,Em Aberto,100.0,Nordeste
CONTR_2026_07494,Nexus Mediacao Financeira,2026-01-31,45,2607.85,Em Aberto,72.0,Sudeste
CONTR_2026_07495,Acerta Credito Integrado,2026-02-03,70,8316.58,Em Aberto,58.0,Sudeste
CONTR_2026_07496,Fenix Recuperacao de Credito,2026-03-28,134,2641.82,Insucesso,38.0,Nordeste
CONTR_2026_07497,Fenix Recuperacao de Credito,2026-03-30,90,6947.8,Insucesso,42.0,Norte
CONTR_2026_07498,Acerta Credito Integrado,2026-01-07,74,5146.27,Em Aberto,88.0,Sudeste
CONTR_2026_07499,Fenix Recuperacao de Credito,2026-03-24,91,5157.61,Ajuizado,7.0,Nordeste
CONTR_2026_07500,Nexus Mediacao Financeira,2026-01-07,73,10773.0,Ajuizado,69.0,Centro-Oeste
CONTR_2026_07501,Nexus Mediacao Financeira,2026-02-16,42,11586.3,Em Aberto,78.0,Sudeste
CONTR_2026_07502,Acerta Credito Integrado,2026-01-08,80,5049.16,Em Aberto,73.0,Nordeste
CONTR_2026_07503,Fenix Recuperacao de Credito,2026-03-19,58,1537.6,Acordo Firmado,20.0,Nordeste
CONTR_2026_07504,Fenix Recuperacao de Credito,2026-01-01,102,2078.82,Em Aberto,52.0,Sul
CONTR_2026_07505,Nexus Mediacao Financeira,2026-03-18,117,16047.15,Insucesso,26.0,Norte
CONTR_2026_07506,Fenix Recuperacao de Credito,2026-01-03,68,1923.32,Em Aberto,89.0,Nordeste
CONTR_2026_07507,Vertice Asset e Cobranca,2026-02-22,95,10219.72,Ajuizado,84.0,Sudeste
CONTR_2026_07508,Vertice Asset e Cobranca,2026-04-02,89,5087.07,Ajuizado,56.0,Nordeste
CONTR_2026_07509,Nexus Mediacao Financeira,2026-02-07,67,1805.26,Acordo Firmado,70.0,Sudeste
CONTR_2026_07510,Fenix Recuperacao de Credito,2026-02-20,21,13797.72,Em Aberto,71.0,Centro-Oeste
CONTR_2026_07511,Acerta Credito Integrado,2026-01-15,59,14362.74,Em Aberto,100.0,Nordeste
CONTR_2026_07512,Vertice Asset e Cobranca,2026-04-10,66,5977.26,Ajuizado,62.0,Nordeste
CONTR_2026_07513,Fenix Recuperacao de Credito,2026-04-27,94,3662.15,Em Aberto,62.0,Nordeste
CONTR_2026_07514,Fenix Recuperacao de Credito,2026-03-08,97,5876.08,Em Aberto,36.0,Nordeste
CONTR_2026_07515,Nexus Mediacao Financeira,2026-03-05,127,6141.08,Em Aberto,20.0,Nordeste
CONTR_2026_07516,Acerta Credito Integrado,2026-03-09,58,6066.13,Em Aberto,18.0,Sudeste
CONTR_2026_07517,Vertice Asset e Cobranca,2026-01-05,65,7810.19,Em Aberto,72.0,Nordeste
CONTR_2026_07518,Fenix Recuperacao de Credito,2026-04-24,70,1547.52,Acordo Firmado,27.0,Sul
CONTR_2026_07519,Acerta Credito Integrado,2026-03-31,84,1740.88,Em Aberto,5.0,Nordeste
CONTR_2026_07520,Fenix Recuperacao de Credito,2026-03-30,96,2861.85,Em Aberto,95.0,Nordeste
CONTR_2026_07521,Vertice Asset e Cobranca,2026-01-10,102,3351.55,Em Aberto,46.0,Nordeste
CONTR_2026_07522,Nexus Mediacao Financeira,2026-01-08,33,6280.98,Em Aberto,41.0,Sudeste
CONTR_2026_07523,Nexus Mediacao Financeira,2026-01-12,125,2142.96,Acordo Firmado,85.0,Nordeste
CONTR_2026_07524,Acerta Credito Integrado,2026-03-05,104,5093.84,Em Aberto,52.0,Sudeste
CONTR_2026_07525,Vertice Asset e Cobranca,2026-04-28,116,2224.92,Em Aberto,3.0,Centro-Oeste
CONTR_2026_07526,Nexus Mediacao Financeira,2026-02-28,18,3396.3,Acordo Firmado,58.0,Sudeste
CONTR_2026_07527,Nexus Mediacao Financeira,2026-03-08,114,14905.38,Em Aberto,90.0,Nordeste
CONTR_2026_07528,Nexus Mediacao Financeira,2026-04-01,60,12502.39,Insucesso,81.0,Sudeste
CONTR_2026_07529,Nexus Mediacao Financeira,2026-02-19,76,16499.11,Insucesso,94.0,Sudeste
CONTR_2026_07530,Vertice Asset e Cobranca,2026-01-23,133,5675.33,Em Aberto,87.0,Nordeste
CONTR_2026_07531,Fenix Recuperacao de Credito,2026-02-09,109,4678.75,Acordo Firmado,25.0,Nordeste
CONTR_2026_07532,Fenix Recuperacao de Credito,2026-04-07,69,10649.56,Acordo Firmado,68.0,Nordeste
CONTR_2026_07533,Fenix Recuperacao de Credito,2026-03-19,113,1615.09,Insucesso,41.0,Norte
CONTR_2026_07534,Nexus Mediacao Financeira,2026-04-28,100,20386.77,Em Aberto,75.0,Sudeste
CONTR_2026_07535,Acerta Credito Integrado,2026-03-28,77,4302.95,Acordo Firmado,62.0,Sudeste
CONTR_2026_07536,Acerta Credito Integrado,2026-04-05,104,6831.76,Acordo Firmado,41.0,Sudeste
CONTR_2026_07537,Acerta Credito Integrado,2026-03-18,78,7718.41,Ajuizado,82.0,Sudeste
CONTR_2026_07538,Vertice Asset e Cobranca,2026-03-17,101,6155.61,Em Aberto,33.0,Sudeste
CONTR_2026_07539,Vertice Asset e Cobranca,2026-04-09,101,12306.19,Acordo Firmado,100.0,Sudeste
CONTR_2026_07540,Vertice Asset e Cobranca,2026-01-18,105,2899.52,Em Aberto,38.0,Nordeste
CONTR_2026_07541,Fenix Recuperacao de Credito,2026-01-21,147,4999.73,Em Aberto,18.0,Nordeste
CONTR_2026_07542,Fenix Recuperacao de Credito,2026-04-19,118,4013.27,Em Aberto,54.0,Sudeste
CONTR_2026_07543,Nexus Mediacao Financeira,2026-04-21,119,7289.16,Acordo Firmado,49.0,Sul
CONTR_2026_07544,Vertice Asset e Cobranca,2026-04-16,74,3713.59,Ajuizado,61.0,Sudeste
CONTR_2026_07545,Fenix Recuperacao de Credito,2026-01-01,44,12368.11,Acordo Firmado,16.0,Sudeste
CONTR_2026_07546,Fenix Recuperacao de Credito,2026-02-07,84,4570.94,Em Aberto,86.0,Nordeste
CONTR_2026_07547,Acerta Credito Integrado,2026-02-10,75,5039.44,Acordo Firmado,85.0,Nordeste
CONTR_2026_07548,Vertice Asset e Cobranca,2026-02-11,107,4600.1,Em Aberto,44.0,Sudeste
CONTR_2026_07549,Acerta Credito Integrado,2026-04-21,84,6072.73,Insucesso,31.0,Sudeste
CONTR_2026_07550,Acerta Credito Integrado,2026-01-09,129,4770.85,Em Aberto,95.0,Nordeste
CONTR_2026_07551,Fenix Recuperacao de Credito,2026-01-23,37,15056.4,Acordo Firmado,27.0,Sudeste
CONTR_2026_07552,Vertice Asset e Cobranca,2026-03-19,81,1902.77,Em Aberto,41.0,Nordeste
CONTR_2026_07553,Nexus Mediacao Financeira,2026-01-11,101,1267.59,Acordo Firmado,3.0,Nordeste
CONTR_2026_07554,Vertice Asset e Cobranca,2026-03-12,60,4888.49,Insucesso,95.0,Sul
CONTR_2026_07555,Nexus Mediacao Financeira,2026-01-31,117,8433.0,Em Aberto,34.0,Sudeste
CONTR_2026_07556,Vertice Asset e Cobranca,2026-03-29,116,6423.4,Acordo Firmado,90.0,Norte
CONTR_2026_07557,Fenix Recuperacao de Credito,2026-01-26,77,17648.39,Ajuizado,88.0,Nordeste
CONTR_2026_07558,Nexus Mediacao Financeira,2026-01-30,169,2206.16,Em Aberto,10.0,Sudeste
CONTR_2026_07559,Nexus Mediacao Financeira,2026-02-03,56,7120.57,Acordo Firmado,57.0,Nordeste
CONTR_2026_07560,Acerta Credito Integrado,2026-02-15,49,9660.51,Acordo Firmado,29.0,Nordeste
CONTR_2026_07561,Acerta Credito Integrado,2026-04-12,75,13355.73,Em Aberto,38.0,Sudeste
CONTR_2026_07562,Nexus Mediacao Financeira,2026-03-10,95,4959.73,Acordo Firmado,77.0,Centro-Oeste
CONTR_2026_07563,Fenix Recuperacao de Credito,2026-01-05,41,3455.76,Acordo Firmado,6.0,Nordeste
CONTR_2026_07564,Acerta Credito Integrado,2026-03-02,108,16745.76,Ajuizado,14.0,Nordeste
CONTR_2026_07565,Nexus Mediacao Financeira,2026-03-24,163,9038.39,Em Aberto,94.0,Norte
CONTR_2026_07566,Acerta Credito Integrado,2026-04-25,48,4382.36,Insucesso,4.0,Sul
CONTR_2026_07567,Fenix Recuperacao de Credito,2026-02-07,95,6465.8,Ajuizado,45.0,Nordeste
CONTR_2026_07568,Fenix Recuperacao de Credito,2026-01-28,118,2832.65,Acordo Firmado,92.0,Sudeste
CONTR_2026_07569,Acerta Credito Integrado,2026-01-26,112,5970.51,Ajuizado,39.0,Sul
CONTR_2026_07570,Fenix Recuperacao de Credito,2026-03-02,154,5082.97,Acordo Firmado,74.0,Sudeste
CONTR_2026_07571,Vertice Asset e Cobranca,2026-04-16,75,1400.08,Acordo Firmado,54.0,Sudeste
CONTR_2026_07572,Nexus Mediacao Financeira,2026-01-23,149,11240.18,Em Aberto,26.0,Centro-Oeste
CONTR_2026_07573,Fenix Recuperacao de Credito,2026-02-15,88,4568.61,Insucesso,98.0,Nordeste
CONTR_2026_07574,Acerta Credito Integrado,2026-04-23,74,4467.1,Insucesso,29.0,Nordeste
CONTR_2026_07575,Fenix Recuperacao de Credito,2026-01-30,146,2866.4,Insucesso,62.0,Sudeste
CONTR_2026_07576,Fenix Recuperacao de Credito,2026-03-08,78,2293.19,Em Aberto,8.0,Nordeste
CONTR_2026_07577,Nexus Mediacao Financeira,2026-04-02,122,2922.12,Ajuizado,39.0,Sudeste
CONTR_2026_07578,Acerta Credito Integrado,2026-02-02,75,6448.83,Insucesso,18.0,Sudeste
CONTR_2026_07579,Fenix Recuperacao de Credito,2026-04-16,51,1713.76,Acordo Firmado,73.0,Nordeste
CONTR_2026_07580,Acerta Credito Integrado,2026-01-03,51,3223.81,Insucesso,22.0,Centro-Oeste
CONTR_2026_07581,Nexus Mediacao Financeira,2026-03-10,111,20454.71,Em Aberto,18.0,Nordeste
CONTR_2026_07582,Vertice Asset e Cobranca,2026-03-24,58,2784.03,Em Aberto,37.0,Sul
CONTR_2026_07583,Fenix Recuperacao de Credito,2026-02-11,83,18204.24,Em Aberto,33.0,Sul
CONTR_2026_07584,Fenix Recuperacao de Credito,2026-03-03,70,1753.6,Em Aberto,48.0,Nordeste
CONTR_2026_07585,Nexus Mediacao Financeira,2026-02-27,63,9099.04,Acordo Firmado,48.0,Sudeste
CONTR_2026_07586,Nexus Mediacao Financeira,2026-02-26,67,4096.76,Insucesso,2.0,Sudeste
CONTR_2026_07587,Vertice Asset e Cobranca,2026-04-22,96,2283.43,Em Aberto,26.0,Sul
CONTR_2026_07588,Acerta Credito Integrado,2026-01-01,15,8942.24,Acordo Firmado,17.0,Sudeste
CONTR_2026_07589,Nexus Mediacao Financeira,2026-04-12,115,1235.03,Acordo Firmado,4.0,Nordeste
CONTR_2026_07590,Fenix Recuperacao de Credito,2026-03-14,51,3331.96,Em Aberto,9.0,Sudeste
CONTR_2026_07591,Fenix Recuperacao de Credito,2026-03-01,54,5842.54,Insucesso,10.0,Nordeste
CONTR_2026_07592,Acerta Credito Integrado,2026-03-10,46,2513.13,Insucesso,69.0,Nordeste
CONTR_2026_07593,Acerta Credito Integrado,2026-02-28,98,3221.33,Em Aberto,38.0,Nordeste
CONTR_2026_07594,Acerta Credito Integrado,2026-02-15,133,1679.55,Ajuizado,49.0,Sul
CONTR_2026_07595,Fenix Recuperacao de Credito,2026-04-16,85,10793.84,Em Aberto,40.0,Sudeste
CONTR_2026_07596,Vertice Asset e Cobranca,2026-02-03,103,3942.35,Acordo Firmado,49.0,Sudeste
CONTR_2026_07597,Fenix Recuperacao de Credito,2026-04-11,106,1985.0,Em Aberto,86.0,Sul
CONTR_2026_07598,Fenix Recuperacao de Credito,2026-04-07,112,2310.06,Em Aberto,19.0,Norte
CONTR_2026_07599,Vertice Asset e Cobranca,2026-01-25,59,2809.07,Acordo Firmado,37.0,Centro-Oeste
CONTR_2026_07600,Vertice Asset e Cobranca,2026-02-11,137,2503.36,Insucesso,51.0,Nordeste
CONTR_2026_07601,Nexus Mediacao Financeira,2026-01-29,79,4698.91,Ajuizado,49.0,Nordeste
CONTR_2026_07602,Fenix Recuperacao de Credito,2026-01-25,98,12980.89,Acordo Firmado,51.0,Nordeste
CONTR_2026_07603,Nexus Mediacao Financeira,2026-02-23,85,2216.18,Em Aberto,64.0,Sudeste
CONTR_2026_07604,Fenix Recuperacao de Credito,2026-03-14,76,4220.62,Em Aberto,23.0,Nordeste
CONTR_2026_07605,Vertice Asset e Cobranca,2026-03-08,118,6652.17,Acordo Firmado,78.0,Centro-Oeste
CONTR_2026_07606,Nexus Mediacao Financeira,2026-01-15,109,2215.44,Acordo Firmado,31.0,Sul
CONTR_2026_07607,Fenix Recuperacao de Credito,2026-01-04,24,2036.13,Acordo Firmado,53.0,Nordeste
CONTR_2026_07608,Nexus Mediacao Financeira,2026-04-19,102,2044.24,Em Aberto,33.0,Nordeste
CONTR_2026_07609,Vertice Asset e Cobranca,2026-02-07,152,11884.67,Em Aberto,17.0,Nordeste
CONTR_2026_07610,Fenix Recuperacao de Credito,2026-01-20,95,7411.24,Em Aberto,65.0,Sudeste
CONTR_2026_07611,Vertice Asset e Cobranca,2026-04-23,74,3250.14,Insucesso,76.0,Centro-Oeste
CONTR_2026_07612,Fenix Recuperacao de Credito,2026-01-23,78,12842.65,Em Aberto,67.0,Sudeste
CONTR_2026_07613,Fenix Recuperacao de Credito,2026-02-06,73,16546.43,Insucesso,45.0,Sudeste
CONTR_2026_07614,Vertice Asset e Cobranca,2026-03-03,55,3739.76,Em Aberto,51.0,Nordeste
CONTR_2026_07615,Fenix Recuperacao de Credito,2026-04-21,84,4771.32,Acordo Firmado,88.0,Centro-Oeste
CONTR_2026_07616,Vertice Asset e Cobranca,2026-01-08,84,3416.49,Em Aberto,78.0,Nordeste
CONTR_2026_07617,Vertice Asset e Cobranca,2026-02-06,108,2490.98,Acordo Firmado,37.0,Centro-Oeste
CONTR_2026_07618,Acerta Credito Integrado,2026-04-30,74,8770.86,Insucesso,92.0,Sudeste
CONTR_2026_07619,Vertice Asset e Cobranca,2026-02-14,150,6435.74,Insucesso,27.0,Sudeste
CONTR_2026_07620,Vertice Asset e Cobranca,2026-04-07,61,3485.56,Ajuizado,20.0,Sudeste
CONTR_2026_07621,Acerta Credito Integrado,2026-02-02,94,1272.42,Ajuizado,79.0,Nordeste
CONTR_2026_07622,Nexus Mediacao Financeira,2026-01-07,67,8412.7,Insucesso,42.0,Sul
CONTR_2026_07623,Fenix Recuperacao de Credito,2026-01-22,73,4444.42,Em Aberto,25.0,Norte
CONTR_2026_07624,Nexus Mediacao Financeira,2026-01-05,81,1579.47,Acordo Firmado,70.0,Nordeste
CONTR_2026_07625,Nexus Mediacao Financeira,2026-04-20,96,1864.81,Acordo Firmado,51.0,Nordeste
CONTR_2026_07626,Nexus Mediacao Financeira,2026-01-15,114,6149.39,Em Aberto,78.0,Sudeste
CONTR_2026_07627,Acerta Credito Integrado,2026-01-21,76,5151.95,Em Aberto,39.0,Sudeste
CONTR_2026_07628,Vertice Asset e Cobranca,2026-03-30,45,2575.33,Em Aberto,30.0,Nordeste
CONTR_2026_07629,Fenix Recuperacao de Credito,2026-01-17,131,1953.41,Acordo Firmado,47.0,Sudeste
CONTR_2026_07630,Acerta Credito Integrado,2026-02-25,60,12002.58,Acordo Firmado,47.0,Nordeste
CONTR_2026_07631,Vertice Asset e Cobranca,2026-02-19,82,1924.36,Em Aberto,50.0,Norte
CONTR_2026_07632,Nexus Mediacao Financeira,2026-01-07,91,1647.85,Acordo Firmado,28.0,Sul
CONTR_2026_07633,Vertice Asset e Cobranca,2026-04-28,86,6037.16,Em Aberto,31.0,Nordeste
CONTR_2026_07634,Vertice Asset e Cobranca,2026-02-19,47,2655.45,Em Aberto,73.0,Norte
CONTR_2026_07635,Nexus Mediacao Financeira,2026-03-01,115,6544.3,Insucesso,48.0,Nordeste
CONTR_2026_07636,Fenix Recuperacao de Credito,2026-03-24,15,4557.89,Em Aberto,66.0,Sul
CONTR_2026_07637,Vertice Asset e Cobranca,2026-04-26,119,2386.52,Acordo Firmado,53.0,Sudeste
CONTR_2026_07638,Nexus Mediacao Financeira,2026-01-07,124,1560.91,Acordo Firmado,60.0,Sudeste
CONTR_2026_07639,Fenix Recuperacao de Credito,2026-02-09,117,1566.35,Acordo Firmado,47.0,Norte
CONTR_2026_07640,Fenix Recuperacao de Credito,2026-02-14,80,5607.76,Em Aberto,45.0,Sudeste
CONTR_2026_07641,Vertice Asset e Cobranca,2026-02-28,93,8299.16,Acordo Firmado,1.0,Centro-Oeste
CONTR_2026_07642,Vertice Asset e Cobranca,2026-04-24,69,7050.43,Em Aberto,66.0,Sul
CONTR_2026_07643,Vertice Asset e Cobranca,2026-03-29,92,5692.91,Acordo Firmado,92.0,Sudeste
CONTR_2026_07644,Vertice Asset e Cobranca,2026-03-16,108,2384.49,Em Aberto,100.0,Sudeste
CONTR_2026_07645,Fenix Recuperacao de Credito,2026-04-15,57,11094.85,Em Aberto,23.0,Nordeste
CONTR_2026_07646,Nexus Mediacao Financeira,2026-02-24,85,6155.69,Em Aberto,20.0,Nordeste
CONTR_2026_07647,Nexus Mediacao Financeira,2026-03-05,75,7124.1,Acordo Firmado,33.0,Sudeste
CONTR_2026_07648,Fenix Recuperacao de Credito,2026-03-06,125,2466.93,Acordo Firmado,94.0,Nordeste
CONTR_2026_07649,Vertice Asset e Cobranca,2026-02-23,61,2715.61,Insucesso,89.0,Nordeste
CONTR_2026_07650,Nexus Mediacao Financeira,2026-04-06,108,13105.41,Em Aberto,48.0,Norte
CONTR_2026_07651,Fenix Recuperacao de Credito,2026-02-09,88,4432.02,Em Aberto,16.0,Centro-Oeste
CONTR_2026_07652,Fenix Recuperacao de Credito,2026-02-22,86,5235.42,Acordo Firmado,39.0,Sudeste
CONTR_2026_07653,Fenix Recuperacao de Credito,2026-02-13,109,1786.97,Insucesso,7.0,Centro-Oeste
CONTR_2026_07654,Acerta Credito Integrado,2026-03-04,78,3709.11,Em Aberto,51.0,Nordeste
CONTR_2026_07655,Acerta Credito Integrado,2026-01-02,93,12103.43,Em Aberto,44.0,Nordeste
CONTR_2026_07656,Acerta Credito Integrado,2026-03-20,123,12720.48,Em Aberto,97.0,Norte
CONTR_2026_07657,Acerta Credito Integrado,2026-01-21,66,7749.49,Em Aberto,98.0,Sudeste
CONTR_2026_07658,Nexus Mediacao Financeira,2026-03-29,98,5144.3,Em Aberto,81.0,Sul
CONTR_2026_07659,Vertice Asset e Cobranca,2026-02-19,116,14555.38,Em Aberto,49.0,Sul
CONTR_2026_07660,Nexus Mediacao Financeira,2026-03-22,104,11472.42,Acordo Firmado,51.0,Nordeste
CONTR_2026_07661,Fenix Recuperacao de Credito,2026-04-21,128,10565.43,Em Aberto,13.0,Sul
CONTR_2026_07662,Nexus Mediacao Financeira,2026-02-21,86,11877.19,Ajuizado,26.0,Sudeste
CONTR_2026_07663,Acerta Credito Integrado,2026-04-26,110,4218.71,Acordo Firmado,13.0,Sul
CONTR_2026_07664,Nexus Mediacao Financeira,2026-01-09,123,4927.36,Acordo Firmado,96.0,Sudeste
CONTR_2026_07665,Vertice Asset e Cobranca,2026-04-09,39,3958.35,Acordo Firmado,43.0,Sul
CONTR_2026_07666,Vertice Asset e Cobranca,2026-01-20,77,7936.66,Em Aberto,12.0,Centro-Oeste
CONTR_2026_07667,Nexus Mediacao Financeira,2026-03-24,101,5681.55,Em Aberto,78.0,Nordeste
CONTR_2026_07668,Nexus Mediacao Financeira,2026-01-18,117,1561.23,Ajuizado,85.0,Sudeste
CONTR_2026_07669,Acerta Credito Integrado,2026-03-25,97,1934.39,Ajuizado,33.0,Sudeste
CONTR_2026_07670,Vertice Asset e Cobranca,2026-01-30,131,2267.97,Acordo Firmado,67.0,Sudeste
CONTR_2026_07671,Acerta Credito Integrado,2026-04-14,73,6751.71,Em Aberto,7.0,Sul
CONTR_2026_07672,Nexus Mediacao Financeira,2026-03-06,52,1781.57,Em Aberto,79.0,Nordeste
CONTR_2026_07673,Acerta Credito Integrado,2026-01-24,113,5091.56,Em Aberto,7.0,Norte
CONTR_2026_07674,Nexus Mediacao Financeira,2026-03-29,86,10389.07,Em Aberto,43.0,Sul
CONTR_2026_07675,Nexus Mediacao Financeira,2026-02-16,64,15936.09,Ajuizado,48.0,Nordeste
CONTR_2026_07676,Nexus Mediacao Financeira,2026-03-24,141,3995.11,Em Aberto,90.0,Nordeste
CONTR_2026_07677,Acerta Credito Integrado,2026-04-04,112,5011.73,Em Aberto,26.0,Nordeste
CONTR_2026_07678,Vertice Asset e Cobranca,2026-03-31,109,10104.93,Em Aberto,76.0,Nordeste
CONTR_2026_07679,Fenix Recuperacao de Credito,2026-04-16,137,14924.23,Acordo Firmado,51.0,Sudeste
CONTR_2026_07680,Fenix Recuperacao de Credito,2026-02-13,78,3670.35,Insucesso,56.0,Nordeste
CONTR_2026_07681,Fenix Recuperacao de Credito,2026-04-12,132,3377.51,Acordo Firmado,40.0,Sudeste
CONTR_2026_07682,Nexus Mediacao Financeira,2026-01-29,102,4196.87,Insucesso,66.0,Sul
CONTR_2026_07683,Nexus Mediacao Financeira,2026-03-18,72,2663.84,Ajuizado,51.0,Sudeste
CONTR_2026_07684,Vertice Asset e Cobranca,2026-03-09,89,11018.59,Ajuizado,44.0,Sudeste
CONTR_2026_07685,Fenix Recuperacao de Credito,2026-04-19,95,3115.08,Em Aberto,95.0,Nordeste
CONTR_2026_07686,Acerta Credito Integrado,2026-01-17,123,4184.25,Em Aberto,59.0,Sul
CONTR_2026_07687,Acerta Credito Integrado,2026-04-07,49,3128.04,Acordo Firmado,34.0,Centro-Oeste
CONTR_2026_07688,Vertice Asset e Cobranca,2026-01-05,37,1833.04,Em Aberto,12.0,Sul
CONTR_2026_07689,Vertice Asset e Cobranca,2026-04-02,66,5865.24,Acordo Firmado,6.0,Nordeste
CONTR_2026_07690,Acerta Credito Integrado,2026-03-29,87,5628.94,Em Aberto,96.0,Nordeste
CONTR_2026_07691,Fenix Recuperacao de Credito,2026-03-22,111,2947.08,Em Aberto,100.0,Nordeste
CONTR_2026_07692,Acerta Credito Integrado,2026-02-19,76,1359.51,Acordo Firmado,10.0,Sudeste
CONTR_2026_07693,Vertice Asset e Cobranca,2026-04-13,102,15003.04,Em Aberto,80.0,Sul
CONTR_2026_07694,Nexus Mediacao Financeira,2026-04-22,138,3396.77,Ajuizado,25.0,Norte
CONTR_2026_07695,Fenix Recuperacao de Credito,2026-02-09,39,5069.13,Acordo Firmado,94.0,Sudeste
CONTR_2026_07696,Nexus Mediacao Financeira,2026-04-18,85,1975.96,Acordo Firmado,40.0,Sudeste
CONTR_2026_07697,Vertice Asset e Cobranca,2026-02-15,162,2646.2,Acordo Firmado,93.0,Nordeste
CONTR_2026_07698,Nexus Mediacao Financeira,2026-02-20,68,4056.89,Insucesso,48.0,Nordeste
CONTR_2026_07699,Vertice Asset e Cobranca,2026-01-11,65,5330.47,Acordo Firmado,87.0,Nordeste
CONTR_2026_07700,Vertice Asset e Cobranca,2026-01-12,105,10821.23,Acordo Firmado,56.0,Nordeste
CONTR_2026_07701,Vertice Asset e Cobranca,2026-01-13,74,2915.36,Insucesso,60.0,Sudeste
CONTR_2026_07702,Acerta Credito Integrado,2026-03-05,122,11470.07,Em Aberto,7.0,Norte
CONTR_2026_07703,Nexus Mediacao Financeira,2026-01-08,164,4266.54,Em Aberto,47.0,Sudeste
CONTR_2026_07704,Vertice Asset e Cobranca,2026-03-06,92,4034.13,Em Aberto,14.0,Sudeste
CONTR_2026_07705,Fenix Recuperacao de Credito,2026-01-09,172,3724.34,Acordo Firmado,2.0,Sudeste
CONTR_2026_07706,Fenix Recuperacao de Credito,2026-04-02,76,12065.6,Insucesso,63.0,Nordeste
CONTR_2026_07707,Nexus Mediacao Financeira,2026-01-02,84,2645.2,Insucesso,37.0,Nordeste
CONTR_2026_07708,Acerta Credito Integrado,2026-03-19,61,10937.3,Acordo Firmado,69.0,Nordeste
CONTR_2026_07709,Nexus Mediacao Financeira,2026-01-13,76,1666.63,Em Aberto,22.0,Nordeste
CONTR_2026_07710,Acerta Credito Integrado,2026-04-22,82,16742.05,Insucesso,70.0,Nordeste
CONTR_2026_07711,Fenix Recuperacao de Credito,2026-01-02,102,4695.98,Insucesso,45.0,Sudeste
CONTR_2026_07712,Vertice Asset e Cobranca,2026-03-09,52,35285.94,Em Aberto,7.0,Centro-Oeste
CONTR_2026_07713,Fenix Recuperacao de Credito,2026-03-17,74,5881.62,Insucesso,100.0,Nordeste
CONTR_2026_07714,Vertice Asset e Cobranca,2026-02-17,75,1825.56,Acordo Firmado,5.0,Sul
CONTR_2026_07715,Fenix Recuperacao de Credito,2026-03-15,116,1514.12,Em Aberto,26.0,Nordeste
CONTR_2026_07716,Vertice Asset e Cobranca,2026-01-03,93,2274.75,Insucesso,92.0,Sudeste
CONTR_2026_07717,Fenix Recuperacao de Credito,2026-03-09,93,3933.55,Em Aberto,47.0,Nordeste
CONTR_2026_07718,Fenix Recuperacao de Credito,2026-01-06,92,8075.58,Em Aberto,87.0,Nordeste
CONTR_2026_07719,Vertice Asset e Cobranca,2026-03-28,37,1203.58,Insucesso,66.0,Nordeste
CONTR_2026_07720,Vertice Asset e Cobranca,2026-01-05,138,2687.63,Em Aberto,21.0,Nordeste
CONTR_2026_07721,Nexus Mediacao Financeira,2026-04-24,62,5628.44,Acordo Firmado,66.0,Norte
CONTR_2026_07722,Fenix Recuperacao de Credito,2026-01-03,116,2968.28,Insucesso,2.0,Sudeste
CONTR_2026_07723,Fenix Recuperacao de Credito,2026-01-10,83,3407.61,Insucesso,18.0,Nordeste
CONTR_2026_07724,Acerta Credito Integrado,2026-02-12,71,2988.83,Em Aberto,91.0,Nordeste
CONTR_2026_07725,Fenix Recuperacao de Credito,2026-01-19,121,16507.54,Acordo Firmado,64.0,Sudeste
CONTR_2026_07726,Fenix Recuperacao de Credito,2026-01-14,54,1540.5,Em Aberto,46.0,Sul
CONTR_2026_07727,Fenix Recuperacao de Credito,2026-01-21,56,13103.34,Em Aberto,69.0,Norte
CONTR_2026_07728,Vertice Asset e Cobranca,2026-02-12,94,3152.19,Insucesso,9.0,Sudeste
CONTR_2026_07729,Fenix Recuperacao de Credito,2026-01-28,95,2615.44,Acordo Firmado,14.0,Sudeste
CONTR_2026_07730,Nexus Mediacao Financeira,2026-01-21,114,11939.4,Em Aberto,68.0,Nordeste
CONTR_2026_07731,Nexus Mediacao Financeira,2026-02-05,111,2891.96,Acordo Firmado,65.0,Nordeste
CONTR_2026_07732,Fenix Recuperacao de Credito,2026-01-24,87,23103.54,Em Aberto,40.0,Centro-Oeste
CONTR_2026_07733,Fenix Recuperacao de Credito,2026-02-23,93,5171.34,Insucesso,22.0,Sul
CONTR_2026_07734,Acerta Credito Integrado,2026-02-07,85,4434.87,Acordo Firmado,15.0,Sul
CONTR_2026_07735,Fenix Recuperacao de Credito,2026-01-17,132,19951.03,Em Aberto,25.0,Nordeste
CONTR_2026_07736,Nexus Mediacao Financeira,2026-01-22,60,2485.87,Em Aberto,64.0,Sudeste
CONTR_2026_07737,Fenix Recuperacao de Credito,2026-03-24,90,13182.79,Insucesso,51.0,Sul
CONTR_2026_07738,Fenix Recuperacao de Credito,2026-02-14,113,5676.62,Insucesso,32.0,Sudeste
CONTR_2026_07739,Nexus Mediacao Financeira,2026-04-28,123,8231.83,Insucesso,95.0,Sudeste
CONTR_2026_07740,Fenix Recuperacao de Credito,2026-03-15,69,5561.78,Acordo Firmado,42.0,Sudeste
CONTR_2026_07741,Nexus Mediacao Financeira,2026-03-02,60,6020.17,Insucesso,87.0,Sudeste
CONTR_2026_07742,Fenix Recuperacao de Credito,2026-01-11,52,2041.63,Acordo Firmado,17.0,Sul
CONTR_2026_07743,Acerta Credito Integrado,2026-03-02,79,2022.38,Acordo Firmado,34.0,Sudeste
CONTR_2026_07744,Vertice Asset e Cobranca,2026-02-07,97,3730.49,Acordo Firmado,69.0,Sul
CONTR_2026_07745,Vertice Asset e Cobranca,2026-03-07,75,3326.22,Acordo Firmado,47.0,Nordeste
CONTR_2026_07746,Nexus Mediacao Financeira,2026-02-02,110,7425.02,Acordo Firmado,51.0,Sudeste
CONTR_2026_07747,Fenix Recuperacao de Credito,2026-02-12,88,7614.37,Em Aberto,94.0,Sudeste
CONTR_2026_07748,Acerta Credito Integrado,2026-01-31,108,5348.18,Em Aberto,50.0,Sul
CONTR_2026_07749,Vertice Asset e Cobranca,2026-04-22,94,3770.9,Insucesso,53.0,Sudeste
CONTR_2026_07750,Nexus Mediacao Financeira,2026-02-04,39,6847.57,Acordo Firmado,94.0,Sudeste
CONTR_2026_07751,Fenix Recuperacao de Credito,2026-02-06,55,7013.28,Insucesso,14.0,Nordeste
CONTR_2026_07752,Nexus Mediacao Financeira,2026-02-16,124,9480.08,Acordo Firmado,89.0,Sudeste
CONTR_2026_07753,Fenix Recuperacao de Credito,2026-04-21,61,9549.4,Em Aberto,67.0,Sul
CONTR_2026_07754,Vertice Asset e Cobranca,2026-04-10,115,1560.53,Em Aberto,20.0,Centro-Oeste
CONTR_2026_07755,Fenix Recuperacao de Credito,2026-01-23,93,3542.43,Ajuizado,61.0,Sul
CONTR_2026_07756,Acerta Credito Integrado,2026-02-05,60,3923.03,Em Aberto,23.0,Sudeste
CONTR_2026_07757,Vertice Asset e Cobranca,2026-02-09,112,10584.14,Em Aberto,23.0,Nordeste
CONTR_2026_07758,Acerta Credito Integrado,2026-04-13,75,4683.85,Em Aberto,21.0,Sudeste
CONTR_2026_07759,Acerta Credito Integrado,2026-03-31,94,4555.03,Acordo Firmado,44.0,Sudeste
CONTR_2026_07760,Fenix Recuperacao de Credito,2026-03-30,83,5234.63,Em Aberto,51.0,Nordeste
CONTR_2026_07761,Nexus Mediacao Financeira,2026-03-22,15,1880.33,Em Aberto,52.0,Centro-Oeste
CONTR_2026_07762,Fenix Recuperacao de Credito,2026-01-15,110,5365.46,Acordo Firmado,73.0,Nordeste
CONTR_2026_07763,Vertice Asset e Cobranca,2026-02-06,113,5209.76,Insucesso,39.0,Sul
CONTR_2026_07764,Acerta Credito Integrado,2026-04-19,75,8220.77,Insucesso,22.0,Sudeste
CONTR_2026_07765,Nexus Mediacao Financeira,2026-01-04,109,6227.7,Insucesso,83.0,Sudeste
CONTR_2026_07766,Nexus Mediacao Financeira,2026-01-22,63,16708.8,Em Aberto,69.0,Sul
CONTR_2026_07767,Vertice Asset e Cobranca,2026-03-22,64,1617.46,Em Aberto,68.0,Nordeste
CONTR_2026_07768,Vertice Asset e Cobranca,2026-01-22,97,8584.41,Em Aberto,21.0,Sudeste
CONTR_2026_07769,Fenix Recuperacao de Credito,2026-03-22,69,8161.61,Acordo Firmado,82.0,Sul
CONTR_2026_07770,Acerta Credito Integrado,2026-03-19,86,2769.07,Ajuizado,5.0,Sul
CONTR_2026_07771,Nexus Mediacao Financeira,2026-03-19,61,7195.76,Acordo Firmado,61.0,Sudeste
CONTR_2026_07772,Acerta Credito Integrado,2026-01-17,51,6584.08,Em Aberto,77.0,Sul
CONTR_2026_07773,Fenix Recuperacao de Credito,2026-03-13,96,2974.14,Insucesso,90.0,Nordeste
CONTR_2026_07774,Vertice Asset e Cobranca,2026-04-08,96,7632.83,Acordo Firmado,80.0,Nordeste
CONTR_2026_07775,Vertice Asset e Cobranca,2026-03-31,90,14543.11,Em Aberto,11.0,Nordeste
CONTR_2026_07776,Fenix Recuperacao de Credito,2026-04-19,81,3020.79,Acordo Firmado,67.0,Sudeste
CONTR_2026_07777,Vertice Asset e Cobranca,2026-04-04,68,20780.82,Em Aberto,68.0,Sudeste
CONTR_2026_07778,Acerta Credito Integrado,2026-03-27,57,2469.86,Em Aberto,9.0,Nordeste
CONTR_2026_07779,Acerta Credito Integrado,2026-03-21,56,1923.06,Acordo Firmado,94.0,Sudeste
CONTR_2026_07780,Nexus Mediacao Financeira,2026-04-04,71,1600.9,Acordo Firmado,51.0,Sudeste
CONTR_2026_07781,Vertice Asset e Cobranca,2026-03-21,120,2401.98,Em Aberto,60.0,Sudeste
CONTR_2026_07782,Fenix Recuperacao de Credito,2026-02-07,96,3296.64,Acordo Firmado,45.0,Nordeste
CONTR_2026_07783,Acerta Credito Integrado,2026-04-28,100,7805.52,Ajuizado,60.0,Centro-Oeste
CONTR_2026_07784,Fenix Recuperacao de Credito,2026-01-24,52,1573.68,Insucesso,58.0,Sudeste
CONTR_2026_07785,Fenix Recuperacao de Credito,2026-04-10,95,4738.92,Acordo Firmado,76.0,Sudeste
CONTR_2026_07786,Vertice Asset e Cobranca,2026-04-09,100,4856.77,Em Aberto,54.0,Nordeste
CONTR_2026_07787,Vertice Asset e Cobranca,2026-01-06,137,2493.48,Em Aberto,49.0,Sul
CONTR_2026_07788,Fenix Recuperacao de Credito,2026-03-09,89,1432.61,Insucesso,13.0,Sudeste
CONTR_2026_07789,Fenix Recuperacao de Credito,2026-03-23,78,2475.23,Em Aberto,21.0,Nordeste
CONTR_2026_07790,Nexus Mediacao Financeira,2026-01-06,67,2509.35,Ajuizado,21.0,Norte
CONTR_2026_07791,Nexus Mediacao Financeira,2026-01-26,91,7024.14,Acordo Firmado,51.0,Centro-Oeste
CONTR_2026_07792,Fenix Recuperacao de Credito,2026-04-11,84,2531.43,Acordo Firmado,69.0,Nordeste
CONTR_2026_07793,Vertice Asset e Cobranca,2026-04-01,123,3279.58,Acordo Firmado,81.0,Sul
CONTR_2026_07794,Nexus Mediacao Financeira,2026-02-10,117,1442.96,Em Aberto,55.0,Sul
CONTR_2026_07795,Acerta Credito Integrado,2026-03-16,60,6090.11,Acordo Firmado,85.0,Nordeste
CONTR_2026_07796,Fenix Recuperacao de Credito,2026-02-07,89,4413.64,Em Aberto,65.0,Norte
CONTR_2026_07797,Fenix Recuperacao de Credito,2026-03-21,163,3315.37,Acordo Firmado,16.0,Nordeste
CONTR_2026_07798,Fenix Recuperacao de Credito,2026-03-24,46,7268.1,Em Aberto,22.0,Centro-Oeste
CONTR_2026_07799,Fenix Recuperacao de Credito,2026-02-12,84,6930.44,Em Aberto,87.0,Sudeste
CONTR_2026_07800,Vertice Asset e Cobranca,2026-02-22,112,3186.79,Em Aberto,20.0,Sudeste
CONTR_2026_07801,Fenix Recuperacao de Credito,2026-01-15,82,7379.17,Em Aberto,49.0,Sul
CONTR_2026_07802,Fenix Recuperacao de Credito,2026-03-31,80,3340.16,Em Aberto,72.0,Sudeste
CONTR_2026_07803,Vertice Asset e Cobranca,2026-02-25,75,2455.14,Em Aberto,46.0,Sul
CONTR_2026_07804,Vertice Asset e Cobranca,2026-04-15,58,7561.79,Ajuizado,49.0,Centro-Oeste
CONTR_2026_07805,Fenix Recuperacao de Credito,2026-02-25,84,7710.24,Em Aberto,94.0,Sudeste
CONTR_2026_07806,Fenix Recuperacao de Credito,2026-01-31,120,11240.89,Ajuizado,66.0,Sudeste
CONTR_2026_07807,Acerta Credito Integrado,2026-03-24,51,4675.19,Insucesso,62.0,Centro-Oeste
CONTR_2026_07808,Acerta Credito Integrado,2026-02-26,98,2522.3,Acordo Firmado,63.0,Sul
CONTR_2026_07809,Vertice Asset e Cobranca,2026-02-20,122,10266.87,Acordo Firmado,32.0,Nordeste
CONTR_2026_07810,Fenix Recuperacao de Credito,2026-01-24,89,2159.84,Acordo Firmado,83.0,Sudeste
CONTR_2026_07811,Fenix Recuperacao de Credito,2026-02-27,77,15152.83,Acordo Firmado,13.0,Centro-Oeste
CONTR_2026_07812,Fenix Recuperacao de Credito,2026-03-14,110,3031.13,Acordo Firmado,42.0,Sudeste
CONTR_2026_07813,Fenix Recuperacao de Credito,2026-03-28,62,1294.71,Acordo Firmado,88.0,Sudeste
CONTR_2026_07814,Vertice Asset e Cobranca,2026-01-04,102,2233.68,Acordo Firmado,10.0,Nordeste
CONTR_2026_07815,Fenix Recuperacao de Credito,2026-01-10,85,3878.94,Insucesso,47.0,Norte
CONTR_2026_07816,Nexus Mediacao Financeira,2026-03-04,91,1483.85,Acordo Firmado,69.0,Sudeste
CONTR_2026_07817,Vertice Asset e Cobranca,2026-03-14,140,3834.11,Em Aberto,91.0,Nordeste
CONTR_2026_07818,Fenix Recuperacao de Credito,2026-03-24,124,2333.76,Em Aberto,60.0,Centro-Oeste
CONTR_2026_07819,Fenix Recuperacao de Credito,2026-01-15,134,1295.68,Acordo Firmado,61.0,Sudeste
CONTR_2026_07820,Nexus Mediacao Financeira,2026-04-25,65,2976.28,Em Aberto,58.0,Nordeste
CONTR_2026_07821,Vertice Asset e Cobranca,2026-04-08,59,2482.88,Insucesso,25.0,Nordeste
CONTR_2026_07822,Vertice Asset e Cobranca,2026-04-16,104,3921.56,Acordo Firmado,71.0,Norte
CONTR_2026_07823,Vertice Asset e Cobranca,2026-03-04,99,8315.11,Ajuizado,62.0,Sudeste
CONTR_2026_07824,Acerta Credito Integrado,2026-01-19,30,4764.46,Em Aberto,61.0,Sudeste
CONTR_2026_07825,Vertice Asset e Cobranca,2026-04-23,100,8506.5,Acordo Firmado,45.0,Sudeste
CONTR_2026_07826,Acerta Credito Integrado,2026-03-04,151,3252.48,Em Aberto,27.0,Sul
CONTR_2026_07827,Fenix Recuperacao de Credito,2026-04-26,146,1266.36,Insucesso,52.0,Sudeste
CONTR_2026_07828,Vertice Asset e Cobranca,2026-02-25,69,13966.34,Insucesso,59.0,Sudeste
CONTR_2026_07829,Nexus Mediacao Financeira,2026-01-21,111,3089.6,Acordo Firmado,85.0,Sul
CONTR_2026_07830,Fenix Recuperacao de Credito,2026-02-03,63,4942.01,Em Aberto,43.0,Sudeste
CONTR_2026_07831,Fenix Recuperacao de Credito,2026-04-25,87,4366.99,Acordo Firmado,28.0,Sul
CONTR_2026_07832,Vertice Asset e Cobranca,2026-01-17,65,5574.37,Em Aberto,21.0,Norte
CONTR_2026_07833,Fenix Recuperacao de Credito,2026-01-18,54,12012.56,Acordo Firmado,34.0,Norte
CONTR_2026_07834,Acerta Credito Integrado,2026-03-22,116,11296.23,Acordo Firmado,85.0,Sudeste
CONTR_2026_07835,Fenix Recuperacao de Credito,2026-03-07,98,21024.54,Acordo Firmado,47.0,Nordeste
CONTR_2026_07836,Vertice Asset e Cobranca,2026-02-20,103,4957.79,Em Aberto,27.0,Nordeste
CONTR_2026_07837,Nexus Mediacao Financeira,2026-03-06,108,13985.08,Acordo Firmado,15.0,Sul
CONTR_2026_07838,Nexus Mediacao Financeira,2026-02-12,95,4493.25,Em Aberto,5.0,Nordeste
CONTR_2026_07839,Vertice Asset e Cobranca,2026-02-26,58,1427.1,Em Aberto,64.0,Nordeste
CONTR_2026_07840,Acerta Credito Integrado,2026-01-10,96,1990.26,Ajuizado,17.0,Sudeste
CONTR_2026_07841,Nexus Mediacao Financeira,2026-02-06,83,3232.22,Ajuizado,8.0,Centro-Oeste
CONTR_2026_07842,Vertice Asset e Cobranca,2026-02-17,84,7663.25,Acordo Firmado,57.0,Nordeste
CONTR_2026_07843,Fenix Recuperacao de Credito,2026-04-30,61,1624.37,Ajuizado,57.0,Nordeste
CONTR_2026_07844,Vertice Asset e Cobranca,2026-03-10,44,3443.58,Acordo Firmado,48.0,Centro-Oeste
CONTR_2026_07845,Acerta Credito Integrado,2026-02-25,72,21388.23,Em Aberto,51.0,Sudeste
CONTR_2026_07846,Nexus Mediacao Financeira,2026-04-29,106,8901.43,Em Aberto,18.0,Sudeste
CONTR_2026_07847,Acerta Credito Integrado,2026-03-17,87,5443.11,Acordo Firmado,42.0,Sul
CONTR_2026_07848,Vertice Asset e Cobranca,2026-02-05,143,1518.8,Insucesso,69.0,Nordeste
CONTR_2026_07849,Fenix Recuperacao de Credito,2026-01-31,88,1273.63,Em Aberto,54.0,Sudeste
CONTR_2026_07850,Fenix Recuperacao de Credito,2026-02-24,95,1756.04,Em Aberto,16.0,Nordeste
CONTR_2026_07851,Vertice Asset e Cobranca,2026-02-07,90,3181.02,Acordo Firmado,85.0,Sul
CONTR_2026_07852,Nexus Mediacao Financeira,2026-04-25,58,5862.02,Em Aberto,76.0,Sudeste
CONTR_2026_07853,Acerta Credito Integrado,2026-03-14,89,2299.99,Acordo Firmado,17.0,Sul
CONTR_2026_07854,Vertice Asset e Cobranca,2026-04-18,57,1462.53,Em Aberto,44.0,Nordeste
CONTR_2026_07855,Vertice Asset e Cobranca,2026-03-31,87,1676.22,Em Aberto,33.0,Nordeste
CONTR_2026_07856,Vertice Asset e Cobranca,2026-01-15,37,3982.56,Insucesso,11.0,Sul
CONTR_2026_07857,Vertice Asset e Cobranca,2026-01-16,87,8616.82,Acordo Firmado,40.0,Nordeste
CONTR_2026_07858,Fenix Recuperacao de Credito,2026-03-18,94,9804.29,Em Aberto,37.0,Nordeste
CONTR_2026_07859,Fenix Recuperacao de Credito,2026-03-30,96,2919.87,Acordo Firmado,75.0,Nordeste
CONTR_2026_07860,Fenix Recuperacao de Credito,2026-04-04,46,6644.87,Em Aberto,28.0,Nordeste
CONTR_2026_07861,Fenix Recuperacao de Credito,2026-02-22,104,3693.74,Ajuizado,30.0,Sudeste
CONTR_2026_07862,Fenix Recuperacao de Credito,2026-02-25,109,19170.16,Ajuizado,46.0,Nordeste
CONTR_2026_07863,Fenix Recuperacao de Credito,2026-01-07,61,3795.64,Acordo Firmado,51.0,Sul
CONTR_2026_07864,Nexus Mediacao Financeira,2026-02-26,119,3720.11,Acordo Firmado,43.0,Sul
CONTR_2026_07865,Vertice Asset e Cobranca,2026-02-24,95,4681.44,Em Aberto,85.0,Nordeste
CONTR_2026_07866,Vertice Asset e Cobranca,2026-02-21,88,1329.17,Em Aberto,96.0,Sudeste
CONTR_2026_07867,Fenix Recuperacao de Credito,2026-01-04,107,3905.81,Acordo Firmado,91.0,Centro-Oeste
CONTR_2026_07868,Vertice Asset e Cobranca,2026-02-12,138,10021.93,Acordo Firmado,98.0,Centro-Oeste
CONTR_2026_07869,Vertice Asset e Cobranca,2026-02-09,85,5934.81,Em Aberto,8.0,Nordeste
CONTR_2026_07870,Fenix Recuperacao de Credito,2026-04-12,75,18637.22,Acordo Firmado,43.0,Sul
CONTR_2026_07871,Acerta Credito Integrado,2026-01-30,152,3169.83,Acordo Firmado,33.0,Nordeste
CONTR_2026_07872,Fenix Recuperacao de Credito,2026-01-10,84,2080.85,Em Aberto,55.0,Nordeste
CONTR_2026_07873,Fenix Recuperacao de Credito,2026-04-04,100,8143.01,Acordo Firmado,58.0,Nordeste
CONTR_2026_07874,Acerta Credito Integrado,2026-04-13,84,1423.19,Em Aberto,21.0,Sudeste
CONTR_2026_07875,Nexus Mediacao Financeira,2026-01-07,41,2069.12,Acordo Firmado,51.0,Sudeste
CONTR_2026_07876,Nexus Mediacao Financeira,2026-02-05,80,4735.72,Acordo Firmado,51.0,Nordeste
CONTR_2026_07877,Nexus Mediacao Financeira,2026-02-04,123,8202.75,Ajuizado,29.0,Sudeste
CONTR_2026_07878,Vertice Asset e Cobranca,2026-03-29,65,5793.59,Acordo Firmado,51.0,Sudeste
CONTR_2026_07879,Nexus Mediacao Financeira,2026-02-08,129,27585.29,Em Aberto,68.0,Sul
CONTR_2026_07880,Fenix Recuperacao de Credito,2026-02-05,112,6520.19,Em Aberto,89.0,Sudeste
CONTR_2026_07881,Fenix Recuperacao de Credito,2026-04-19,59,7654.33,Em Aberto,69.0,Sudeste
CONTR_2026_07882,Vertice Asset e Cobranca,2026-01-20,53,26710.46,Ajuizado,19.0,Nordeste
CONTR_2026_07883,Nexus Mediacao Financeira,2026-02-18,53,5688.11,Ajuizado,39.0,Nordeste
CONTR_2026_07884,Acerta Credito Integrado,2026-04-06,77,7469.64,Acordo Firmado,70.0,Sul
CONTR_2026_07885,Fenix Recuperacao de Credito,2026-02-28,57,2971.44,Insucesso,30.0,Nordeste
CONTR_2026_07886,Acerta Credito Integrado,2026-04-13,126,5047.5,Acordo Firmado,28.0,Nordeste
CONTR_2026_07887,Fenix Recuperacao de Credito,2026-02-18,54,13349.39,Acordo Firmado,63.0,Sul
CONTR_2026_07888,Vertice Asset e Cobranca,2026-03-31,63,10797.58,Ajuizado,51.0,Nordeste
CONTR_2026_07889,Vertice Asset e Cobranca,2026-01-26,135,3028.49,Em Aberto,67.0,Nordeste
CONTR_2026_07890,Vertice Asset e Cobranca,2026-02-05,82,3409.75,Em Aberto,64.0,Sudeste
CONTR_2026_07891,Fenix Recuperacao de Credito,2026-02-12,102,10566.16,Insucesso,58.0,Sudeste
CONTR_2026_07892,Nexus Mediacao Financeira,2026-04-09,103,2875.08,Acordo Firmado,99.0,Nordeste
CONTR_2026_07893,Acerta Credito Integrado,2026-02-12,46,12129.26,Acordo Firmado,68.0,Nordeste
CONTR_2026_07894,Vertice Asset e Cobranca,2026-04-09,114,8631.0,Acordo Firmado,10.0,Sudeste
CONTR_2026_07895,Vertice Asset e Cobranca,2026-03-17,108,2026.48,Acordo Firmado,51.0,Sudeste
CONTR_2026_07896,Acerta Credito Integrado,2026-02-02,109,7560.63,Acordo Firmado,51.0,Nordeste
CONTR_2026_07897,Acerta Credito Integrado,2026-04-10,69,10188.69,Acordo Firmado,1.0,Nordeste
CONTR_2026_07898,Vertice Asset e Cobranca,2026-03-19,98,1979.43,Em Aberto,1.0,Sudeste
CONTR_2026_07899,Vertice Asset e Cobranca,2026-04-07,84,4256.44,Em Aberto,7.0,Nordeste
CONTR_2026_07900,Acerta Credito Integrado,2026-04-20,92,11125.32,Acordo Firmado,80.0,Nordeste
CONTR_2026_07901,Nexus Mediacao Financeira,2026-02-14,66,2307.29,Acordo Firmado,88.0,Nordeste
CONTR_2026_07902,Fenix Recuperacao de Credito,2026-02-14,84,4180.91,Em Aberto,4.0,Sudeste
CONTR_2026_07903,Vertice Asset e Cobranca,2026-03-29,119,5943.68,Ajuizado,16.0,Sudeste
CONTR_2026_07904,Acerta Credito Integrado,2026-01-15,32,1711.56,Em Aberto,71.0,Nordeste
CONTR_2026_07905,Fenix Recuperacao de Credito,2026-04-05,79,2391.64,Ajuizado,25.0,Sudeste
CONTR_2026_07906,Vertice Asset e Cobranca,2026-01-17,109,4343.64,Acordo Firmado,15.0,Sudeste
CONTR_2026_07907,Fenix Recuperacao de Credito,2026-01-12,57,3539.48,Em Aberto,9.0,Sul
CONTR_2026_07908,Acerta Credito Integrado,2026-01-22,102,3163.55,Em Aberto,11.0,Sudeste
CONTR_2026_07909,Vertice Asset e Cobranca,2026-01-23,104,1333.6,Ajuizado,71.0,Sudeste
CONTR_2026_07910,Vertice Asset e Cobranca,2026-03-31,85,14350.93,Em Aberto,53.0,Sudeste
CONTR_2026_07911,Acerta Credito Integrado,2026-03-19,99,11456.13,Em Aberto,39.0,Nordeste
CONTR_2026_07912,Vertice Asset e Cobranca,2026-01-12,138,3693.0,Insucesso,87.0,Nordeste
CONTR_2026_07913,Nexus Mediacao Financeira,2026-04-24,69,2200.65,Em Aberto,3.0,Sudeste
CONTR_2026_07914,Fenix Recuperacao de Credito,2026-03-09,48,1557.73,Acordo Firmado,71.0,Nordeste
CONTR_2026_07915,Fenix Recuperacao de Credito,2026-04-20,77,1857.31,Em Aberto,3.0,Nordeste
CONTR_2026_07916,Fenix Recuperacao de Credito,2026-02-20,60,5806.8,Acordo Firmado,51.0,Sudeste
CONTR_2026_07917,Nexus Mediacao Financeira,2026-01-13,101,7819.74,Acordo Firmado,3.0,Sudeste
CONTR_2026_07918,Fenix Recuperacao de Credito,2026-02-26,76,2050.51,Acordo Firmado,71.0,Nordeste
CONTR_2026_07919,Fenix Recuperacao de Credito,2026-02-24,108,1798.37,Ajuizado,23.0,Centro-Oeste
CONTR_2026_07920,Vertice Asset e Cobranca,2026-03-23,98,7073.35,Ajuizado,38.0,Centro-Oeste
CONTR_2026_07921,Nexus Mediacao Financeira,2026-04-17,69,4838.92,Acordo Firmado,79.0,Sudeste
CONTR_2026_07922,Acerta Credito Integrado,2026-01-28,62,3524.78,Acordo Firmado,87.0,Sudeste
CONTR_2026_07923,Fenix Recuperacao de Credito,2026-04-12,48,7654.54,Em Aberto,42.0,Sul
CONTR_2026_07924,Fenix Recuperacao de Credito,2026-04-15,121,4241.06,Em Aberto,5.0,Sul
CONTR_2026_07925,Fenix Recuperacao de Credito,2026-02-13,105,4328.58,Acordo Firmado,41.0,Sudeste
CONTR_2026_07926,Vertice Asset e Cobranca,2026-01-19,77,1279.33,Acordo Firmado,53.0,Nordeste
CONTR_2026_07927,Acerta Credito Integrado,2026-02-15,108,3099.05,Em Aberto,62.0,Sudeste
CONTR_2026_07928,Acerta Credito Integrado,2026-04-21,56,1225.24,Ajuizado,93.0,Sudeste
CONTR_2026_07929,Acerta Credito Integrado,2026-04-17,63,14075.07,Acordo Firmado,83.0,Sudeste
CONTR_2026_07930,Fenix Recuperacao de Credito,2026-04-12,60,2940.27,Em Aberto,24.0,Nordeste
CONTR_2026_07931,Acerta Credito Integrado,2026-04-20,98,2195.43,Em Aberto,87.0,Sudeste
CONTR_2026_07932,Acerta Credito Integrado,2026-01-03,71,1676.49,Acordo Firmado,28.0,Sul
CONTR_2026_07933,Nexus Mediacao Financeira,2026-03-24,46,1438.79,Acordo Firmado,81.0,Centro-Oeste
CONTR_2026_07934,Vertice Asset e Cobranca,2026-01-20,92,12058.18,Insucesso,9.0,Sudeste
CONTR_2026_07935,Vertice Asset e Cobranca,2026-01-25,107,2122.7,Em Aberto,61.0,Sudeste
CONTR_2026_07936,Fenix Recuperacao de Credito,2026-03-16,85,6004.94,Acordo Firmado,53.0,Nordeste
CONTR_2026_07937,Nexus Mediacao Financeira,2026-02-25,124,6466.54,Insucesso,17.0,Nordeste
CONTR_2026_07938,Nexus Mediacao Financeira,2026-03-22,114,3110.29,Insucesso,65.0,Nordeste
CONTR_2026_07939,Vertice Asset e Cobranca,2026-03-02,123,10156.18,Acordo Firmado,9.0,Sul
CONTR_2026_07940,Vertice Asset e Cobranca,2026-04-23,113,2404.18,Acordo Firmado,70.0,Sudeste
CONTR_2026_07941,Vertice Asset e Cobranca,2026-02-24,97,1570.7,Insucesso,15.0,Sudeste
CONTR_2026_07942,Nexus Mediacao Financeira,2026-02-04,52,1555.02,Em Aberto,6.0,Centro-Oeste
CONTR_2026_07943,Fenix Recuperacao de Credito,2026-03-19,79,2986.42,Insucesso,18.0,Nordeste
CONTR_2026_07944,Fenix Recuperacao de Credito,2026-02-28,74,4311.08,Insucesso,88.0,Sudeste
CONTR_2026_07945,Vertice Asset e Cobranca,2026-02-08,63,6162.66,Insucesso,94.0,Sul
CONTR_2026_07946,Fenix Recuperacao de Credito,2026-02-26,72,7722.8,Insucesso,83.0,Nordeste
CONTR_2026_07947,Nexus Mediacao Financeira,2026-03-24,46,2184.28,Em Aberto,58.0,Nordeste
CONTR_2026_07948,Acerta Credito Integrado,2026-03-08,116,6958.85,Em Aberto,92.0,Nordeste
CONTR_2026_07949,Fenix Recuperacao de Credito,2026-02-03,58,2207.77,Em Aberto,23.0,Norte
CONTR_2026_07950,Vertice Asset e Cobranca,2026-04-23,114,30578.26,Em Aberto,88.0,Sudeste
CONTR_2026_07951,Vertice Asset e Cobranca,2026-02-10,129,17179.22,Em Aberto,27.0,Nordeste
CONTR_2026_07952,Fenix Recuperacao de Credito,2026-01-22,67,1740.2,Acordo Firmado,77.0,Sudeste
CONTR_2026_07953,Nexus Mediacao Financeira,2026-04-12,73,6522.8,Insucesso,75.0,Nordeste
CONTR_2026_07954,Fenix Recuperacao de Credito,2026-04-30,104,12879.0,Em Aberto,15.0,Nordeste
CONTR_2026_07955,Acerta Credito Integrado,2026-01-27,76,1620.73,Acordo Firmado,30.0,Nordeste
CONTR_2026_07956,Nexus Mediacao Financeira,2026-01-21,66,1861.84,Em Aberto,6.0,Nordeste
CONTR_2026_07957,Nexus Mediacao Financeira,2026-02-10,103,3330.87,Ajuizado,25.0,Sul
CONTR_2026_07958,Acerta Credito Integrado,2026-01-31,67,1703.13,Em Aberto,31.0,Centro-Oeste
CONTR_2026_07959,Fenix Recuperacao de Credito,2026-01-27,154,12039.93,Em Aberto,11.0,Sudeste
CONTR_2026_07960,Fenix Recuperacao de Credito,2026-02-06,106,11619.05,Em Aberto,68.0,Norte
CONTR_2026_07961,Acerta Credito Integrado,2026-03-07,9999,16051.56,Em Aberto,79.0,Nordeste
CONTR_2026_07962,Vertice Asset e Cobranca,2026-02-23,87,2347.02,Ajuizado,24.0,Norte
CONTR_2026_07963,Fenix Recuperacao de Credito,2026-04-21,145,1432.06,Acordo Firmado,14.0,Nordeste
CONTR_2026_07964,Vertice Asset e Cobranca,2026-01-09,67,4140.59,Acordo Firmado,24.0,Sudeste
CONTR_2026_07965,Nexus Mediacao Financeira,2026-03-24,112,11824.42,Acordo Firmado,87.0,Centro-Oeste
CONTR_2026_07966,Fenix Recuperacao de Credito,2026-02-11,49,6286.73,Acordo Firmado,69.0,Sudeste
CONTR_2026_07967,Vertice Asset e Cobranca,2026-02-05,158,33136.31,Acordo Firmado,26.0,Sudeste
CONTR_2026_07968,Fenix Recuperacao de Credito,2026-01-10,114,13005.67,Insucesso,94.0,Nordeste
CONTR_2026_07969,Vertice Asset e Cobranca,2026-02-28,61,3694.08,Insucesso,42.0,Sudeste
CONTR_2026_07970,Acerta Credito Integrado,2026-02-09,105,1401.68,Acordo Firmado,51.0,Nordeste
CONTR_2026_07971,Vertice Asset e Cobranca,2026-02-23,121,1225.92,Ajuizado,51.0,Centro-Oeste
CONTR_2026_07972,Nexus Mediacao Financeira,2026-04-19,63,6367.02,Insucesso,67.0,Norte
CONTR_2026_07973,Fenix Recuperacao de Credito,2026-02-08,76,13570.78,Ajuizado,18.0,Nordeste
CONTR_2026_07974,Fenix Recuperacao de Credito,2026-01-07,60,4137.01,Em Aberto,86.0,Sul
CONTR_2026_07975,Nexus Mediacao Financeira,2026-01-04,104,11568.97,Acordo Firmado,28.0,Nordeste
CONTR_2026_07976,Fenix Recuperacao de Credito,2026-01-15,95,5382.1,Em Aberto,30.0,Sul
CONTR_2026_07977,Fenix Recuperacao de Credito,2026-03-17,90,1715.81,Insucesso,2.0,Sudeste
CONTR_2026_07978,Acerta Credito Integrado,2026-02-17,65,9205.25,Em Aberto,73.0,Nordeste
CONTR_2026_07979,Acerta Credito Integrado,2026-01-06,83,4592.22,Insucesso,65.0,Centro-Oeste
CONTR_2026_07980,Acerta Credito Integrado,2026-03-14,68,1462.07,Acordo Firmado,36.0,Sudeste
CONTR_2026_07981,Fenix Recuperacao de Credito,2026-02-04,104,9626.29,Acordo Firmado,21.0,Nordeste
CONTR_2026_07982,Fenix Recuperacao de Credito,2026-03-13,58,8286.95,Insucesso,62.0,Sudeste
CONTR_2026_07983,Nexus Mediacao Financeira,2026-03-12,66,4255.88,Insucesso,54.0,Nordeste
CONTR_2026_07984,Fenix Recuperacao de Credito,2026-03-09,114,1298.28,Em Aberto,28.0,Sul
CONTR_2026_07985,Vertice Asset e Cobranca,2026-02-27,76,3330.41,Em Aberto,100.0,Sudeste
CONTR_2026_07986,Acerta Credito Integrado,2026-03-18,142,4054.21,Acordo Firmado,51.0,Nordeste
CONTR_2026_07987,Acerta Credito Integrado,2026-01-19,95,2103.5,Em Aberto,58.0,Nordeste
CONTR_2026_07988,Vertice Asset e Cobranca,2026-03-03,35,2077.16,Acordo Firmado,70.0,Sul
CONTR_2026_07989,Acerta Credito Integrado,2026-03-12,50,2113.49,Em Aberto,23.0,Sudeste
CONTR_2026_07990,Acerta Credito Integrado,2026-01-10,72,3514.76,Em Aberto,70.0,Nordeste
CONTR_2026_07991,Nexus Mediacao Financeira,2026-01-25,112,9706.23,Em Aberto,64.0,Sudeste
CONTR_2026_07992,Fenix Recuperacao de Credito,2026-02-13,109,8322.21,Acordo Firmado,86.0,Sudeste
CONTR_2026_07993,Vertice Asset e Cobranca,2026-04-09,75,1250.83,Acordo Firmado,31.0,Nordeste
CONTR_2026_07994,Vertice Asset e Cobranca,2026-02-27,126,1248.45,Insucesso,19.0,Sudeste
CONTR_2026_07995,Fenix Recuperacao de Credito,2026-01-25,99,1604.4,Em Aberto,72.0,Nordeste
CONTR_2026_07996,Vertice Asset e Cobranca,2026-04-03,80,4342.25,Em Aberto,8.0,Sudeste
CONTR_2026_07997,Fenix Recuperacao de Credito,2026-04-30,125,12185.82,Em Aberto,84.0,Nordeste
CONTR_2026_07998,Vertice Asset e Cobranca,2026-03-17,65,2206.04,Acordo Firmado,64.0,Sudeste
CONTR_2026_07999,Fenix Recuperacao de Credito,2026-04-25,106,4438.92,Em Aberto,88.0,Sul
CONTR_2026_08000,Fenix Recuperacao de Credito,2026-04-21,109,1408.0,Insucesso,77.0,Sudeste
CONTR_2026_08001,Acerta Credito Integrado,2026-02-09,108,1302.68,Insucesso,41.0,Sudeste
CONTR_2026_08002,Nexus Mediacao Financeira,2026-03-17,85,1237.55,Acordo Firmado,51.0,Sudeste
CONTR_2026_08003,Fenix Recuperacao de Credito,2026-04-26,116,7871.94,Em Aberto,7.0,Nordeste
CONTR_2026_08004,Fenix Recuperacao de Credito,2026-03-11,145,1320.57,Em Aberto,52.0,Nordeste
CONTR_2026_08005,Nexus Mediacao Financeira,2026-01-10,85,2799.76,Em Aberto,72.0,Centro-Oeste
CONTR_2026_08006,Vertice Asset e Cobranca,2026-03-07,92,6378.86,Em Aberto,91.0,Sul
CONTR_2026_08007,Acerta Credito Integrado,2026-04-30,117,6020.2,Em Aberto,3.0,Sudeste
CONTR_2026_08008,Vertice Asset e Cobranca,2026-04-19,82,1483.62,Acordo Firmado,17.0,Nordeste
CONTR_2026_08009,Nexus Mediacao Financeira,2026-01-25,81,2683.05,Acordo Firmado,51.0,Sul
CONTR_2026_08010,Fenix Recuperacao de Credito,2026-03-12,55,6298.85,Insucesso,60.0,Nordeste
CONTR_2026_08011,Acerta Credito Integrado,2026-04-14,38,3689.92,Acordo Firmado,73.0,Centro-Oeste
CONTR_2026_08012,Vertice Asset e Cobranca,2026-03-28,55,4335.14,Insucesso,70.0,Sudeste
CONTR_2026_08013,Nexus Mediacao Financeira,2026-04-22,115,2360.2,Em Aberto,8.0,Nordeste
CONTR_2026_08014,Fenix Recuperacao de Credito,2026-01-11,59,1392.44,Em Aberto,44.0,Sul
CONTR_2026_08015,Nexus Mediacao Financeira,2026-02-05,104,3317.15,Em Aberto,26.0,Sudeste
CONTR_2026_08016,Acerta Credito Integrado,2026-02-18,134,6944.01,Insucesso,48.0,Nordeste
CONTR_2026_08017,Vertice Asset e Cobranca,2026-02-17,94,8473.5,Em Aberto,84.0,Sudeste
CONTR_2026_08018,Nexus Mediacao Financeira,2026-04-25,63,5688.94,Em Aberto,26.0,Centro-Oeste
CONTR_2026_08019,Vertice Asset e Cobranca,2026-03-28,86,3697.79,Em Aberto,58.0,Nordeste
CONTR_2026_08020,Acerta Credito Integrado,2026-04-17,101,5574.97,Ajuizado,67.0,Nordeste
CONTR_2026_08021,Vertice Asset e Cobranca,2026-01-07,101,7303.71,Em Aberto,58.0,Sul
CONTR_2026_08022,Acerta Credito Integrado,2026-04-01,93,8238.03,Acordo Firmado,25.0,Sudeste
CONTR_2026_08023,Acerta Credito Integrado,2026-03-18,108,1696.26,Ajuizado,15.0,Centro-Oeste
CONTR_2026_08024,Vertice Asset e Cobranca,2026-02-20,119,9322.35,Em Aberto,11.0,Nordeste
CONTR_2026_08025,Fenix Recuperacao de Credito,2026-01-17,75,1527.9,Insucesso,96.0,Sudeste
CONTR_2026_08026,Vertice Asset e Cobranca,2026-02-01,132,11418.73,Em Aberto,96.0,Nordeste
CONTR_2026_08027,Acerta Credito Integrado,2026-01-26,99,3689.88,Em Aberto,6.0,Sul
CONTR_2026_08028,Fenix Recuperacao de Credito,2026-01-22,23,5158.46,Em Aberto,2.0,Nordeste
CONTR_2026_08029,Nexus Mediacao Financeira,2026-01-13,84,2912.33,Acordo Firmado,23.0,Nordeste
CONTR_2026_08030,Acerta Credito Integrado,2026-01-12,84,3981.42,Insucesso,51.0,Sudeste
CONTR_2026_08031,Vertice Asset e Cobranca,2026-03-12,122,10527.91,Acordo Firmado,7.0,Sul
CONTR_2026_08032,Nexus Mediacao Financeira,2026-01-01,72,2952.73,Acordo Firmado,62.0,Nordeste
CONTR_2026_08033,Fenix Recuperacao de Credito,2026-02-02,94,5352.63,Em Aberto,30.0,Nordeste
CONTR_2026_08034,Fenix Recuperacao de Credito,2026-04-26,47,6407.56,Em Aberto,80.0,Nordeste
CONTR_2026_08035,Acerta Credito Integrado,2026-04-29,65,1991.51,Em Aberto,51.0,Sul
CONTR_2026_08036,Fenix Recuperacao de Credito,2026-01-14,113,8721.25,Em Aberto,77.0,Sul
CONTR_2026_08037,Vertice Asset e Cobranca,2026-04-21,53,36088.53,Acordo Firmado,36.0,Nordeste
CONTR_2026_08038,Acerta Credito Integrado,2026-03-05,118,2042.46,Em Aberto,51.0,Nordeste
CONTR_2026_08039,Vertice Asset e Cobranca,2026-02-12,124,8502.6,Acordo Firmado,22.0,Centro-Oeste
CONTR_2026_08040,Vertice Asset e Cobranca,2026-04-30,127,1995.41,Acordo Firmado,93.0,Sudeste
CONTR_2026_08041,Vertice Asset e Cobranca,2026-02-27,136,16204.35,Em Aberto,62.0,Nordeste
CONTR_2026_08042,Vertice Asset e Cobranca,2026-02-10,113,3846.52,Ajuizado,80.0,Nordeste
CONTR_2026_08043,Fenix Recuperacao de Credito,2026-03-22,102,20739.4,Insucesso,44.0,Nordeste
CONTR_2026_08044,Acerta Credito Integrado,2026-03-09,-999,1551.67,Em Aberto,9.0,Nordeste
CONTR_2026_08045,Vertice Asset e Cobranca,2026-04-26,92,9026.65,Em Aberto,89.0,Sul
CONTR_2026_08046,Fenix Recuperacao de Credito,2026-04-25,78,4406.36,Em Aberto,38.0,Sudeste
CONTR_2026_08047,Acerta Credito Integrado,2026-02-08,113,2908.89,Acordo Firmado,22.0,Norte
CONTR_2026_08048,Fenix Recuperacao de Credito,2026-01-01,103,8089.41,Acordo Firmado,41.0,Nordeste
CONTR_2026_08049,Acerta Credito Integrado,2026-02-10,116,6243.8,Acordo Firmado,2.0,Nordeste
CONTR_2026_08050,Fenix Recuperacao de Credito,2026-02-14,83,12859.29,Acordo Firmado,1.0,Nordeste
CONTR_2026_08051,Fenix Recuperacao de Credito,2026-03-29,86,2630.48,Em Aberto,10.0,Sudeste
CONTR_2026_08052,Fenix Recuperacao de Credito,2026-04-08,96,15245.88,Ajuizado,99.0,Norte
CONTR_2026_08053,Vertice Asset e Cobranca,2026-04-08,86,6334.27,Insucesso,88.0,Centro-Oeste
CONTR_2026_08054,Nexus Mediacao Financeira,2026-03-29,175,4193.13,Acordo Firmado,50.0,Nordeste
CONTR_2026_08055,Acerta Credito Integrado,2026-03-20,148,1472.97,Em Aberto,24.0,Sul
CONTR_2026_08056,Vertice Asset e Cobranca,2026-03-22,90,8444.6,Acordo Firmado,47.0,Sul
CONTR_2026_08057,Vertice Asset e Cobranca,2026-01-13,86,10973.8,Ajuizado,46.0,Nordeste
CONTR_2026_08058,Fenix Recuperacao de Credito,2026-03-12,103,9492.74,Ajuizado,74.0,Nordeste
CONTR_2026_08059,Vertice Asset e Cobranca,2026-01-09,77,7852.71,Acordo Firmado,20.0,Nordeste
CONTR_2026_08060,Nexus Mediacao Financeira,2026-04-18,76,18635.6,Insucesso,76.0,Nordeste
CONTR_2026_08061,Nexus Mediacao Financeira,2026-03-04,91,10655.78,Insucesso,60.0,Sudeste
CONTR_2026_08062,Vertice Asset e Cobranca,2026-04-09,78,14347.05,Acordo Firmado,23.0,Sudeste
CONTR_2026_08063,Fenix Recuperacao de Credito,2026-01-23,95,7755.54,Acordo Firmado,51.0,Nordeste
CONTR_2026_08064,Fenix Recuperacao de Credito,2026-02-23,101,9779.75,Em Aberto,73.0,Norte
CONTR_2026_08065,Vertice Asset e Cobranca,2026-02-16,15,2906.53,Acordo Firmado,62.0,Sudeste
CONTR_2026_08066,Fenix Recuperacao de Credito,2026-02-08,32,6726.66,Acordo Firmado,4.0,Sul
CONTR_2026_08067,Vertice Asset e Cobranca,2026-03-28,64,2350.46,Em Aberto,93.0,Sudeste
CONTR_2026_08068,Vertice Asset e Cobranca,2026-01-26,98,1558.93,Acordo Firmado,27.0,Sudeste
CONTR_2026_08069,Vertice Asset e Cobranca,2026-01-01,66,5528.66,Ajuizado,93.0,Nordeste
CONTR_2026_08070,Nexus Mediacao Financeira,2026-01-14,159,8837.19,Em Aberto,57.0,Centro-Oeste
CONTR_2026_08071,Vertice Asset e Cobranca,2026-04-06,116,1631.92,Em Aberto,68.0,Nordeste
CONTR_2026_08072,Vertice Asset e Cobranca,2026-04-25,148,2200.08,Acordo Firmado,66.0,Norte
CONTR_2026_08073,Acerta Credito Integrado,2026-04-22,117,1687.88,Em Aberto,71.0,Nordeste
CONTR_2026_08074,Nexus Mediacao Financeira,2026-03-15,42,6228.04,Ajuizado,57.0,Nordeste
CONTR_2026_08075,Acerta Credito Integrado,2026-03-06,55,1614.2,Acordo Firmado,43.0,Sul
CONTR_2026_08076,Fenix Recuperacao de Credito,2026-03-10,74,1689.69,Em Aberto,48.0,Sudeste
CONTR_2026_08077,Nexus Mediacao Financeira,2026-03-08,54,2733.76,Ajuizado,42.0,Sul
CONTR_2026_08078,Nexus Mediacao Financeira,2026-02-18,122,2775.16,Acordo Firmado,98.0,Sudeste
CONTR_2026_08079,Vertice Asset e Cobranca,2026-02-19,85,5276.62,Acordo Firmado,12.0,Sudeste
CONTR_2026_08080,Vertice Asset e Cobranca,2026-02-27,96,1363.58,Em Aberto,91.0,Nordeste
CONTR_2026_08081,Vertice Asset e Cobranca,2026-02-22,131,5977.04,Em Aberto,54.0,Sul
CONTR_2026_08082,Fenix Recuperacao de Credito,2026-04-01,147,3852.66,Acordo Firmado,86.0,Sudeste
CONTR_2026_08083,Fenix Recuperacao de Credito,2026-04-25,81,2184.53,Em Aberto,79.0,Nordeste
CONTR_2026_08084,Fenix Recuperacao de Credito,2026-04-28,49,6497.14,Ajuizado,74.0,Nordeste
CONTR_2026_08085,Nexus Mediacao Financeira,2026-02-26,-999,3199.96,Ajuizado,35.0,Sudeste
CONTR_2026_08086,Nexus Mediacao Financeira,2026-03-27,124,9986.48,Acordo Firmado,40.0,Nordeste
CONTR_2026_08087,Vertice Asset e Cobranca,2026-01-18,97,23949.85,Acordo Firmado,53.0,Centro-Oeste
CONTR_2026_08088,Acerta Credito Integrado,2026-01-16,63,8748.62,Em Aberto,84.0,Sul
CONTR_2026_08089,Fenix Recuperacao de Credito,2026-01-02,111,7993.2,Acordo Firmado,32.0,Nordeste
CONTR_2026_08090,Acerta Credito Integrado,2026-04-21,57,3393.71,Em Aberto,84.0,Centro-Oeste
CONTR_2026_08091,Acerta Credito Integrado,2026-01-13,36,5024.35,Em Aberto,5.0,Centro-Oeste
CONTR_2026_08092,Vertice Asset e Cobranca,2026-02-14,29,1470.6,Em Aberto,29.0,Sul
CONTR_2026_08093,Nexus Mediacao Financeira,2026-03-21,46,7697.56,Insucesso,91.0,Nordeste
CONTR_2026_08094,Vertice Asset e Cobranca,2026-03-13,124,6820.27,Ajuizado,90.0,Sudeste
CONTR_2026_08095,Nexus Mediacao Financeira,2026-02-12,83,2769.12,Acordo Firmado,11.0,Sudeste
CONTR_2026_08096,Fenix Recuperacao de Credito,2026-03-13,88,5019.31,Acordo Firmado,29.0,Sudeste
CONTR_2026_08097,Fenix Recuperacao de Credito,2026-02-23,95,6886.46,Insucesso,20.0,Sudeste
CONTR_2026_08098,Fenix Recuperacao de Credito,2026-03-15,59,3493.49,Acordo Firmado,43.0,Nordeste
CONTR_2026_08099,Vertice Asset e Cobranca,2026-04-29,75,7665.99,Acordo Firmado,51.0,Nordeste
CONTR_2026_08100,Nexus Mediacao Financeira,2026-04-07,78,9165.67,Em Aberto,8.0,Sul
CONTR_2026_08101,Acerta Credito Integrado,2026-01-31,62,2465.03,Em Aberto,45.0,Norte
CONTR_2026_08102,Vertice Asset e Cobranca,2026-03-17,75,2992.34,Em Aberto,66.0,Nordeste
CONTR_2026_08103,Vertice Asset e Cobranca,2026-01-09,86,3767.17,Em Aberto,62.0,Sudeste
CONTR_2026_08104,Fenix Recuperacao de Credito,2026-04-11,82,2543.83,Insucesso,55.0,Nordeste
CONTR_2026_08105,Acerta Credito Integrado,2026-03-14,102,8671.79,Insucesso,91.0,Sudeste
CONTR_2026_08106,Nexus Mediacao Financeira,2026-02-17,75,5441.32,Em Aberto,38.0,Nordeste
CONTR_2026_08107,Fenix Recuperacao de Credito,2026-01-18,136,3591.01,Em Aberto,84.0,Sul
CONTR_2026_08108,Vertice Asset e Cobranca,2026-04-04,59,1280.96,Em Aberto,94.0,Sudeste
CONTR_2026_08109,Acerta Credito Integrado,2026-04-06,74,3171.67,Insucesso,51.0,Nordeste
CONTR_2026_08110,Acerta Credito Integrado,2026-04-14,101,10254.77,Em Aberto,66.0,Sudeste
CONTR_2026_08111,Vertice Asset e Cobranca,2026-03-28,108,8003.36,Insucesso,15.0,Sudeste
CONTR_2026_08112,Vertice Asset e Cobranca,2026-01-11,53,1548.78,Ajuizado,33.0,Sudeste
CONTR_2026_08113,Vertice Asset e Cobranca,2026-03-03,86,9283.45,Insucesso,11.0,Sudeste
CONTR_2026_08114,Nexus Mediacao Financeira,2026-03-25,113,2186.49,Acordo Firmado,40.0,Norte
CONTR_2026_08115,Vertice Asset e Cobranca,2026-01-19,41,22934.72,Insucesso,88.0,Nordeste
CONTR_2026_08116,Vertice Asset e Cobranca,2026-04-10,87,11345.53,Acordo Firmado,41.0,Centro-Oeste
CONTR_2026_08117,Acerta Credito Integrado,2026-04-26,45,13424.23,Insucesso,79.0,Nordeste
CONTR_2026_08118,Fenix Recuperacao de Credito,2026-03-31,65,8536.45,Acordo Firmado,5.0,Nordeste
CONTR_2026_08119,Fenix Recuperacao de Credito,2026-03-15,92,7402.78,Acordo Firmado,73.0,Norte
CONTR_2026_08120,Nexus Mediacao Financeira,2026-01-24,83,2601.46,Insucesso,4.0,Sul
CONTR_2026_08121,Vertice Asset e Cobranca,2026-01-13,55,5614.26,Ajuizado,91.0,Sudeste
CONTR_2026_08122,Nexus Mediacao Financeira,2026-04-26,126,7160.63,Acordo Firmado,68.0,Sudeste
CONTR_2026_08123,Fenix Recuperacao de Credito,2026-02-15,79,2898.99,Acordo Firmado,37.0,Nordeste
CONTR_2026_08124,Nexus Mediacao Financeira,2026-02-22,106,3740.05,Em Aberto,13.0,Nordeste
CONTR_2026_08125,Vertice Asset e Cobranca,2026-04-08,135,15892.06,Ajuizado,21.0,Nordeste
CONTR_2026_08126,Fenix Recuperacao de Credito,2026-01-29,69,3820.88,Acordo Firmado,11.0,Nordeste
CONTR_2026_08127,Fenix Recuperacao de Credito,2026-02-05,108,3094.46,Em Aberto,76.0,Sudeste
CONTR_2026_08128,Fenix Recuperacao de Credito,2026-03-12,102,1767.03,Em Aberto,14.0,Sudeste
CONTR_2026_08129,Acerta Credito Integrado,2026-04-25,48,3287.75,Acordo Firmado,36.0,Sul
CONTR_2026_08130,Fenix Recuperacao de Credito,2026-04-04,126,5935.59,Ajuizado,13.0,Nordeste
CONTR_2026_08131,Acerta Credito Integrado,2026-01-17,93,1999.27,Em Aberto,59.0,Sudeste
CONTR_2026_08132,Nexus Mediacao Financeira,2026-02-17,74,5847.98,Insucesso,69.0,Centro-Oeste
CONTR_2026_08133,Vertice Asset e Cobranca,2026-03-18,41,7958.41,Em Aberto,21.0,Centro-Oeste
CONTR_2026_08134,Vertice Asset e Cobranca,2026-04-30,51,8510.35,Insucesso,73.0,Sudeste
CONTR_2026_08135,Nexus Mediacao Financeira,2026-01-24,86,22135.12,Acordo Firmado,97.0,Nordeste
CONTR_2026_08136,Fenix Recuperacao de Credito,2026-02-23,49,4050.77,Em Aberto,64.0,Nordeste
CONTR_2026_08137,Vertice Asset e Cobranca,2026-04-29,108,1364.85,Insucesso,55.0,Sudeste
CONTR_2026_08138,Vertice Asset e Cobranca,2026-04-05,78,10844.42,Acordo Firmado,81.0,Sudeste
CONTR_2026_08139,Nexus Mediacao Financeira,2026-04-01,43,1636.04,Ajuizado,91.0,Norte
CONTR_2026_08140,Vertice Asset e Cobranca,2026-04-24,70,11090.1,Acordo Firmado,65.0,Sul
CONTR_2026_08141,Fenix Recuperacao de Credito,2026-03-26,58,21485.37,Em Aberto,51.0,Sudeste
CONTR_2026_08142,Acerta Credito Integrado,2026-04-18,53,13066.27,Insucesso,69.0,Sudeste
CONTR_2026_08143,Nexus Mediacao Financeira,2026-04-29,23,17822.64,Em Aberto,76.0,Nordeste
CONTR_2026_08144,Vertice Asset e Cobranca,2026-01-01,92,1318.06,Insucesso,25.0,Nordeste
CONTR_2026_08145,Vertice Asset e Cobranca,2026-03-20,61,1257.17,Insucesso,25.0,Sudeste
CONTR_2026_08146,Fenix Recuperacao de Credito,2026-03-08,146,2380.5,Em Aberto,12.0,Nordeste
CONTR_2026_08147,Vertice Asset e Cobranca,2026-01-06,119,9215.1,Em Aberto,11.0,Nordeste
CONTR_2026_08148,Fenix Recuperacao de Credito,2026-03-19,138,1668.34,Acordo Firmado,94.0,Sudeste
CONTR_2026_08149,Vertice Asset e Cobranca,2026-02-24,111,8062.32,Em Aberto,48.0,Sul
CONTR_2026_08150,Vertice Asset e Cobranca,2026-02-07,72,1263.2,Acordo Firmado,91.0,Sudeste
CONTR_2026_08151,Nexus Mediacao Financeira,2026-02-02,99,7767.07,Acordo Firmado,81.0,Centro-Oeste
CONTR_2026_08152,Acerta Credito Integrado,2026-04-26,80,2638.87,Em Aberto,94.0,Nordeste
CONTR_2026_08153,Fenix Recuperacao de Credito,2026-04-12,100,4103.01,Ajuizado,3.0,Sudeste
CONTR_2026_08154,Fenix Recuperacao de Credito,2026-01-08,116,19954.93,Acordo Firmado,75.0,Nordeste
CONTR_2026_08155,Acerta Credito Integrado,2026-03-31,107,5211.85,Acordo Firmado,49.0,Nordeste
CONTR_2026_08156,Fenix Recuperacao de Credito,2026-03-20,90,1587.77,Em Aberto,33.0,Centro-Oeste
CONTR_2026_08157,Acerta Credito Integrado,2026-03-19,91,11523.03,Insucesso,47.0,Sudeste
CONTR_2026_08158,Vertice Asset e Cobranca,2026-04-22,96,3155.35,Em Aberto,73.0,Sudeste
CONTR_2026_08159,Vertice Asset e Cobranca,2026-01-20,123,5601.64,Em Aberto,18.0,Nordeste
CONTR_2026_08160,Acerta Credito Integrado,2026-02-24,75,7420.02,Insucesso,1.0,Nordeste
CONTR_2026_08161,Vertice Asset e Cobranca,2026-02-17,82,8714.44,Em Aberto,70.0,Sudeste
CONTR_2026_08162,Fenix Recuperacao de Credito,2026-03-24,74,4032.53,Em Aberto,98.0,Sul
CONTR_2026_08163,Vertice Asset e Cobranca,2026-02-25,94,8615.96,Insucesso,5.0,Sul
CONTR_2026_08164,Vertice Asset e Cobranca,2026-04-07,109,1821.55,Acordo Firmado,3.0,Sudeste
CONTR_2026_08165,Vertice Asset e Cobranca,2026-04-10,98,4929.25,Acordo Firmado,90.0,Norte
CONTR_2026_08166,Vertice Asset e Cobranca,2026-03-29,88,1310.64,Acordo Firmado,70.0,Nordeste
CONTR_2026_08167,Fenix Recuperacao de Credito,2026-01-10,122,3806.66,Em Aberto,11.0,Sudeste
CONTR_2026_08168,Nexus Mediacao Financeira,2026-02-21,66,3468.81,Em Aberto,75.0,Sul
CONTR_2026_08169,Vertice Asset e Cobranca,2026-02-19,45,20313.8,Acordo Firmado,40.0,Nordeste
CONTR_2026_08170,Fenix Recuperacao de Credito,2026-02-03,99,3736.23,Acordo Firmado,64.0,Centro-Oeste
CONTR_2026_08171,Acerta Credito Integrado,2026-02-05,88,13080.74,Acordo Firmado,80.0,Sudeste
CONTR_2026_08172,Acerta Credito Integrado,2026-04-21,84,4057.3,Em Aberto,84.0,Sudeste
CONTR_2026_08173,Vertice Asset e Cobranca,2026-03-02,50,5011.28,Acordo Firmado,84.0,Sudeste
CONTR_2026_08174,Vertice Asset e Cobranca,2026-04-10,95,3359.43,Acordo Firmado,90.0,Centro-Oeste
CONTR_2026_08175,Nexus Mediacao Financeira,2026-01-16,143,6308.47,Insucesso,58.0,Sudeste
CONTR_2026_08176,Vertice Asset e Cobranca,2026-03-20,50,7918.48,Insucesso,99.0,Nordeste
CONTR_2026_08177,Fenix Recuperacao de Credito,2026-01-18,85,9028.54,Acordo Firmado,25.0,Centro-Oeste
CONTR_2026_08178,Acerta Credito Integrado,2026-03-12,92,7119.86,Acordo Firmado,30.0,Nordeste
CONTR_2026_08179,Fenix Recuperacao de Credito,2026-02-16,76,3202.0,Em Aberto,40.0,Nordeste
CONTR_2026_08180,Fenix Recuperacao de Credito,2026-03-27,94,3206.84,Insucesso,25.0,Sudeste
CONTR_2026_08181,Fenix Recuperacao de Credito,2026-02-01,76,3337.85,Acordo Firmado,10.0,Sudeste
CONTR_2026_08182,Fenix Recuperacao de Credito,2026-02-12,94,1392.83,Acordo Firmado,57.0,Sudeste
CONTR_2026_08183,Fenix Recuperacao de Credito,2026-03-24,82,15528.08,Insucesso,35.0,Nordeste
CONTR_2026_08184,Vertice Asset e Cobranca,2026-02-09,73,2289.07,Acordo Firmado,27.0,Sudeste
CONTR_2026_08185,Vertice Asset e Cobranca,2026-04-30,87,2067.06,Acordo Firmado,68.0,Nordeste
CONTR_2026_08186,Fenix Recuperacao de Credito,2026-03-06,104,5218.77,Acordo Firmado,62.0,Sudeste
CONTR_2026_08187,Fenix Recuperacao de Credito,2026-02-04,43,1442.88,Insucesso,80.0,Sudeste
CONTR_2026_08188,Fenix Recuperacao de Credito,2026-03-10,110,10295.96,Ajuizado,29.0,Nordeste
CONTR_2026_08189,Nexus Mediacao Financeira,2026-02-19,68,11645.46,Acordo Firmado,99.0,Sudeste
CONTR_2026_08190,Vertice Asset e Cobranca,2026-01-12,108,3735.91,Acordo Firmado,21.0,Sudeste
CONTR_2026_08191,Acerta Credito Integrado,2026-03-17,69,18975.01,Em Aberto,41.0,Sul
CONTR_2026_08192,Vertice Asset e Cobranca,2026-03-26,111,3159.71,Insucesso,31.0,Sudeste
CONTR_2026_08193,Vertice Asset e Cobranca,2026-02-27,88,2707.12,Acordo Firmado,19.0,Nordeste
CONTR_2026_08194,Fenix Recuperacao de Credito,2026-03-24,62,24072.81,Insucesso,38.0,Nordeste
CONTR_2026_08195,Vertice Asset e Cobranca,2026-03-04,76,2640.45,Em Aberto,32.0,Sudeste
CONTR_2026_08196,Vertice Asset e Cobranca,2026-03-14,125,4137.21,Em Aberto,4.0,Sudeste
CONTR_2026_08197,Nexus Mediacao Financeira,2026-04-17,91,5932.05,Ajuizado,78.0,Nordeste
CONTR_2026_08198,Vertice Asset e Cobranca,2026-02-18,76,3146.95,Em Aberto,65.0,Sudeste
CONTR_2026_08199,Nexus Mediacao Financeira,2026-04-22,124,3624.3,Em Aberto,83.0,Sudeste
CONTR_2026_08200,Fenix Recuperacao de Credito,2026-02-05,115,7578.4,Insucesso,48.0,Nordeste
CONTR_2026_08201,Fenix Recuperacao de Credito,2026-04-16,64,7619.14,Acordo Firmado,32.0,Sudeste
CONTR_2026_08202,Vertice Asset e Cobranca,2026-02-23,83,9338.48,Em Aberto,8.0,Sul
CONTR_2026_08203,Fenix Recuperacao de Credito,2026-02-16,37,5703.34,Acordo Firmado,5.0,Sudeste
CONTR_2026_08204,Vertice Asset e Cobranca,2026-04-25,116,2529.76,Acordo Firmado,72.0,Sudeste
CONTR_2026_08205,Nexus Mediacao Financeira,2026-02-01,90,3225.65,Em Aberto,49.0,Sudeste
CONTR_2026_08206,Vertice Asset e Cobranca,2026-04-09,110,12748.39,Insucesso,70.0,Nordeste
CONTR_2026_08207,Fenix Recuperacao de Credito,2026-04-05,32,7816.19,Acordo Firmado,99.0,Centro-Oeste
CONTR_2026_08208,Fenix Recuperacao de Credito,2026-02-22,81,1660.73,Ajuizado,51.0,Nordeste
CONTR_2026_08209,Vertice Asset e Cobranca,2026-04-29,95,8204.33,Acordo Firmado,60.0,Sudeste
CONTR_2026_08210,Fenix Recuperacao de Credito,2026-02-01,26,3207.3,Acordo Firmado,61.0,Nordeste
CONTR_2026_08211,Fenix Recuperacao de Credito,2026-03-03,109,1317.5,Acordo Firmado,62.0,Sudeste
CONTR_2026_08212,Acerta Credito Integrado,2026-02-06,80,4505.64,Em Aberto,75.0,Nordeste
CONTR_2026_08213,Fenix Recuperacao de Credito,2026-04-06,37,11944.87,Acordo Firmado,13.0,Sul
CONTR_2026_08214,Nexus Mediacao Financeira,2026-04-17,74,4138.08,Insucesso,89.0,Nordeste
CONTR_2026_08215,Vertice Asset e Cobranca,2026-04-30,103,23659.29,Acordo Firmado,51.0,Nordeste
CONTR_2026_08216,Nexus Mediacao Financeira,2026-04-11,62,2180.54,Insucesso,29.0,Sudeste
CONTR_2026_08217,Nexus Mediacao Financeira,2026-04-13,88,3360.82,Acordo Firmado,20.0,Sudeste
CONTR_2026_08218,Vertice Asset e Cobranca,2026-02-07,77,1283.79,Em Aberto,35.0,Nordeste
CONTR_2026_08219,Vertice Asset e Cobranca,2026-01-30,30,1458.33,Em Aberto,90.0,Nordeste
CONTR_2026_08220,Acerta Credito Integrado,2026-02-27,108,3387.23,Insucesso,84.0,Nordeste
CONTR_2026_08221,Acerta Credito Integrado,2026-02-01,114,4957.99,Acordo Firmado,41.0,Sul
CONTR_2026_08222,Fenix Recuperacao de Credito,2026-04-19,124,2553.1,Acordo Firmado,44.0,Sudeste
CONTR_2026_08223,Fenix Recuperacao de Credito,2026-03-07,90,2110.37,Ajuizado,44.0,Nordeste
CONTR_2026_08224,Acerta Credito Integrado,2026-02-20,104,3929.45,Acordo Firmado,6.0,Sudeste
CONTR_2026_08225,Vertice Asset e Cobranca,2026-01-11,41,2135.72,Insucesso,63.0,Sudeste
CONTR_2026_08226,Nexus Mediacao Financeira,2026-02-28,97,6183.39,Insucesso,17.0,Nordeste
CONTR_2026_08227,Vertice Asset e Cobranca,2026-01-20,80,16737.68,Acordo Firmado,91.0,Sudeste
CONTR_2026_08228,Fenix Recuperacao de Credito,2026-02-06,87,9413.51,Insucesso,41.0,Sudeste
CONTR_2026_08229,Nexus Mediacao Financeira,2026-03-14,56,2411.72,Acordo Firmado,83.0,Sudeste
CONTR_2026_08230,Nexus Mediacao Financeira,2026-04-12,123,16293.5,Ajuizado,96.0,Nordeste
CONTR_2026_08231,Fenix Recuperacao de Credito,2026-02-18,40,8154.08,Insucesso,23.0,Nordeste
CONTR_2026_08232,Vertice Asset e Cobranca,2026-01-19,98,2041.93,Em Aberto,38.0,Norte
CONTR_2026_08233,Acerta Credito Integrado,2026-02-24,62,5530.73,Insucesso,41.0,Norte
CONTR_2026_08234,Nexus Mediacao Financeira,2026-02-09,153,18177.86,Acordo Firmado,31.0,Nordeste
CONTR_2026_08235,Fenix Recuperacao de Credito,2026-01-07,110,1708.82,Em Aberto,16.0,Sudeste
CONTR_2026_08236,Nexus Mediacao Financeira,2026-01-05,89,2780.44,Ajuizado,3.0,Nordeste
CONTR_2026_08237,Acerta Credito Integrado,2026-04-21,59,3542.76,Em Aberto,80.0,Sul
CONTR_2026_08238,Acerta Credito Integrado,2026-02-11,116,1814.2,Em Aberto,16.0,Nordeste
CONTR_2026_08239,Nexus Mediacao Financeira,2026-03-29,15,2977.99,Em Aberto,68.0,Sudeste
CONTR_2026_08240,Fenix Recuperacao de Credito,2026-02-17,101,7093.56,Acordo Firmado,51.0,Sudeste
CONTR_2026_08241,Acerta Credito Integrado,2026-04-15,105,4443.15,Insucesso,54.0,Nordeste
CONTR_2026_08242,Nexus Mediacao Financeira,2026-01-07,9999,3932.9,Em Aberto,92.0,Sudeste
CONTR_2026_08243,Fenix Recuperacao de Credito,2026-01-11,115,4027.63,Ajuizado,87.0,Norte
CONTR_2026_08244,Vertice Asset e Cobranca,2026-03-14,73,8328.34,Em Aberto,42.0,Nordeste
CONTR_2026_08245,Vertice Asset e Cobranca,2026-02-18,106,24911.21,Insucesso,64.0,Sudeste
CONTR_2026_08246,Nexus Mediacao Financeira,2026-01-30,69,5641.5,Ajuizado,19.0,Nordeste
CONTR_2026_08247,Fenix Recuperacao de Credito,2026-02-10,65,8162.57,Acordo Firmado,89.0,Nordeste
CONTR_2026_08248,Nexus Mediacao Financeira,2026-01-03,59,3530.54,Insucesso,83.0,Sudeste
CONTR_2026_08249,Fenix Recuperacao de Credito,2026-03-27,82,11053.48,Em Aberto,62.0,Centro-Oeste
CONTR_2026_08250,Acerta Credito Integrado,2026-02-09,123,3926.45,Ajuizado,3.0,Nordeste
CONTR_2026_08251,Fenix Recuperacao de Credito,2026-02-20,141,14876.31,Em Aberto,8.0,Nordeste
CONTR_2026_08252,Vertice Asset e Cobranca,2026-03-25,81,8003.22,Insucesso,90.0,Nordeste
CONTR_2026_08253,Fenix Recuperacao de Credito,2026-02-01,70,7345.48,Em Aberto,31.0,Norte
CONTR_2026_08254,Nexus Mediacao Financeira,2026-02-17,129,2913.4,Em Aberto,19.0,Nordeste
CONTR_2026_08255,Vertice Asset e Cobranca,2026-03-12,103,9151.54,Em Aberto,81.0,Nordeste
CONTR_2026_08256,Acerta Credito Integrado,2026-03-12,90,1756.23,Em Aberto,65.0,Norte
CONTR_2026_08257,Vertice Asset e Cobranca,2026-01-20,56,5061.21,Acordo Firmado,53.0,Nordeste
CONTR_2026_08258,Vertice Asset e Cobranca,2026-03-30,132,7847.25,Acordo Firmado,13.0,Nordeste
CONTR_2026_08259,Nexus Mediacao Financeira,2026-04-19,92,11953.27,Em Aberto,59.0,Centro-Oeste
CONTR_2026_08260,Acerta Credito Integrado,2026-02-04,90,5415.82,Insucesso,57.0,Centro-Oeste
CONTR_2026_08261,Fenix Recuperacao de Credito,2026-04-18,106,2694.21,Em Aberto,43.0,Sul
CONTR_2026_08262,Fenix Recuperacao de Credito,2026-01-24,90,10647.79,Em Aberto,12.0,Norte
CONTR_2026_08263,Acerta Credito Integrado,2026-02-09,134,8504.67,Acordo Firmado,96.0,Nordeste
CONTR_2026_08264,Fenix Recuperacao de Credito,2026-03-18,120,2033.61,Em Aberto,88.0,Sudeste
CONTR_2026_08265,Acerta Credito Integrado,2026-02-21,73,11493.79,Em Aberto,98.0,Sul
CONTR_2026_08266,Fenix Recuperacao de Credito,2026-04-22,92,17279.06,Acordo Firmado,24.0,Norte
CONTR_2026_08267,Nexus Mediacao Financeira,2026-02-08,72,5058.08,Em Aberto,42.0,Centro-Oeste
CONTR_2026_08268,Vertice Asset e Cobranca,2026-03-09,146,1395.6,Acordo Firmado,9.0,Nordeste
CONTR_2026_08269,Nexus Mediacao Financeira,2026-03-02,68,13561.79,Insucesso,48.0,Nordeste
CONTR_2026_08270,Nexus Mediacao Financeira,2026-03-17,86,1854.91,Em Aberto,68.0,Sudeste
CONTR_2026_08271,Vertice Asset e Cobranca,2026-03-22,100,6213.63,Insucesso,48.0,Centro-Oeste
CONTR_2026_08272,Fenix Recuperacao de Credito,2026-03-06,105,3761.69,Em Aberto,25.0,Nordeste
CONTR_2026_08273,Fenix Recuperacao de Credito,2026-03-03,110,25362.65,Em Aberto,100.0,Nordeste
CONTR_2026_08274,Nexus Mediacao Financeira,2026-03-22,114,13654.5,Acordo Firmado,24.0,Nordeste
CONTR_2026_08275,Nexus Mediacao Financeira,2026-01-02,110,8874.06,Em Aberto,23.0,Sudeste
CONTR_2026_08276,Acerta Credito Integrado,2026-01-06,77,2311.2,Em Aberto,62.0,Nordeste
CONTR_2026_08277,Nexus Mediacao Financeira,2026-04-18,73,7206.43,Acordo Firmado,79.0,Nordeste
CONTR_2026_08278,Vertice Asset e Cobranca,2026-03-16,91,5444.86,Em Aberto,89.0,Sudeste
CONTR_2026_08279,Vertice Asset e Cobranca,2026-04-27,73,1927.13,Acordo Firmado,61.0,Sudeste
CONTR_2026_08280,Fenix Recuperacao de Credito,2026-02-12,70,9115.95,Acordo Firmado,10.0,Sul
CONTR_2026_08281,Vertice Asset e Cobranca,2026-03-23,77,1652.12,Em Aberto,10.0,Sudeste
CONTR_2026_08282,Vertice Asset e Cobranca,2026-02-09,153,4485.13,Insucesso,70.0,Sudeste
CONTR_2026_08283,Acerta Credito Integrado,2026-03-30,136,3980.54,Em Aberto,69.0,Nordeste
CONTR_2026_08284,Vertice Asset e Cobranca,2026-02-08,82,9404.58,Em Aberto,60.0,Nordeste
CONTR_2026_08285,Nexus Mediacao Financeira,2026-01-28,28,3989.3,Insucesso,93.0,Sudeste
CONTR_2026_08286,Acerta Credito Integrado,2026-04-20,72,7125.93,Acordo Firmado,84.0,Sudeste
CONTR_2026_08287,Vertice Asset e Cobranca,2026-03-21,116,4452.94,Acordo Firmado,65.0,Nordeste
CONTR_2026_08288,Fenix Recuperacao de Credito,2026-03-04,43,5561.62,Em Aberto,86.0,Nordeste
CONTR_2026_08289,Fenix Recuperacao de Credito,2026-03-05,108,2579.04,Ajuizado,57.0,Nordeste
CONTR_2026_08290,Nexus Mediacao Financeira,2026-01-12,106,2331.07,Acordo Firmado,87.0,Sul
CONTR_2026_08291,Vertice Asset e Cobranca,2026-02-10,90,7387.88,Em Aberto,90.0,Centro-Oeste
CONTR_2026_08292,Nexus Mediacao Financeira,2026-04-26,88,1852.43,Ajuizado,14.0,Sudeste
CONTR_2026_08293,Fenix Recuperacao de Credito,2026-01-29,62,2167.83,Ajuizado,36.0,Sul
CONTR_2026_08294,Fenix Recuperacao de Credito,2026-01-23,110,15346.55,Insucesso,62.0,Nordeste
CONTR_2026_08295,Acerta Credito Integrado,2026-03-26,99,2660.65,Insucesso,76.0,Centro-Oeste
CONTR_2026_08296,Acerta Credito Integrado,2026-03-21,75,3152.6,Em Aberto,15.0,Centro-Oeste
CONTR_2026_08297,Nexus Mediacao Financeira,2026-04-27,66,6214.62,Em Aberto,49.0,Nordeste
CONTR_2026_08298,Nexus Mediacao Financeira,2026-02-20,54,4102.26,Em Aberto,80.0,Sul
CONTR_2026_08299,Fenix Recuperacao de Credito,2026-04-22,101,5293.56,Em Aberto,15.0,Sudeste
CONTR_2026_08300,Acerta Credito Integrado,2026-04-15,83,1980.89,Insucesso,72.0,Sudeste
CONTR_2026_08301,Acerta Credito Integrado,2026-02-14,9999,6779.93,Insucesso,44.0,Sudeste
CONTR_2026_08302,Vertice Asset e Cobranca,2026-03-31,43,2051.47,Insucesso,78.0,Nordeste
CONTR_2026_08303,Acerta Credito Integrado,2026-04-11,57,8086.19,Acordo Firmado,2.0,Sul
CONTR_2026_08304,Fenix Recuperacao de Credito,2026-01-22,53,4907.67,Acordo Firmado,76.0,Nordeste
CONTR_2026_08305,Fenix Recuperacao de Credito,2026-04-25,113,9669.35,Acordo Firmado,63.0,Sudeste
CONTR_2026_08306,Fenix Recuperacao de Credito,2026-01-10,95,2147.84,Insucesso,24.0,Sudeste
CONTR_2026_08307,Fenix Recuperacao de Credito,2026-01-07,81,3570.38,Em Aberto,2.0,Sudeste
CONTR_2026_08308,Vertice Asset e Cobranca,2026-03-14,123,10581.1,Acordo Firmado,82.0,Sul
CONTR_2026_08309,Vertice Asset e Cobranca,2026-03-30,118,9215.1,Acordo Firmado,4.0,Nordeste
CONTR_2026_08310,Nexus Mediacao Financeira,2026-04-20,123,18070.92,Insucesso,92.0,Sul
CONTR_2026_08311,Vertice Asset e Cobranca,2026-01-15,82,2454.89,Em Aberto,89.0,Sudeste
CONTR_2026_08312,Vertice Asset e Cobranca,2026-03-18,47,5072.09,Acordo Firmado,40.0,Sudeste
CONTR_2026_08313,Fenix Recuperacao de Credito,2026-04-16,141,1290.23,Insucesso,7.0,Norte
CONTR_2026_08314,Nexus Mediacao Financeira,2026-02-15,105,17995.66,Ajuizado,76.0,Centro-Oeste
CONTR_2026_08315,Vertice Asset e Cobranca,2026-03-31,106,2162.63,Em Aberto,61.0,Nordeste
CONTR_2026_08316,Vertice Asset e Cobranca,2026-03-26,110,12954.03,Acordo Firmado,44.0,Norte
CONTR_2026_08317,Acerta Credito Integrado,2026-03-28,172,6871.19,Em Aberto,83.0,Nordeste
CONTR_2026_08318,Acerta Credito Integrado,2026-03-02,86,15011.09,Acordo Firmado,68.0,Nordeste
CONTR_2026_08319,Acerta Credito Integrado,2026-04-18,133,2626.62,Acordo Firmado,2.0,Sudeste
CONTR_2026_08320,Vertice Asset e Cobranca,2026-04-02,64,3316.85,Insucesso,88.0,Sul
CONTR_2026_08321,Fenix Recuperacao de Credito,2026-03-02,114,2098.04,Em Aberto,45.0,Nordeste
CONTR_2026_08322,Nexus Mediacao Financeira,2026-02-20,143,3944.66,Em Aberto,11.0,Nordeste
CONTR_2026_08323,Fenix Recuperacao de Credito,2026-02-07,88,15934.66,Acordo Firmado,88.0,Sul
CONTR_2026_08324,Vertice Asset e Cobranca,2026-01-12,32,5433.39,Em Aberto,39.0,Sudeste
CONTR_2026_08325,Fenix Recuperacao de Credito,2026-03-29,107,3890.35,Ajuizado,73.0,Sudeste
CONTR_2026_08326,Acerta Credito Integrado,2026-03-18,83,3164.22,Insucesso,7.0,Norte
CONTR_2026_08327,Fenix Recuperacao de Credito,2026-04-14,115,5594.51,Acordo Firmado,29.0,Sul
CONTR_2026_08328,Fenix Recuperacao de Credito,2026-04-22,76,7622.61,Em Aberto,99.0,Nordeste
CONTR_2026_08329,Acerta Credito Integrado,2026-03-07,161,3811.02,Acordo Firmado,64.0,Nordeste
CONTR_2026_08330,Vertice Asset e Cobranca,2026-02-23,93,2512.66,Em Aberto,24.0,Sul
CONTR_2026_08331,Acerta Credito Integrado,2026-02-08,113,5597.44,Ajuizado,67.0,Sudeste
CONTR_2026_08332,Nexus Mediacao Financeira,2026-03-17,60,3475.08,Acordo Firmado,1.0,Sul
CONTR_2026_08333,Acerta Credito Integrado,2026-02-08,54,27057.92,Insucesso,97.0,Sul
CONTR_2026_08334,Vertice Asset e Cobranca,2026-04-25,51,4108.43,Ajuizado,46.0,Sudeste
CONTR_2026_08335,Acerta Credito Integrado,2026-03-19,51,4050.13,Insucesso,98.0,Norte
CONTR_2026_08336,Vertice Asset e Cobranca,2026-01-30,110,10346.28,Em Aberto,43.0,Sul
CONTR_2026_08337,Fenix Recuperacao de Credito,2026-04-15,71,2645.21,Insucesso,10.0,Nordeste
CONTR_2026_08338,Vertice Asset e Cobranca,2026-04-24,51,1541.32,Insucesso,79.0,Sul
CONTR_2026_08339,Vertice Asset e Cobranca,2026-04-17,69,10814.54,Acordo Firmado,75.0,Sudeste
CONTR_2026_08340,Acerta Credito Integrado,2026-02-17,111,5646.3,Insucesso,33.0,Nordeste
CONTR_2026_08341,Acerta Credito Integrado,2026-03-24,110,2706.58,Em Aberto,61.0,Sudeste
CONTR_2026_08342,Nexus Mediacao Financeira,2026-01-31,119,3298.52,Ajuizado,96.0,Sudeste
CONTR_2026_08343,Fenix Recuperacao de Credito,2026-04-17,81,3972.58,Em Aberto,38.0,Sudeste
CONTR_2026_08344,Vertice Asset e Cobranca,2026-04-24,149,6903.28,Em Aberto,20.0,Sudeste
CONTR_2026_08345,Vertice Asset e Cobranca,2026-04-17,122,4357.27,Acordo Firmado,96.0,Sudeste
CONTR_2026_08346,Acerta Credito Integrado,2026-01-25,54,3719.41,Em Aberto,72.0,Sudeste
CONTR_2026_08347,Acerta Credito Integrado,2026-03-09,114,8781.25,Em Aberto,53.0,Sudeste
CONTR_2026_08348,Fenix Recuperacao de Credito,2026-04-24,90,1572.8,Em Aberto,55.0,Sul
CONTR_2026_08349,Vertice Asset e Cobranca,2026-02-20,85,6485.48,Acordo Firmado,17.0,Sul
CONTR_2026_08350,Nexus Mediacao Financeira,2026-01-13,90,4179.41,Em Aberto,46.0,Sudeste
CONTR_2026_08351,Acerta Credito Integrado,2026-04-10,70,3238.74,Insucesso,100.0,Nordeste
CONTR_2026_08352,Fenix Recuperacao de Credito,2026-03-04,120,14326.07,Acordo Firmado,2.0,Sudeste
CONTR_2026_08353,Acerta Credito Integrado,2026-02-11,72,8723.8,Acordo Firmado,98.0,Nordeste
CONTR_2026_08354,Nexus Mediacao Financeira,2026-02-23,73,2437.56,Em Aberto,11.0,Sudeste
CONTR_2026_08355,Fenix Recuperacao de Credito,2026-04-11,112,6482.6,Em Aberto,78.0,Norte
CONTR_2026_08356,Vertice Asset e Cobranca,2026-03-08,155,9837.91,Em Aberto,82.0,Sul
CONTR_2026_08357,Vertice Asset e Cobranca,2026-03-21,75,23906.08,Em Aberto,10.0,Sudeste
CONTR_2026_08358,Nexus Mediacao Financeira,2026-03-31,52,7193.68,Acordo Firmado,23.0,Sul
CONTR_2026_08359,Fenix Recuperacao de Credito,2026-04-14,124,7067.07,Acordo Firmado,88.0,Sul
CONTR_2026_08360,Fenix Recuperacao de Credito,2026-02-25,95,5950.43,Em Aberto,44.0,Sudeste
CONTR_2026_08361,Acerta Credito Integrado,2026-04-13,105,1404.12,Em Aberto,75.0,Centro-Oeste
CONTR_2026_08362,Fenix Recuperacao de Credito,2026-01-19,91,5598.06,Acordo Firmado,56.0,Nordeste
CONTR_2026_08363,Fenix Recuperacao de Credito,2026-02-15,107,9375.0,Acordo Firmado,28.0,Sudeste
CONTR_2026_08364,Vertice Asset e Cobranca,2026-01-15,100,3716.09,Em Aberto,27.0,Nordeste
CONTR_2026_08365,Nexus Mediacao Financeira,2026-02-01,74,5621.29,Acordo Firmado,48.0,Nordeste
CONTR_2026_08366,Acerta Credito Integrado,2026-02-18,111,14251.55,Em Aberto,72.0,Norte
CONTR_2026_08367,Vertice Asset e Cobranca,2026-01-21,105,2143.92,Insucesso,37.0,Sudeste
CONTR_2026_08368,Acerta Credito Integrado,2026-03-06,78,2845.83,Acordo Firmado,64.0,Sul
CONTR_2026_08369,Nexus Mediacao Financeira,2026-03-11,84,1784.45,Em Aberto,47.0,Centro-Oeste
CONTR_2026_08370,Fenix Recuperacao de Credito,2026-01-27,66,4668.18,Em Aberto,49.0,Norte
CONTR_2026_08371,Fenix Recuperacao de Credito,2026-01-23,103,10351.96,Insucesso,66.0,Nordeste
CONTR_2026_08372,Vertice Asset e Cobranca,2026-02-16,9999,4056.57,Em Aberto,45.0,Sul
CONTR_2026_08373,Vertice Asset e Cobranca,2026-04-05,88,1561.99,Em Aberto,58.0,Sudeste
CONTR_2026_08374,Acerta Credito Integrado,2026-01-12,55,2729.49,Acordo Firmado,65.0,Sudeste
CONTR_2026_08375,Nexus Mediacao Financeira,2026-03-26,29,12223.05,Em Aberto,68.0,Nordeste
CONTR_2026_08376,Vertice Asset e Cobranca,2026-04-26,83,5276.85,Insucesso,3.0,Sul
CONTR_2026_08377,Fenix Recuperacao de Credito,2026-03-07,97,13471.18,Acordo Firmado,90.0,Nordeste
CONTR_2026_08378,Fenix Recuperacao de Credito,2026-01-05,109,10192.05,Insucesso,71.0,Nordeste
CONTR_2026_08379,Nexus Mediacao Financeira,2026-01-09,123,3874.67,Em Aberto,86.0,Sul
CONTR_2026_08380,Vertice Asset e Cobranca,2026-01-20,79,6219.38,Em Aberto,10.0,Nordeste
CONTR_2026_08381,Nexus Mediacao Financeira,2026-04-20,42,6659.55,Em Aberto,10.0,Sudeste
CONTR_2026_08382,Fenix Recuperacao de Credito,2026-03-23,74,8067.83,Acordo Firmado,39.0,Nordeste
CONTR_2026_08383,Nexus Mediacao Financeira,2026-03-04,155,3224.58,Acordo Firmado,65.0,Sul
CONTR_2026_08384,Acerta Credito Integrado,2026-03-27,139,2905.34,Acordo Firmado,58.0,Norte
CONTR_2026_08385,Vertice Asset e Cobranca,2026-03-13,102,6969.39,Em Aberto,37.0,Sul
CONTR_2026_08386,Vertice Asset e Cobranca,2026-04-08,77,9739.51,Em Aberto,75.0,Sudeste
CONTR_2026_08387,Vertice Asset e Cobranca,2026-03-14,87,3874.28,Em Aberto,34.0,Nordeste
CONTR_2026_08388,Vertice Asset e Cobranca,2026-03-12,141,3136.18,Insucesso,10.0,Sudeste
CONTR_2026_08389,Nexus Mediacao Financeira,2026-01-30,96,9930.2,Ajuizado,78.0,Centro-Oeste
CONTR_2026_08390,Fenix Recuperacao de Credito,2026-03-23,78,7006.97,Em Aberto,38.0,Sudeste
CONTR_2026_08391,Nexus Mediacao Financeira,2026-04-01,129,3304.54,Em Aberto,61.0,Nordeste
CONTR_2026_08392,Fenix Recuperacao de Credito,2026-01-16,31,4971.56,Em Aberto,66.0,Nordeste
CONTR_2026_08393,Vertice Asset e Cobranca,2026-03-26,59,17403.37,Em Aberto,74.0,Sudeste
CONTR_2026_08394,Acerta Credito Integrado,2026-01-05,65,8128.9,Insucesso,96.0,Sudeste
CONTR_2026_08395,Acerta Credito Integrado,2026-04-29,120,2452.99,Ajuizado,29.0,Nordeste
CONTR_2026_08396,Acerta Credito Integrado,2026-01-29,73,2948.01,Em Aberto,50.0,Sudeste
CONTR_2026_08397,Nexus Mediacao Financeira,2026-02-16,36,2740.93,Em Aberto,65.0,Norte
CONTR_2026_08398,Vertice Asset e Cobranca,2026-04-11,69,10630.87,Acordo Firmado,4.0,Nordeste
CONTR_2026_08399,Acerta Credito Integrado,2026-04-17,75,6328.01,Em Aberto,97.0,Sul
CONTR_2026_08400,Vertice Asset e Cobranca,2026-01-22,87,15266.84,Em Aberto,24.0,Sudeste
CONTR_2026_08401,Vertice Asset e Cobranca,2026-03-19,93,1676.69,Acordo Firmado,41.0,Sudeste
CONTR_2026_08402,Fenix Recuperacao de Credito,2026-02-26,119,1467.02,Em Aberto,22.0,Norte
CONTR_2026_08403,Nexus Mediacao Financeira,2026-03-24,80,6838.17,Acordo Firmado,10.0,Sudeste
CONTR_2026_08404,Nexus Mediacao Financeira,2026-02-04,72,2750.48,Em Aberto,44.0,Nordeste
CONTR_2026_08405,Vertice Asset e Cobranca,2026-03-29,91,6884.24,Em Aberto,60.0,Sul
CONTR_2026_08406,Fenix Recuperacao de Credito,2026-04-16,97,7627.18,Em Aberto,26.0,Nordeste
CONTR_2026_08407,Fenix Recuperacao de Credito,2026-03-01,71,3015.49,Em Aberto,14.0,Centro-Oeste
CONTR_2026_08408,Fenix Recuperacao de Credito,2026-03-11,38,16452.85,Em Aberto,12.0,Nordeste
CONTR_2026_08409,Nexus Mediacao Financeira,2026-03-01,75,8652.52,Acordo Firmado,20.0,Nordeste
CONTR_2026_08410,Vertice Asset e Cobranca,2026-02-27,114,3489.23,Acordo Firmado,98.0,Norte
CONTR_2026_08411,Vertice Asset e Cobranca,2026-01-03,87,3856.15,Acordo Firmado,35.0,Centro-Oeste
CONTR_2026_08412,Vertice Asset e Cobranca,2026-02-03,127,7491.64,Em Aberto,86.0,Nordeste
CONTR_2026_08413,Vertice Asset e Cobranca,2026-02-14,105,3012.29,Insucesso,63.0,Sul
CONTR_2026_08414,Vertice Asset e Cobranca,2026-02-19,74,2950.45,Em Aberto,17.0,Nordeste
CONTR_2026_08415,Fenix Recuperacao de Credito,2026-01-02,134,6102.94,Ajuizado,28.0,Nordeste
CONTR_2026_08416,Fenix Recuperacao de Credito,2026-01-15,63,1923.94,Em Aberto,87.0,Nordeste
CONTR_2026_08417,Acerta Credito Integrado,2026-02-06,39,26260.2,Acordo Firmado,80.0,Nordeste
CONTR_2026_08418,Nexus Mediacao Financeira,2026-01-15,100,2893.03,Em Aberto,87.0,Sudeste
CONTR_2026_08419,Acerta Credito Integrado,2026-03-01,66,3612.12,Em Aberto,51.0,Sudeste
CONTR_2026_08420,Fenix Recuperacao de Credito,2026-04-06,88,2469.72,Acordo Firmado,100.0,Sudeste
CONTR_2026_08421,Nexus Mediacao Financeira,2026-03-26,57,6357.05,Em Aberto,23.0,Sudeste
CONTR_2026_08422,Vertice Asset e Cobranca,2026-03-05,90,1511.98,Acordo Firmado,95.0,Sudeste
CONTR_2026_08423,Fenix Recuperacao de Credito,2026-03-22,104,14342.18,Em Aberto,15.0,Nordeste
CONTR_2026_08424,Fenix Recuperacao de Credito,2026-04-08,108,3011.92,Insucesso,13.0,Nordeste
CONTR_2026_08425,Fenix Recuperacao de Credito,2026-04-06,55,14312.25,Em Aberto,14.0,Sul
CONTR_2026_08426,Vertice Asset e Cobranca,2026-04-24,49,2662.06,Ajuizado,86.0,Nordeste
CONTR_2026_08427,Fenix Recuperacao de Credito,2026-04-21,101,4805.55,Acordo Firmado,9.0,Nordeste
CONTR_2026_08428,Vertice Asset e Cobranca,2026-02-21,78,7140.03,Em Aberto,8.0,Sudeste
CONTR_2026_08429,Vertice Asset e Cobranca,2026-01-23,73,5941.83,Em Aberto,78.0,Sudeste
CONTR_2026_08430,Fenix Recuperacao de Credito,2026-04-09,86,4792.25,Insucesso,71.0,Nordeste
CONTR_2026_08431,Fenix Recuperacao de Credito,2026-02-06,84,8968.42,Ajuizado,67.0,Sul
CONTR_2026_08432,Nexus Mediacao Financeira,2026-04-17,101,4379.05,Em Aberto,100.0,Sul
CONTR_2026_08433,Fenix Recuperacao de Credito,2026-02-10,104,3226.13,Em Aberto,51.0,Sudeste
CONTR_2026_08434,Acerta Credito Integrado,2026-04-11,119,7539.77,Em Aberto,81.0,Sudeste
CONTR_2026_08435,Vertice Asset e Cobranca,2026-02-26,82,15044.7,Acordo Firmado,41.0,Nordeste
CONTR_2026_08436,Fenix Recuperacao de Credito,2026-04-07,119,5798.8,Acordo Firmado,89.0,Sudeste
CONTR_2026_08437,Vertice Asset e Cobranca,2026-01-25,107,2840.5,Em Aberto,87.0,Nordeste
CONTR_2026_08438,Fenix Recuperacao de Credito,2026-04-20,116,8394.44,Em Aberto,75.0,Norte
CONTR_2026_08439,Nexus Mediacao Financeira,2026-02-06,56,8375.84,Em Aberto,32.0,Nordeste
CONTR_2026_08440,Vertice Asset e Cobranca,2026-02-09,86,2752.12,Acordo Firmado,65.0,Centro-Oeste
CONTR_2026_08441,Vertice Asset e Cobranca,2026-03-26,146,3627.66,Em Aberto,27.0,Norte
CONTR_2026_08442,Fenix Recuperacao de Credito,2026-02-15,48,1959.61,Em Aberto,92.0,Sul
CONTR_2026_08443,Nexus Mediacao Financeira,2026-03-01,143,1615.1,Ajuizado,90.0,Nordeste
CONTR_2026_08444,Vertice Asset e Cobranca,2026-04-22,142,9434.73,Acordo Firmado,64.0,Sudeste
CONTR_2026_08445,Fenix Recuperacao de Credito,2026-04-12,111,3530.67,Ajuizado,73.0,Sudeste
CONTR_2026_08446,Nexus Mediacao Financeira,2026-04-14,49,2851.64,Em Aberto,94.0,Sul
CONTR_2026_08447,Nexus Mediacao Financeira,2026-04-08,83,2679.18,Ajuizado,67.0,Nordeste
CONTR_2026_08448,Acerta Credito Integrado,2026-01-19,113,1588.76,Insucesso,95.0,Sudeste
CONTR_2026_08449,Fenix Recuperacao de Credito,2026-04-01,50,22152.98,Acordo Firmado,53.0,Sudeste
CONTR_2026_08450,Acerta Credito Integrado,2026-01-09,110,3486.78,Em Aberto,10.0,Nordeste
CONTR_2026_08451,Nexus Mediacao Financeira,2026-03-10,93,2097.13,Em Aberto,51.0,Sudeste
CONTR_2026_08452,Fenix Recuperacao de Credito,2026-01-05,72,11180.66,Em Aberto,32.0,Nordeste
CONTR_2026_08453,Nexus Mediacao Financeira,2026-03-30,56,7620.85,Em Aberto,65.0,Sudeste
CONTR_2026_08454,Vertice Asset e Cobranca,2026-01-26,133,6632.74,Insucesso,46.0,Nordeste
CONTR_2026_08455,Fenix Recuperacao de Credito,2026-01-19,113,2963.52,Ajuizado,72.0,Nordeste
CONTR_2026_08456,Fenix Recuperacao de Credito,2026-01-30,85,3884.64,Em Aberto,10.0,Sudeste
CONTR_2026_08457,Nexus Mediacao Financeira,2026-04-10,91,10397.0,Ajuizado,88.0,Sudeste
CONTR_2026_08458,Vertice Asset e Cobranca,2026-02-17,81,6306.83,Ajuizado,83.0,Nordeste
CONTR_2026_08459,Vertice Asset e Cobranca,2026-04-22,35,3320.58,Em Aberto,62.0,Sudeste
CONTR_2026_08460,Vertice Asset e Cobranca,2026-01-16,128,1778.62,Em Aberto,71.0,Sudeste
CONTR_2026_08461,Vertice Asset e Cobranca,2026-03-12,96,12726.47,Em Aberto,73.0,Nordeste
CONTR_2026_08462,Fenix Recuperacao de Credito,2026-01-18,118,16765.54,Em Aberto,54.0,Sudeste
CONTR_2026_08463,Vertice Asset e Cobranca,2026-02-25,76,7543.36,Em Aberto,96.0,Nordeste
CONTR_2026_08464,Acerta Credito Integrado,2026-01-21,92,7078.41,Em Aberto,83.0,Centro-Oeste
CONTR_2026_08465,Vertice Asset e Cobranca,2026-01-31,99,5057.81,Em Aberto,39.0,Nordeste
CONTR_2026_08466,Vertice Asset e Cobranca,2026-01-01,120,18991.09,Em Aberto,29.0,Sul
CONTR_2026_08467,Vertice Asset e Cobranca,2026-01-03,143,7123.31,Em Aberto,16.0,Sudeste
CONTR_2026_08468,Nexus Mediacao Financeira,2026-04-05,79,1599.19,Em Aberto,44.0,Sudeste
CONTR_2026_08469,Vertice Asset e Cobranca,2026-01-25,79,1681.06,Acordo Firmado,67.0,Centro-Oeste
CONTR_2026_08470,Fenix Recuperacao de Credito,2026-04-27,82,17762.16,Acordo Firmado,69.0,Sul
CONTR_2026_08471,Fenix Recuperacao de Credito,2026-01-08,72,15548.1,Acordo Firmado,70.0,Nordeste
CONTR_2026_08472,Vertice Asset e Cobranca,2026-03-06,169,5280.37,Insucesso,17.0,Norte
CONTR_2026_08473,Vertice Asset e Cobranca,2026-03-03,39,2404.89,Em Aberto,81.0,Nordeste
CONTR_2026_08474,Fenix Recuperacao de Credito,2026-01-07,170,5579.41,Insucesso,100.0,Nordeste
CONTR_2026_08475,Acerta Credito Integrado,2026-01-07,109,8409.96,Em Aberto,42.0,Sudeste
CONTR_2026_08476,Acerta Credito Integrado,2026-01-08,87,1241.58,Em Aberto,96.0,Norte
CONTR_2026_08477,Fenix Recuperacao de Credito,2026-01-19,64,9852.74,Acordo Firmado,40.0,Sudeste
CONTR_2026_08478,Nexus Mediacao Financeira,2026-01-17,-999,4325.55,Em Aberto,14.0,Centro-Oeste
CONTR_2026_08479,Nexus Mediacao Financeira,2026-01-11,73,4310.31,Em Aberto,32.0,Norte
CONTR_2026_08480,Vertice Asset e Cobranca,2026-04-21,131,4048.52,Acordo Firmado,43.0,Sul
CONTR_2026_08481,Fenix Recuperacao de Credito,2026-04-15,108,7085.78,Em Aberto,77.0,Sudeste
CONTR_2026_08482,Fenix Recuperacao de Credito,2026-02-18,140,2375.2,Insucesso,47.0,Sudeste
CONTR_2026_08483,Fenix Recuperacao de Credito,2026-01-11,81,5865.41,Insucesso,23.0,Nordeste
CONTR_2026_08484,Fenix Recuperacao de Credito,2026-04-12,94,1425.49,Em Aberto,60.0,Sudeste
CONTR_2026_08485,Acerta Credito Integrado,2026-02-10,87,9539.29,Ajuizado,12.0,Nordeste
CONTR_2026_08486,Acerta Credito Integrado,2026-03-03,78,9649.0,Insucesso,86.0,Nordeste
CONTR_2026_08487,Fenix Recuperacao de Credito,2026-04-24,59,3068.96,Insucesso,94.0,Sudeste
CONTR_2026_08488,Nexus Mediacao Financeira,2026-02-21,111,1757.0,Acordo Firmado,58.0,Centro-Oeste
CONTR_2026_08489,Fenix Recuperacao de Credito,2026-03-07,100,8086.65,Em Aberto,22.0,Sudeste
CONTR_2026_08490,Fenix Recuperacao de Credito,2026-03-09,88,4376.41,Em Aberto,64.0,Nordeste
CONTR_2026_08491,Acerta Credito Integrado,2026-04-24,105,14149.13,Insucesso,74.0,Sul
CONTR_2026_08492,Fenix Recuperacao de Credito,2026-04-02,77,3380.79,Em Aberto,12.0,Norte
CONTR_2026_08493,Vertice Asset e Cobranca,2026-04-07,90,10410.29,Acordo Firmado,100.0,Sul
CONTR_2026_08494,Fenix Recuperacao de Credito,2026-03-16,115,1328.25,Em Aberto,92.0,Nordeste
CONTR_2026_08495,Fenix Recuperacao de Credito,2026-03-08,119,8609.49,Em Aberto,87.0,Nordeste
CONTR_2026_08496,Vertice Asset e Cobranca,2026-02-09,135,6869.9,Em Aberto,24.0,Sudeste
CONTR_2026_08497,Vertice Asset e Cobranca,2026-01-05,56,4935.56,Em Aberto,92.0,Nordeste
CONTR_2026_08498,Nexus Mediacao Financeira,2026-04-26,61,13263.44,Em Aberto,72.0,Sudeste
CONTR_2026_08499,Fenix Recuperacao de Credito,2026-03-26,55,15437.53,Insucesso,20.0,Nordeste
CONTR_2026_08500,Vertice Asset e Cobranca,2026-01-22,70,14473.86,Acordo Firmado,51.0,Sudeste
CONTR_2026_08501,Vertice Asset e Cobranca,2026-04-28,79,5754.07,Acordo Firmado,71.0,Sul
CONTR_2026_08502,Vertice Asset e Cobranca,2026-02-06,103,4863.56,Acordo Firmado,23.0,Sul
CONTR_2026_08503,Vertice Asset e Cobranca,2026-01-11,124,2766.52,Acordo Firmado,59.0,Sul
CONTR_2026_08504,Vertice Asset e Cobranca,2026-02-13,78,2084.11,Em Aberto,99.0,Sul
CONTR_2026_08505,Fenix Recuperacao de Credito,2026-03-27,107,5271.99,Insucesso,33.0,Nordeste
CONTR_2026_08506,Acerta Credito Integrado,2026-04-15,128,2003.76,Acordo Firmado,46.0,Sudeste
CONTR_2026_08507,Fenix Recuperacao de Credito,2026-02-22,76,2144.41,Ajuizado,35.0,Sul
CONTR_2026_08508,Nexus Mediacao Financeira,2026-03-18,81,3406.05,Insucesso,22.0,Nordeste
CONTR_2026_08509,Fenix Recuperacao de Credito,2026-04-28,91,2233.57,Em Aberto,34.0,Sudeste
CONTR_2026_08510,Vertice Asset e Cobranca,2026-04-26,39,4683.05,Acordo Firmado,36.0,Sudeste
CONTR_2026_08511,Fenix Recuperacao de Credito,2026-03-02,105,6649.49,Acordo Firmado,26.0,Sudeste
CONTR_2026_08512,Nexus Mediacao Financeira,2026-03-08,53,7185.0,Acordo Firmado,41.0,Sudeste
CONTR_2026_08513,Acerta Credito Integrado,2026-01-13,113,5004.75,Insucesso,10.0,Nordeste
CONTR_2026_08514,Nexus Mediacao Financeira,2026-04-02,77,4888.62,Insucesso,7.0,Nordeste
CONTR_2026_08515,Vertice Asset e Cobranca,2026-04-28,74,4419.99,Em Aberto,42.0,Sudeste
CONTR_2026_08516,Vertice Asset e Cobranca,2026-01-11,60,2606.94,Em Aberto,11.0,Sudeste
CONTR_2026_08517,Vertice Asset e Cobranca,2026-01-11,106,6510.09,Em Aberto,81.0,Sudeste
CONTR_2026_08518,Fenix Recuperacao de Credito,2026-03-26,106,6550.55,Acordo Firmado,72.0,Sudeste
CONTR_2026_08519,Vertice Asset e Cobranca,2026-04-26,76,2677.26,Em Aberto,71.0,Sudeste
CONTR_2026_08520,Acerta Credito Integrado,2026-03-26,143,7229.36,Em Aberto,72.0,Nordeste
CONTR_2026_08521,Vertice Asset e Cobranca,2026-01-07,91,10959.83,Acordo Firmado,97.0,Sudeste
CONTR_2026_08522,Vertice Asset e Cobranca,2026-01-17,89,5715.75,Acordo Firmado,6.0,Nordeste
CONTR_2026_08523,Fenix Recuperacao de Credito,2026-02-17,91,1825.21,Acordo Firmado,46.0,Sul
CONTR_2026_08524,Vertice Asset e Cobranca,2026-01-14,69,3181.99,Em Aberto,5.0,Sul
CONTR_2026_08525,Nexus Mediacao Financeira,2026-03-04,60,1686.9,Acordo Firmado,80.0,Sul
CONTR_2026_08526,Fenix Recuperacao de Credito,2026-03-05,78,2997.9,Em Aberto,45.0,Sul
CONTR_2026_08527,Vertice Asset e Cobranca,2026-04-07,109,2390.93,Acordo Firmado,14.0,Nordeste
CONTR_2026_08528,Acerta Credito Integrado,2026-03-16,34,5244.24,Acordo Firmado,34.0,Nordeste
CONTR_2026_08529,Nexus Mediacao Financeira,2026-03-18,45,3954.29,Em Aberto,56.0,Sudeste
CONTR_2026_08530,Nexus Mediacao Financeira,2026-03-06,71,7612.99,Em Aberto,58.0,Nordeste
CONTR_2026_08531,Fenix Recuperacao de Credito,2026-02-03,36,3455.26,Ajuizado,50.0,Sudeste
CONTR_2026_08532,Fenix Recuperacao de Credito,2026-01-09,47,2040.44,Ajuizado,98.0,Centro-Oeste
CONTR_2026_08533,Nexus Mediacao Financeira,2026-03-18,114,2546.1,Insucesso,89.0,Sul
CONTR_2026_08534,Acerta Credito Integrado,2026-02-06,76,5145.9,Acordo Firmado,86.0,Nordeste
CONTR_2026_08535,Nexus Mediacao Financeira,2026-01-30,64,4187.87,Em Aberto,67.0,Sudeste
CONTR_2026_08536,Vertice Asset e Cobranca,2026-02-10,94,1417.71,Em Aberto,82.0,Nordeste
CONTR_2026_08537,Fenix Recuperacao de Credito,2026-02-14,93,2378.27,Em Aberto,56.0,Nordeste
CONTR_2026_08538,Acerta Credito Integrado,2026-04-11,124,2960.12,Em Aberto,20.0,Sudeste
CONTR_2026_08539,Vertice Asset e Cobranca,2026-02-16,36,7661.46,Em Aberto,13.0,Sul
CONTR_2026_08540,Acerta Credito Integrado,2026-01-07,62,7754.58,Insucesso,98.0,Centro-Oeste
CONTR_2026_08541,Nexus Mediacao Financeira,2026-01-14,72,7186.44,Em Aberto,85.0,Sudeste
CONTR_2026_08542,Nexus Mediacao Financeira,2026-02-17,101,9731.44,Acordo Firmado,93.0,Nordeste
CONTR_2026_08543,Acerta Credito Integrado,2026-01-06,176,11552.6,Em Aberto,73.0,Nordeste
CONTR_2026_08544,Nexus Mediacao Financeira,2026-02-03,107,1568.82,Em Aberto,86.0,Sudeste
CONTR_2026_08545,Vertice Asset e Cobranca,2026-03-21,82,4596.79,Em Aberto,95.0,Sudeste
CONTR_2026_08546,Nexus Mediacao Financeira,2026-04-25,53,2006.48,Insucesso,45.0,Sudeste
CONTR_2026_08547,Acerta Credito Integrado,2026-04-11,49,3385.24,Em Aberto,31.0,Sul
CONTR_2026_08548,Vertice Asset e Cobranca,2026-04-10,117,6641.29,Ajuizado,70.0,Nordeste
CONTR_2026_08549,Vertice Asset e Cobranca,2026-02-15,66,5802.23,Em Aberto,41.0,Nordeste
CONTR_2026_08550,Fenix Recuperacao de Credito,2026-02-28,79,1888.04,Em Aberto,46.0,Centro-Oeste
CONTR_2026_08551,Fenix Recuperacao de Credito,2026-03-11,139,8275.15,Em Aberto,2.0,Nordeste
CONTR_2026_08552,Fenix Recuperacao de Credito,2026-01-08,38,8932.71,Em Aberto,7.0,Nordeste
CONTR_2026_08553,Nexus Mediacao Financeira,2026-01-24,98,1949.37,Em Aberto,12.0,Sudeste
CONTR_2026_08554,Vertice Asset e Cobranca,2026-03-08,62,5981.13,Em Aberto,64.0,Sul
CONTR_2026_08555,Vertice Asset e Cobranca,2026-01-04,139,15723.0,Em Aberto,43.0,Sudeste
CONTR_2026_08556,Nexus Mediacao Financeira,2026-04-06,61,1693.25,Em Aberto,51.0,Nordeste
CONTR_2026_08557,Fenix Recuperacao de Credito,2026-01-01,110,2099.26,Em Aberto,83.0,Sudeste
CONTR_2026_08558,Nexus Mediacao Financeira,2026-02-03,35,8452.02,Acordo Firmado,20.0,Sudeste
CONTR_2026_08559,Acerta Credito Integrado,2026-04-19,136,3254.34,Em Aberto,13.0,Nordeste
CONTR_2026_08560,Acerta Credito Integrado,2026-01-09,117,16769.38,Em Aberto,47.0,Sul
CONTR_2026_08561,Fenix Recuperacao de Credito,2026-03-04,73,6095.66,Em Aberto,85.0,Sul
CONTR_2026_08562,Acerta Credito Integrado,2026-03-17,101,4500.5,Insucesso,26.0,Nordeste
CONTR_2026_08563,Nexus Mediacao Financeira,2026-01-10,118,3259.91,Acordo Firmado,97.0,Sudeste
CONTR_2026_08564,Acerta Credito Integrado,2026-01-10,94,2566.43,Insucesso,58.0,Sudeste
CONTR_2026_08565,Vertice Asset e Cobranca,2026-02-19,78,6449.41,Em Aberto,22.0,Sudeste
CONTR_2026_08566,Nexus Mediacao Financeira,2026-02-13,87,5682.8,Em Aberto,59.0,Sudeste
CONTR_2026_08567,Fenix Recuperacao de Credito,2026-04-28,93,3415.16,Ajuizado,75.0,Sudeste
CONTR_2026_08568,Acerta Credito Integrado,2026-02-17,91,13691.59,Em Aberto,15.0,Nordeste
CONTR_2026_08569,Vertice Asset e Cobranca,2026-03-28,103,8373.3,Em Aberto,51.0,Sudeste
CONTR_2026_08570,Vertice Asset e Cobranca,2026-01-06,59,2705.98,Em Aberto,47.0,Nordeste
CONTR_2026_08571,Vertice Asset e Cobranca,2026-03-29,70,15555.73,Em Aberto,82.0,Nordeste
CONTR_2026_08572,Vertice Asset e Cobranca,2026-01-24,78,8243.5,Ajuizado,31.0,Nordeste
CONTR_2026_08573,Vertice Asset e Cobranca,2026-03-26,104,12570.32,Em Aberto,98.0,Nordeste
CONTR_2026_08574,Vertice Asset e Cobranca,2026-04-30,44,1932.19,Acordo Firmado,29.0,Nordeste
CONTR_2026_08575,Acerta Credito Integrado,2026-04-16,94,1367.77,Em Aberto,41.0,Nordeste
CONTR_2026_08576,Fenix Recuperacao de Credito,2026-04-05,113,4595.42,Em Aberto,81.0,Sul
CONTR_2026_08577,Nexus Mediacao Financeira,2026-04-21,91,4172.42,Ajuizado,18.0,Nordeste
CONTR_2026_08578,Fenix Recuperacao de Credito,2026-02-27,92,11393.57,Insucesso,96.0,Sudeste
CONTR_2026_08579,Vertice Asset e Cobranca,2026-04-15,80,2144.59,Em Aberto,10.0,Sudeste
CONTR_2026_08580,Fenix Recuperacao de Credito,2026-03-05,91,1319.32,Em Aberto,9.0,Nordeste
CONTR_2026_08581,Vertice Asset e Cobranca,2026-04-04,76,4967.12,Em Aberto,52.0,Centro-Oeste
CONTR_2026_08582,Acerta Credito Integrado,2026-02-25,85,2177.44,Acordo Firmado,27.0,Sudeste
CONTR_2026_08583,Acerta Credito Integrado,2026-04-08,76,1453.88,Em Aberto,26.0,Sudeste
CONTR_2026_08584,Fenix Recuperacao de Credito,2026-03-23,84,1312.28,Acordo Firmado,85.0,Sudeste
CONTR_2026_08585,Vertice Asset e Cobranca,2026-01-12,80,1968.28,Insucesso,29.0,Nordeste
CONTR_2026_08586,Vertice Asset e Cobranca,2026-02-04,54,3556.88,Em Aberto,20.0,Sudeste
CONTR_2026_08587,Acerta Credito Integrado,2026-03-12,44,11969.46,Insucesso,73.0,Nordeste
CONTR_2026_08588,Acerta Credito Integrado,2026-04-15,92,8347.57,Ajuizado,68.0,Nordeste
CONTR_2026_08589,Nexus Mediacao Financeira,2026-04-14,108,4976.9,Acordo Firmado,51.0,Sudeste
CONTR_2026_08590,Nexus Mediacao Financeira,2026-03-30,136,4013.62,Acordo Firmado,52.0,Nordeste
CONTR_2026_08591,Acerta Credito Integrado,2026-01-06,122,4242.18,Em Aberto,87.0,Nordeste
CONTR_2026_08592,Fenix Recuperacao de Credito,2026-03-06,117,11998.68,Em Aberto,80.0,Sudeste
CONTR_2026_08593,Vertice Asset e Cobranca,2026-04-20,96,7648.22,Em Aberto,1.0,Nordeste
CONTR_2026_08594,Fenix Recuperacao de Credito,2026-03-21,93,2143.79,Em Aberto,19.0,Sul
CONTR_2026_08595,Acerta Credito Integrado,2026-03-01,66,15244.76,Acordo Firmado,26.0,Sul
CONTR_2026_08596,Nexus Mediacao Financeira,2026-04-22,62,8612.16,Insucesso,59.0,Nordeste
CONTR_2026_08597,Nexus Mediacao Financeira,2026-03-09,95,1373.77,Insucesso,4.0,Sudeste
CONTR_2026_08598,Vertice Asset e Cobranca,2026-01-29,64,4688.36,Acordo Firmado,62.0,Norte
CONTR_2026_08599,Nexus Mediacao Financeira,2026-02-07,87,6489.01,Em Aberto,92.0,Nordeste
CONTR_2026_08600,Nexus Mediacao Financeira,2026-04-21,15,1514.64,Em Aberto,57.0,Nordeste
CONTR_2026_08601,Vertice Asset e Cobranca,2026-04-02,104,3377.51,Insucesso,60.0,Sudeste
CONTR_2026_08602,Acerta Credito Integrado,2026-01-22,58,6424.92,Ajuizado,35.0,Sudeste
CONTR_2026_08603,Acerta Credito Integrado,2026-01-08,47,9666.48,Acordo Firmado,35.0,Nordeste
CONTR_2026_08604,Fenix Recuperacao de Credito,2026-03-04,111,20091.37,Em Aberto,40.0,Nordeste
CONTR_2026_08605,Vertice Asset e Cobranca,2026-04-06,118,1848.44,Acordo Firmado,21.0,Sudeste
CONTR_2026_08606,Vertice Asset e Cobranca,2026-04-07,87,6203.83,Ajuizado,27.0,Nordeste
CONTR_2026_08607,Nexus Mediacao Financeira,2026-01-13,68,12364.81,Acordo Firmado,47.0,Sudeste
CONTR_2026_08608,Fenix Recuperacao de Credito,2026-01-27,111,7510.09,Insucesso,13.0,Nordeste
CONTR_2026_08609,Nexus Mediacao Financeira,2026-01-18,66,6203.79,Em Aberto,51.0,Sudeste
CONTR_2026_08610,Acerta Credito Integrado,2026-01-18,85,2406.68,Insucesso,6.0,Nordeste
CONTR_2026_08611,Vertice Asset e Cobranca,2026-03-18,130,9645.04,Acordo Firmado,31.0,Sudeste
CONTR_2026_08612,Fenix Recuperacao de Credito,2026-03-27,101,5333.29,Acordo Firmado,87.0,Sudeste
CONTR_2026_08613,Vertice Asset e Cobranca,2026-03-03,88,1790.63,Em Aberto,33.0,Nordeste
CONTR_2026_08614,Fenix Recuperacao de Credito,2026-01-14,81,14913.34,Em Aberto,9.0,Sudeste
CONTR_2026_08615,Fenix Recuperacao de Credito,2026-01-11,91,23479.76,Ajuizado,69.0,Nordeste
CONTR_2026_08616,Vertice Asset e Cobranca,2026-04-13,97,5057.41,Em Aberto,44.0,Sul
CONTR_2026_08617,Vertice Asset e Cobranca,2026-04-24,56,8691.25,Em Aberto,58.0,Centro-Oeste
CONTR_2026_08618,Fenix Recuperacao de Credito,2026-04-27,126,5577.1,Acordo Firmado,38.0,Sul
CONTR_2026_08619,Fenix Recuperacao de Credito,2026-03-27,76,3942.69,Em Aberto,44.0,Sul
CONTR_2026_08620,Fenix Recuperacao de Credito,2026-04-10,83,3830.61,Em Aberto,68.0,Sudeste
CONTR_2026_08621,Vertice Asset e Cobranca,2026-01-17,114,17865.03,Em Aberto,32.0,Nordeste
CONTR_2026_08622,Fenix Recuperacao de Credito,2026-02-20,85,3500.56,Acordo Firmado,3.0,Nordeste
CONTR_2026_08623,Nexus Mediacao Financeira,2026-04-06,116,4571.18,Em Aberto,98.0,Sul
CONTR_2026_08624,Acerta Credito Integrado,2026-01-14,88,2628.36,Acordo Firmado,59.0,Nordeste
CONTR_2026_08625,Fenix Recuperacao de Credito,2026-04-16,92,2660.34,Em Aberto,12.0,Nordeste
CONTR_2026_08626,Nexus Mediacao Financeira,2026-02-26,96,3402.05,Em Aberto,100.0,Sudeste
CONTR_2026_08627,Vertice Asset e Cobranca,2026-04-03,101,14136.53,Em Aberto,46.0,Nordeste
CONTR_2026_08628,Acerta Credito Integrado,2026-01-06,106,3725.36,Em Aberto,32.0,Sudeste
CONTR_2026_08629,Vertice Asset e Cobranca,2026-04-24,121,5218.04,Em Aberto,31.0,Sul
CONTR_2026_08630,Nexus Mediacao Financeira,2026-02-26,119,5145.58,Acordo Firmado,13.0,Centro-Oeste
CONTR_2026_08631,Nexus Mediacao Financeira,2026-01-04,66,5575.16,Ajuizado,49.0,Nordeste
CONTR_2026_08632,Fenix Recuperacao de Credito,2026-01-11,133,9775.2,Insucesso,86.0,Nordeste
CONTR_2026_08633,Fenix Recuperacao de Credito,2026-04-19,38,12773.36,Insucesso,91.0,Sul
CONTR_2026_08634,Vertice Asset e Cobranca,2026-04-14,71,2370.69,Em Aberto,69.0,Nordeste
CONTR_2026_08635,Vertice Asset e Cobranca,2026-03-15,85,11046.56,Acordo Firmado,64.0,Sudeste
CONTR_2026_08636,Acerta Credito Integrado,2026-04-29,55,5167.13,Em Aberto,26.0,Sul
CONTR_2026_08637,Acerta Credito Integrado,2026-04-02,98,14116.1,Em Aberto,49.0,Sudeste
CONTR_2026_08638,Vertice Asset e Cobranca,2026-01-11,112,13594.02,Em Aberto,83.0,Nordeste
CONTR_2026_08639,Nexus Mediacao Financeira,2026-04-09,68,3666.84,Em Aberto,23.0,Nordeste
CONTR_2026_08640,Nexus Mediacao Financeira,2026-03-20,103,6475.99,Insucesso,92.0,Nordeste
CONTR_2026_08641,Acerta Credito Integrado,2026-01-08,115,11455.68,Ajuizado,66.0,Sudeste
CONTR_2026_08642,Vertice Asset e Cobranca,2026-03-25,31,3628.3,Acordo Firmado,3.0,Nordeste
CONTR_2026_08643,Vertice Asset e Cobranca,2026-04-24,95,1424.07,Em Aberto,77.0,Sudeste
CONTR_2026_08644,Vertice Asset e Cobranca,2026-02-28,101,3429.93,Acordo Firmado,100.0,Norte
CONTR_2026_08645,Nexus Mediacao Financeira,2026-01-21,62,3473.83,Em Aberto,21.0,Centro-Oeste
CONTR_2026_08646,Vertice Asset e Cobranca,2026-03-06,54,9418.74,Insucesso,46.0,Nordeste
CONTR_2026_08647,Vertice Asset e Cobranca,2026-04-03,69,3052.59,Em Aberto,39.0,Sul
CONTR_2026_08648,Fenix Recuperacao de Credito,2026-01-24,84,12420.81,Em Aberto,78.0,Sudeste
CONTR_2026_08649,Acerta Credito Integrado,2026-01-30,67,5177.47,Acordo Firmado,38.0,Nordeste
CONTR_2026_08650,Fenix Recuperacao de Credito,2026-04-14,106,5611.31,Acordo Firmado,28.0,Nordeste
CONTR_2026_08651,Fenix Recuperacao de Credito,2026-04-09,102,9425.52,Insucesso,69.0,Centro-Oeste
CONTR_2026_08652,Vertice Asset e Cobranca,2026-04-07,101,1922.67,Acordo Firmado,45.0,Sudeste
CONTR_2026_08653,Fenix Recuperacao de Credito,2026-03-25,127,1290.52,Em Aberto,62.0,Sudeste
CONTR_2026_08654,Nexus Mediacao Financeira,2026-02-26,109,1491.4,Em Aberto,17.0,Sudeste
CONTR_2026_08655,Vertice Asset e Cobranca,2026-03-21,98,1355.72,Em Aberto,40.0,Nordeste
CONTR_2026_08656,Vertice Asset e Cobranca,2026-03-14,53,7218.11,Em Aberto,35.0,Nordeste
CONTR_2026_08657,Nexus Mediacao Financeira,2026-04-05,124,2605.0,Em Aberto,82.0,Sudeste
CONTR_2026_08658,Fenix Recuperacao de Credito,2026-01-17,128,10939.33,Ajuizado,57.0,Nordeste
CONTR_2026_08659,Fenix Recuperacao de Credito,2026-02-28,80,11922.57,Acordo Firmado,85.0,Sudeste
CONTR_2026_08660,Acerta Credito Integrado,2026-01-31,65,3400.96,Insucesso,25.0,Nordeste
CONTR_2026_08661,Vertice Asset e Cobranca,2026-03-05,112,2283.48,Acordo Firmado,95.0,Nordeste
CONTR_2026_08662,Vertice Asset e Cobranca,2026-02-17,35,4653.87,Acordo Firmado,15.0,Sudeste
CONTR_2026_08663,Fenix Recuperacao de Credito,2026-01-23,101,9658.89,Em Aberto,19.0,Nordeste
CONTR_2026_08664,Vertice Asset e Cobranca,2026-03-11,134,6974.2,Em Aberto,51.0,Nordeste
CONTR_2026_08665,Nexus Mediacao Financeira,2026-01-30,78,1330.4,Insucesso,13.0,Sudeste
CONTR_2026_08666,Nexus Mediacao Financeira,2026-02-24,97,1235.88,Acordo Firmado,96.0,Nordeste
CONTR_2026_08667,Acerta Credito Integrado,2026-01-07,93,1804.08,Em Aberto,95.0,Sudeste
CONTR_2026_08668,Fenix Recuperacao de Credito,2026-04-30,121,3253.2,Em Aberto,78.0,Norte
CONTR_2026_08669,Vertice Asset e Cobranca,2026-04-22,93,5048.87,Acordo Firmado,25.0,Sul
CONTR_2026_08670,Acerta Credito Integrado,2026-04-14,79,9707.35,Acordo Firmado,83.0,Centro-Oeste
CONTR_2026_08671,Fenix Recuperacao de Credito,2026-04-16,44,1970.38,Em Aberto,23.0,Nordeste
CONTR_2026_08672,Fenix Recuperacao de Credito,2026-04-20,92,2027.2,Em Aberto,83.0,Sudeste
CONTR_2026_08673,Vertice Asset e Cobranca,2026-03-16,87,11161.93,Em Aberto,81.0,Sudeste
CONTR_2026_08674,Fenix Recuperacao de Credito,2026-04-08,28,14086.75,Ajuizado,59.0,Sul
CONTR_2026_08675,Fenix Recuperacao de Credito,2026-01-12,59,5206.89,Em Aberto,16.0,Sudeste
CONTR_2026_08676,Vertice Asset e Cobranca,2026-03-01,72,8883.09,Acordo Firmado,96.0,Nordeste
CONTR_2026_08677,Fenix Recuperacao de Credito,2026-04-26,72,3297.85,Em Aberto,95.0,Nordeste
CONTR_2026_08678,Acerta Credito Integrado,2026-02-21,89,15818.63,Ajuizado,51.0,Sul
CONTR_2026_08679,Nexus Mediacao Financeira,2026-04-19,86,12963.1,Insucesso,10.0,Sudeste
CONTR_2026_08680,Fenix Recuperacao de Credito,2026-04-21,88,10672.45,Acordo Firmado,72.0,Nordeste
CONTR_2026_08681,Fenix Recuperacao de Credito,2026-01-27,157,1265.33,Acordo Firmado,55.0,Sul
CONTR_2026_08682,Acerta Credito Integrado,2026-01-12,76,4904.32,Em Aberto,62.0,Nordeste
CONTR_2026_08683,Fenix Recuperacao de Credito,2026-01-13,63,1335.12,Insucesso,45.0,Sudeste
CONTR_2026_08684,Nexus Mediacao Financeira,2026-03-13,137,6857.42,Acordo Firmado,66.0,Nordeste
CONTR_2026_08685,Vertice Asset e Cobranca,2026-03-21,133,2213.3,Acordo Firmado,25.0,Sudeste
CONTR_2026_08686,Nexus Mediacao Financeira,2026-03-03,57,6301.04,Em Aberto,58.0,Sudeste
CONTR_2026_08687,Vertice Asset e Cobranca,2026-01-29,126,1715.47,Em Aberto,91.0,Norte
CONTR_2026_08688,Fenix Recuperacao de Credito,2026-02-04,34,8265.58,Em Aberto,64.0,Nordeste
CONTR_2026_08689,Fenix Recuperacao de Credito,2026-03-01,176,7681.32,Acordo Firmado,44.0,Sul
CONTR_2026_08690,Fenix Recuperacao de Credito,2026-01-29,143,1223.1,Em Aberto,24.0,Norte
CONTR_2026_08691,Vertice Asset e Cobranca,2026-01-31,105,9052.36,Em Aberto,51.0,Nordeste
CONTR_2026_08692,Nexus Mediacao Financeira,2026-03-18,115,2094.36,Em Aberto,63.0,Nordeste
CONTR_2026_08693,Vertice Asset e Cobranca,2026-03-17,103,1778.68,Acordo Firmado,24.0,Norte
CONTR_2026_08694,Fenix Recuperacao de Credito,2026-04-25,70,4668.21,Acordo Firmado,51.0,Sudeste
CONTR_2026_08695,Nexus Mediacao Financeira,2026-03-02,125,5659.1,Em Aberto,20.0,Sul
CONTR_2026_08696,Nexus Mediacao Financeira,2026-01-02,130,1744.09,Em Aberto,32.0,Sul
CONTR_2026_08697,Vertice Asset e Cobranca,2026-02-02,68,3017.41,Insucesso,34.0,Nordeste
CONTR_2026_08698,Nexus Mediacao Financeira,2026-03-13,89,3819.51,Em Aberto,93.0,Nordeste
CONTR_2026_08699,Vertice Asset e Cobranca,2026-03-03,53,15577.85,Em Aberto,52.0,Sul
CONTR_2026_08700,Nexus Mediacao Financeira,2026-04-15,88,2647.23,Insucesso,38.0,Sudeste
CONTR_2026_08701,Fenix Recuperacao de Credito,2026-02-28,81,2708.82,Em Aberto,14.0,Sudeste
CONTR_2026_08702,Acerta Credito Integrado,2026-02-09,127,6585.16,Em Aberto,24.0,Sudeste
CONTR_2026_08703,Vertice Asset e Cobranca,2026-04-27,138,7694.21,Em Aberto,99.0,Nordeste
CONTR_2026_08704,Fenix Recuperacao de Credito,2026-02-18,58,1254.41,Em Aberto,83.0,Nordeste
CONTR_2026_08705,Vertice Asset e Cobranca,2026-04-15,113,1919.53,Ajuizado,72.0,Nordeste
CONTR_2026_08706,Nexus Mediacao Financeira,2026-02-01,116,3413.43,Em Aberto,8.0,Nordeste
CONTR_2026_08707,Acerta Credito Integrado,2026-02-07,37,6198.51,Acordo Firmado,51.0,Sul
CONTR_2026_08708,Nexus Mediacao Financeira,2026-04-02,118,1920.04,Em Aberto,75.0,Nordeste
CONTR_2026_08709,Fenix Recuperacao de Credito,2026-03-20,45,3407.66,Acordo Firmado,43.0,Sudeste
CONTR_2026_08710,Acerta Credito Integrado,2026-03-28,74,1618.01,Insucesso,55.0,Sudeste
CONTR_2026_08711,Acerta Credito Integrado,2026-03-29,62,5432.82,Acordo Firmado,77.0,Sudeste
CONTR_2026_08712,Vertice Asset e Cobranca,2026-01-13,42,3978.81,Em Aberto,27.0,Nordeste
CONTR_2026_08713,Nexus Mediacao Financeira,2026-03-26,123,8957.76,Em Aberto,24.0,Sudeste
CONTR_2026_08714,Vertice Asset e Cobranca,2026-02-23,61,5465.27,Em Aberto,92.0,Sudeste
CONTR_2026_08715,Acerta Credito Integrado,2026-03-17,78,6580.94,Em Aberto,67.0,Nordeste
CONTR_2026_08716,Acerta Credito Integrado,2026-01-13,89,6760.89,Ajuizado,6.0,Nordeste
CONTR_2026_08717,Nexus Mediacao Financeira,2026-02-08,112,5653.22,Em Aberto,66.0,Centro-Oeste
CONTR_2026_08718,Nexus Mediacao Financeira,2026-01-23,60,1281.11,Acordo Firmado,97.0,Sudeste
CONTR_2026_08719,Acerta Credito Integrado,2026-04-24,104,10120.72,Em Aberto,16.0,Nordeste
CONTR_2026_08720,Vertice Asset e Cobranca,2026-04-20,83,13626.51,Em Aberto,57.0,Sudeste
CONTR_2026_08721,Vertice Asset e Cobranca,2026-04-17,59,5020.43,Insucesso,62.0,Sul
CONTR_2026_08722,Acerta Credito Integrado,2026-04-02,120,1794.81,Acordo Firmado,51.0,Nordeste
CONTR_2026_08723,Fenix Recuperacao de Credito,2026-01-14,152,6516.73,Em Aberto,85.0,Centro-Oeste
CONTR_2026_08724,Vertice Asset e Cobranca,2026-01-17,96,3460.66,Em Aberto,65.0,Sul
CONTR_2026_08725,Acerta Credito Integrado,2026-01-24,71,1580.52,Insucesso,18.0,Sudeste
CONTR_2026_08726,Acerta Credito Integrado,2026-04-27,67,10827.84,Acordo Firmado,80.0,Norte
CONTR_2026_08727,Vertice Asset e Cobranca,2026-02-27,114,7419.0,Insucesso,38.0,Nordeste
CONTR_2026_08728,Fenix Recuperacao de Credito,2026-03-04,90,9369.3,Em Aberto,18.0,Sul
CONTR_2026_08729,Vertice Asset e Cobranca,2026-02-03,58,9151.28,Insucesso,14.0,Sudeste
CONTR_2026_08730,Vertice Asset e Cobranca,2026-02-20,39,3413.33,Acordo Firmado,26.0,Sudeste
CONTR_2026_08731,Fenix Recuperacao de Credito,2026-04-22,101,4490.96,Em Aberto,70.0,Sudeste
CONTR_2026_08732,Acerta Credito Integrado,2026-03-27,52,2530.61,Acordo Firmado,11.0,Nordeste
CONTR_2026_08733,Vertice Asset e Cobranca,2026-01-10,77,8230.37,Acordo Firmado,2.0,Nordeste
CONTR_2026_08734,Vertice Asset e Cobranca,2026-04-28,138,4911.29,Insucesso,25.0,Sudeste
CONTR_2026_08735,Vertice Asset e Cobranca,2026-03-13,65,6449.19,Em Aberto,67.0,Centro-Oeste
CONTR_2026_08736,Vertice Asset e Cobranca,2026-01-21,121,3405.12,Acordo Firmado,61.0,Nordeste
CONTR_2026_08737,Vertice Asset e Cobranca,2026-02-06,59,6884.41,Acordo Firmado,40.0,Nordeste
CONTR_2026_08738,Fenix Recuperacao de Credito,2026-01-07,116,6761.6,Em Aberto,30.0,Nordeste
CONTR_2026_08739,Fenix Recuperacao de Credito,2026-03-31,107,8551.83,Acordo Firmado,9.0,Sudeste
CONTR_2026_08740,Nexus Mediacao Financeira,2026-01-13,104,2044.68,Em Aberto,30.0,Sudeste
CONTR_2026_08741,Nexus Mediacao Financeira,2026-03-21,71,6086.42,Em Aberto,21.0,Nordeste
CONTR_2026_08742,Vertice Asset e Cobranca,2026-01-30,109,11779.55,Acordo Firmado,86.0,Nordeste
CONTR_2026_08743,Vertice Asset e Cobranca,2026-01-31,101,1694.47,Em Aberto,45.0,Sudeste
CONTR_2026_08744,Fenix Recuperacao de Credito,2026-01-05,146,17388.6,Acordo Firmado,12.0,Sudeste
CONTR_2026_08745,Nexus Mediacao Financeira,2026-02-01,71,2364.6,Em Aberto,42.0,Centro-Oeste
CONTR_2026_08746,Nexus Mediacao Financeira,2026-01-16,128,14987.23,Acordo Firmado,53.0,Sudeste
CONTR_2026_08747,Fenix Recuperacao de Credito,2026-04-21,62,11325.52,Insucesso,30.0,Sudeste
CONTR_2026_08748,Fenix Recuperacao de Credito,2026-03-14,82,8552.47,Acordo Firmado,46.0,Sul
CONTR_2026_08749,Fenix Recuperacao de Credito,2026-01-22,70,2375.03,Insucesso,70.0,Norte
CONTR_2026_08750,Fenix Recuperacao de Credito,2026-03-05,75,2419.53,Em Aberto,91.0,Centro-Oeste
CONTR_2026_08751,Nexus Mediacao Financeira,2026-04-29,85,2700.83,Acordo Firmado,98.0,Sul
CONTR_2026_08752,Fenix Recuperacao de Credito,2026-02-13,133,9515.68,Acordo Firmado,79.0,Sudeste
CONTR_2026_08753,Vertice Asset e Cobranca,2026-02-09,103,2239.36,Acordo Firmado,60.0,Sudeste
CONTR_2026_08754,Fenix Recuperacao de Credito,2026-04-19,127,5547.52,Acordo Firmado,55.0,Nordeste
CONTR_2026_08755,Vertice Asset e Cobranca,2026-02-06,90,8714.79,Em Aberto,54.0,Sudeste
CONTR_2026_08756,Acerta Credito Integrado,2026-03-19,128,4286.77,Insucesso,30.0,Nordeste
CONTR_2026_08757,Fenix Recuperacao de Credito,2026-01-16,96,10386.28,Acordo Firmado,79.0,Sudeste
CONTR_2026_08758,Vertice Asset e Cobranca,2026-02-12,66,5328.86,Acordo Firmado,59.0,Sudeste
CONTR_2026_08759,Fenix Recuperacao de Credito,2026-03-25,121,5720.89,Acordo Firmado,36.0,Nordeste
CONTR_2026_08760,Vertice Asset e Cobranca,2026-03-04,134,6847.16,Acordo Firmado,58.0,Nordeste
CONTR_2026_08761,Fenix Recuperacao de Credito,2026-04-18,109,10553.33,Acordo Firmado,57.0,Sudeste
CONTR_2026_08762,Nexus Mediacao Financeira,2026-01-15,114,1223.22,Em Aberto,93.0,Sudeste
CONTR_2026_08763,Nexus Mediacao Financeira,2026-04-30,128,3692.47,Em Aberto,7.0,Sudeste
CONTR_2026_08764,Acerta Credito Integrado,2026-02-13,81,17683.04,Em Aberto,79.0,Nordeste
CONTR_2026_08765,Fenix Recuperacao de Credito,2026-03-31,68,1719.43,Acordo Firmado,52.0,Sudeste
CONTR_2026_08766,Acerta Credito Integrado,2026-01-09,100,2529.27,Em Aberto,51.0,Centro-Oeste
CONTR_2026_08767,Acerta Credito Integrado,2026-03-06,141,5430.69,Acordo Firmado,93.0,Norte
CONTR_2026_08768,Fenix Recuperacao de Credito,2026-04-09,99,10955.41,Acordo Firmado,14.0,Nordeste
CONTR_2026_08769,Vertice Asset e Cobranca,2026-02-13,108,1711.29,Ajuizado,74.0,Centro-Oeste
CONTR_2026_08770,Fenix Recuperacao de Credito,2026-01-20,92,1220.19,Em Aberto,24.0,Sudeste
CONTR_2026_08771,Vertice Asset e Cobranca,2026-04-19,98,7008.11,Acordo Firmado,38.0,Sul
CONTR_2026_08772,Vertice Asset e Cobranca,2026-04-29,74,5747.84,Insucesso,2.0,Nordeste
CONTR_2026_08773,Nexus Mediacao Financeira,2026-03-11,106,2780.82,Em Aberto,71.0,Sul
CONTR_2026_08774,Vertice Asset e Cobranca,2026-04-16,116,17004.79,Acordo Firmado,35.0,Nordeste
CONTR_2026_08775,Fenix Recuperacao de Credito,2026-03-15,44,5295.25,Insucesso,51.0,Sudeste
CONTR_2026_08776,Fenix Recuperacao de Credito,2026-04-22,44,6644.5,Acordo Firmado,40.0,Sudeste
CONTR_2026_08777,Vertice Asset e Cobranca,2026-02-02,37,3580.37,Em Aberto,50.0,Sudeste
CONTR_2026_08778,Fenix Recuperacao de Credito,2026-03-21,134,13928.9,Em Aberto,26.0,Nordeste
CONTR_2026_08779,Acerta Credito Integrado,2026-04-10,62,2815.35,Em Aberto,96.0,Sudeste
CONTR_2026_08780,Vertice Asset e Cobranca,2026-01-06,100,8107.28,Insucesso,15.0,Sul
CONTR_2026_08781,Fenix Recuperacao de Credito,2026-03-24,143,1820.26,Insucesso,86.0,Sul
CONTR_2026_08782,Acerta Credito Integrado,2026-01-31,99,5058.64,Acordo Firmado,87.0,Sudeste
CONTR_2026_08783,Vertice Asset e Cobranca,2026-03-07,105,5511.26,Insucesso,10.0,Nordeste
CONTR_2026_08784,Nexus Mediacao Financeira,2026-01-18,64,2243.45,Em Aberto,89.0,Sudeste
CONTR_2026_08785,Nexus Mediacao Financeira,2026-04-16,99,3156.16,Em Aberto,27.0,Sudeste
CONTR_2026_08786,Vertice Asset e Cobranca,2026-01-28,60,2184.32,Acordo Firmado,26.0,Centro-Oeste
CONTR_2026_08787,Vertice Asset e Cobranca,2026-03-09,32,10522.49,Insucesso,18.0,Sudeste
CONTR_2026_08788,Acerta Credito Integrado,2026-03-06,91,6552.88,Acordo Firmado,65.0,Sul
CONTR_2026_08789,Fenix Recuperacao de Credito,2026-04-21,99,4156.87,Insucesso,66.0,Nordeste
CONTR_2026_08790,Nexus Mediacao Financeira,2026-04-16,74,5259.43,Acordo Firmado,32.0,Sul
CONTR_2026_08791,Acerta Credito Integrado,2026-04-24,67,3308.29,Em Aberto,95.0,Sudeste
CONTR_2026_08792,Fenix Recuperacao de Credito,2026-03-21,83,3999.55,Insucesso,76.0,Sudeste
CONTR_2026_08793,Fenix Recuperacao de Credito,2026-02-14,68,6029.66,Em Aberto,77.0,Nordeste
CONTR_2026_08794,Acerta Credito Integrado,2026-02-27,112,2387.98,Em Aberto,59.0,Nordeste
CONTR_2026_08795,Vertice Asset e Cobranca,2026-02-16,103,1919.91,Acordo Firmado,63.0,Sudeste
CONTR_2026_08796,Vertice Asset e Cobranca,2026-03-07,138,15653.16,Em Aberto,93.0,Centro-Oeste
CONTR_2026_08797,Fenix Recuperacao de Credito,2026-02-21,79,2551.53,Acordo Firmado,59.0,Nordeste
CONTR_2026_08798,Nexus Mediacao Financeira,2026-02-05,92,4618.21,Em Aberto,3.0,Nordeste
CONTR_2026_08799,Fenix Recuperacao de Credito,2026-01-01,95,8367.4,Acordo Firmado,68.0,Norte
CONTR_2026_08800,Vertice Asset e Cobranca,2026-02-08,78,5260.59,Acordo Firmado,16.0,Nordeste
CONTR_2026_08801,Acerta Credito Integrado,2026-03-28,30,6237.57,Em Aberto,63.0,Sudeste
CONTR_2026_08802,Vertice Asset e Cobranca,2026-03-31,103,2092.24,Insucesso,10.0,Sudeste
CONTR_2026_08803,Vertice Asset e Cobranca,2026-03-16,160,3712.04,Acordo Firmado,14.0,Sudeste
CONTR_2026_08804,Vertice Asset e Cobranca,2026-04-16,119,7059.73,Ajuizado,51.0,Nordeste
CONTR_2026_08805,Nexus Mediacao Financeira,2026-01-01,148,2377.26,Em Aberto,83.0,Sudeste
CONTR_2026_08806,Acerta Credito Integrado,2026-03-16,116,4503.95,Em Aberto,43.0,Nordeste
CONTR_2026_08807,Vertice Asset e Cobranca,2026-03-29,85,5648.85,Insucesso,94.0,Nordeste
CONTR_2026_08808,Acerta Credito Integrado,2026-03-15,108,8987.38,Em Aberto,68.0,Nordeste
CONTR_2026_08809,Fenix Recuperacao de Credito,2026-01-14,122,2418.91,Em Aberto,62.0,Sudeste
CONTR_2026_08810,Fenix Recuperacao de Credito,2026-03-19,41,20304.5,Acordo Firmado,100.0,Nordeste
CONTR_2026_08811,Fenix Recuperacao de Credito,2026-03-12,103,18321.26,Acordo Firmado,62.0,Nordeste
CONTR_2026_08812,Vertice Asset e Cobranca,2026-01-23,87,1261.85,Acordo Firmado,32.0,Nordeste
CONTR_2026_08813,Acerta Credito Integrado,2026-02-12,134,3494.15,Acordo Firmado,91.0,Nordeste
CONTR_2026_08814,Vertice Asset e Cobranca,2026-01-22,101,1551.25,Em Aberto,23.0,Sudeste
CONTR_2026_08815,Nexus Mediacao Financeira,2026-03-01,16,3108.11,Acordo Firmado,83.0,Nordeste
CONTR_2026_08816,Acerta Credito Integrado,2026-04-10,103,5870.53,Em Aberto,34.0,Sul
CONTR_2026_08817,Nexus Mediacao Financeira,2026-01-27,28,5891.87,Acordo Firmado,75.0,Sul
CONTR_2026_08818,Vertice Asset e Cobranca,2026-02-25,128,1708.3,Acordo Firmado,19.0,Sul
CONTR_2026_08819,Nexus Mediacao Financeira,2026-01-02,66,6852.35,Em Aberto,23.0,Sul
CONTR_2026_08820,Vertice Asset e Cobranca,2026-02-08,56,10565.03,Em Aberto,44.0,Sudeste
CONTR_2026_08821,Fenix Recuperacao de Credito,2026-02-20,66,6187.02,Em Aberto,51.0,Sudeste
CONTR_2026_08822,Vertice Asset e Cobranca,2026-04-20,63,3055.07,Insucesso,40.0,Nordeste
CONTR_2026_08823,Fenix Recuperacao de Credito,2026-01-19,85,1212.49,Acordo Firmado,56.0,Sudeste
CONTR_2026_08824,Fenix Recuperacao de Credito,2026-03-03,64,6426.43,Acordo Firmado,72.0,Nordeste
CONTR_2026_08825,Acerta Credito Integrado,2026-03-12,80,6862.2,Em Aberto,9.0,Nordeste
CONTR_2026_08826,Vertice Asset e Cobranca,2026-03-17,43,7367.85,Em Aberto,14.0,Nordeste
CONTR_2026_08827,Nexus Mediacao Financeira,2026-03-08,82,1400.26,Acordo Firmado,58.0,Sul
CONTR_2026_08828,Vertice Asset e Cobranca,2026-03-04,132,4832.98,Ajuizado,63.0,Sul
CONTR_2026_08829,Vertice Asset e Cobranca,2026-04-21,76,3867.33,Em Aberto,99.0,Sudeste
CONTR_2026_08830,Vertice Asset e Cobranca,2026-01-05,108,8491.06,Insucesso,34.0,Sudeste
CONTR_2026_08831,Vertice Asset e Cobranca,2026-03-13,52,7613.08,Insucesso,65.0,Sudeste
CONTR_2026_08832,Vertice Asset e Cobranca,2026-03-19,107,16245.18,Insucesso,32.0,Nordeste
CONTR_2026_08833,Acerta Credito Integrado,2026-03-02,124,12589.95,Em Aberto,8.0,Nordeste
CONTR_2026_08834,Nexus Mediacao Financeira,2026-04-10,132,5282.3,Acordo Firmado,23.0,Sudeste
CONTR_2026_08835,Fenix Recuperacao de Credito,2026-03-12,96,20880.02,Ajuizado,32.0,Sudeste
CONTR_2026_08836,Fenix Recuperacao de Credito,2026-01-07,110,2013.85,Ajuizado,38.0,Sul
CONTR_2026_08837,Nexus Mediacao Financeira,2026-02-19,51,1235.92,Em Aberto,99.0,Nordeste
CONTR_2026_08838,Nexus Mediacao Financeira,2026-02-15,78,1770.51,Insucesso,22.0,Nordeste
CONTR_2026_08839,Fenix Recuperacao de Credito,2026-04-06,65,3393.39,Acordo Firmado,27.0,Sudeste
CONTR_2026_08840,Fenix Recuperacao de Credito,2026-03-13,99,8237.78,Insucesso,85.0,Sudeste
CONTR_2026_08841,Nexus Mediacao Financeira,2026-03-17,74,3614.97,Em Aberto,61.0,Sul
CONTR_2026_08842,Acerta Credito Integrado,2026-03-15,110,8784.34,Acordo Firmado,52.0,Nordeste
CONTR_2026_08843,Fenix Recuperacao de Credito,2026-01-14,164,7989.2,Acordo Firmado,29.0,Norte
CONTR_2026_08844,Acerta Credito Integrado,2026-03-14,108,9107.89,Acordo Firmado,13.0,Nordeste
CONTR_2026_08845,Fenix Recuperacao de Credito,2026-04-12,132,2236.8,Em Aberto,37.0,Nordeste
CONTR_2026_08846,Acerta Credito Integrado,2026-04-04,54,4828.7,Em Aberto,42.0,Sul
CONTR_2026_08847,Fenix Recuperacao de Credito,2026-03-10,87,7436.0,Insucesso,45.0,Sul
CONTR_2026_08848,Nexus Mediacao Financeira,2026-03-06,96,2871.6,Em Aberto,42.0,Sudeste
CONTR_2026_08849,Vertice Asset e Cobranca,2026-03-06,91,10301.61,Acordo Firmado,34.0,Nordeste
CONTR_2026_08850,Fenix Recuperacao de Credito,2026-02-26,145,8755.03,Insucesso,34.0,Centro-Oeste
CONTR_2026_08851,Fenix Recuperacao de Credito,2026-03-03,67,1838.47,Acordo Firmado,74.0,Sudeste
CONTR_2026_08852,Vertice Asset e Cobranca,2026-01-20,99,2428.79,Acordo Firmado,79.0,Sul
CONTR_2026_08853,Fenix Recuperacao de Credito,2026-04-23,17,2554.93,Acordo Firmado,27.0,Sudeste
CONTR_2026_08854,Nexus Mediacao Financeira,2026-03-16,102,11738.24,Acordo Firmado,80.0,Nordeste
CONTR_2026_08855,Vertice Asset e Cobranca,2026-01-26,105,2233.44,Em Aberto,42.0,Sul
CONTR_2026_08856,Fenix Recuperacao de Credito,2026-02-13,88,6065.58,Ajuizado,26.0,Sul
CONTR_2026_08857,Fenix Recuperacao de Credito,2026-03-08,101,1535.57,Acordo Firmado,52.0,Sul
CONTR_2026_08858,Fenix Recuperacao de Credito,2026-03-11,73,5220.45,Em Aberto,27.0,Sul
CONTR_2026_08859,Nexus Mediacao Financeira,2026-03-03,53,1961.4,Insucesso,51.0,Nordeste
CONTR_2026_08860,Nexus Mediacao Financeira,2026-04-17,60,5484.17,Em Aberto,68.0,Nordeste
CONTR_2026_08861,Nexus Mediacao Financeira,2026-02-14,64,3492.71,Acordo Firmado,61.0,Sudeste
CONTR_2026_08862,Acerta Credito Integrado,2026-01-11,51,5853.0,Em Aberto,34.0,Sudeste
CONTR_2026_08863,Acerta Credito Integrado,2026-03-13,50,3708.03,Acordo Firmado,51.0,Sudeste
CONTR_2026_08864,Nexus Mediacao Financeira,2026-04-03,65,10830.86,Em Aberto,3.0,Sul
CONTR_2026_08865,Fenix Recuperacao de Credito,2026-03-15,79,8273.01,Acordo Firmado,25.0,Nordeste
CONTR_2026_08866,Nexus Mediacao Financeira,2026-02-03,93,10512.05,Acordo Firmado,25.0,Sul
CONTR_2026_08867,Vertice Asset e Cobranca,2026-03-29,53,2455.48,Ajuizado,65.0,Nordeste
CONTR_2026_08868,Nexus Mediacao Financeira,2026-02-15,61,2005.63,Acordo Firmado,76.0,Nordeste
CONTR_2026_08869,Nexus Mediacao Financeira,2026-04-22,71,5274.71,Acordo Firmado,82.0,Nordeste
CONTR_2026_08870,Vertice Asset e Cobranca,2026-03-22,103,11511.28,Acordo Firmado,37.0,Sudeste
CONTR_2026_08871,Fenix Recuperacao de Credito,2026-02-01,54,1786.18,Acordo Firmado,13.0,Sudeste
CONTR_2026_08872,Fenix Recuperacao de Credito,2026-03-16,74,2532.14,Ajuizado,82.0,Sudeste
CONTR_2026_08873,Nexus Mediacao Financeira,2026-04-08,119,8052.07,Em Aberto,15.0,Nordeste
CONTR_2026_08874,Fenix Recuperacao de Credito,2026-03-29,66,4330.82,Insucesso,6.0,Sudeste
CONTR_2026_08875,Fenix Recuperacao de Credito,2026-04-29,52,5824.93,Em Aberto,39.0,Sul
CONTR_2026_08876,Fenix Recuperacao de Credito,2026-01-05,87,5679.43,Em Aberto,13.0,Sudeste
CONTR_2026_08877,Fenix Recuperacao de Credito,2026-03-04,65,3858.16,Em Aberto,76.0,Centro-Oeste
CONTR_2026_08878,Vertice Asset e Cobranca,2026-01-29,15,7315.82,Acordo Firmado,74.0,Nordeste
CONTR_2026_08879,Vertice Asset e Cobranca,2026-02-17,95,10761.82,Em Aberto,26.0,Sudeste
CONTR_2026_08880,Fenix Recuperacao de Credito,2026-04-22,116,13116.65,Em Aberto,27.0,Sul
CONTR_2026_08881,Nexus Mediacao Financeira,2026-04-08,89,1437.62,Em Aberto,22.0,Sudeste
CONTR_2026_08882,Vertice Asset e Cobranca,2026-01-16,121,5232.77,Insucesso,97.0,Nordeste
CONTR_2026_08883,Fenix Recuperacao de Credito,2026-01-25,109,1406.05,Ajuizado,80.0,Sudeste
CONTR_2026_08884,Vertice Asset e Cobranca,2026-04-11,64,12759.65,Ajuizado,65.0,Sul
CONTR_2026_08885,Acerta Credito Integrado,2026-03-13,151,4004.16,Acordo Firmado,43.0,Nordeste
CONTR_2026_08886,Nexus Mediacao Financeira,2026-01-29,99,12739.27,Insucesso,43.0,Nordeste
CONTR_2026_08887,Acerta Credito Integrado,2026-02-21,102,2239.33,Em Aberto,65.0,Sudeste
CONTR_2026_08888,Nexus Mediacao Financeira,2026-02-15,60,2085.9,Em Aberto,11.0,Nordeste
CONTR_2026_08889,Vertice Asset e Cobranca,2026-01-25,43,13147.48,Em Aberto,86.0,Nordeste
CONTR_2026_08890,Fenix Recuperacao de Credito,2026-04-16,57,15133.49,Acordo Firmado,93.0,Sul
CONTR_2026_08891,Vertice Asset e Cobranca,2026-01-23,117,8479.07,Em Aberto,51.0,Nordeste
CONTR_2026_08892,Acerta Credito Integrado,2026-02-03,141,2455.31,Em Aberto,67.0,Sudeste
CONTR_2026_08893,Vertice Asset e Cobranca,2026-03-08,98,2143.62,Em Aberto,51.0,Nordeste
CONTR_2026_08894,Vertice Asset e Cobranca,2026-04-04,92,8091.89,Ajuizado,77.0,Centro-Oeste
CONTR_2026_08895,Fenix Recuperacao de Credito,2026-04-24,119,6236.2,Insucesso,58.0,Sudeste
CONTR_2026_08896,Fenix Recuperacao de Credito,2026-04-27,131,11481.62,Insucesso,11.0,Norte
CONTR_2026_08897,Vertice Asset e Cobranca,2026-02-03,46,2820.43,Em Aberto,50.0,Centro-Oeste
CONTR_2026_08898,Nexus Mediacao Financeira,2026-02-01,138,2950.32,Em Aberto,72.0,Centro-Oeste
CONTR_2026_08899,Fenix Recuperacao de Credito,2026-04-27,78,7777.15,Acordo Firmado,10.0,Nordeste
CONTR_2026_08900,Fenix Recuperacao de Credito,2026-01-29,122,2758.98,Em Aberto,79.0,Sudeste
CONTR_2026_08901,Vertice Asset e Cobranca,2026-01-09,57,4302.99,Acordo Firmado,51.0,Sudeste
CONTR_2026_08902,Fenix Recuperacao de Credito,2026-03-07,121,4871.33,Insucesso,51.0,Sudeste
CONTR_2026_08903,Acerta Credito Integrado,2026-02-26,46,6730.97,Em Aberto,30.0,Nordeste
CONTR_2026_08904,Acerta Credito Integrado,2026-02-08,123,3310.9,Acordo Firmado,36.0,Nordeste
CONTR_2026_08905,Nexus Mediacao Financeira,2026-01-07,109,10971.52,Em Aberto,30.0,Nordeste
CONTR_2026_08906,Nexus Mediacao Financeira,2026-04-20,42,3773.57,Insucesso,56.0,Sudeste
CONTR_2026_08907,Nexus Mediacao Financeira,2026-03-10,128,1411.27,Em Aberto,95.0,Sudeste
CONTR_2026_08908,Nexus Mediacao Financeira,2026-01-08,60,1546.76,Acordo Firmado,69.0,Sul
CONTR_2026_08909,Nexus Mediacao Financeira,2026-04-06,124,19002.14,Em Aberto,19.0,Sul
CONTR_2026_08910,Vertice Asset e Cobranca,2026-04-29,94,6064.87,Ajuizado,49.0,Nordeste
CONTR_2026_08911,Acerta Credito Integrado,2026-04-28,52,4575.83,Em Aberto,98.0,Nordeste
CONTR_2026_08912,Acerta Credito Integrado,2026-01-18,59,11388.84,Acordo Firmado,77.0,Nordeste
CONTR_2026_08913,Acerta Credito Integrado,2026-04-12,207,7509.51,Acordo Firmado,62.0,Centro-Oeste
CONTR_2026_08914,Fenix Recuperacao de Credito,2026-04-20,159,2200.75,Em Aberto,61.0,Nordeste
CONTR_2026_08915,Fenix Recuperacao de Credito,2026-03-23,83,1236.6,Em Aberto,25.0,Nordeste
CONTR_2026_08916,Vertice Asset e Cobranca,2026-02-18,102,21323.24,Insucesso,78.0,Norte
CONTR_2026_08917,Nexus Mediacao Financeira,2026-04-15,126,6160.68,Em Aberto,11.0,Nordeste
CONTR_2026_08918,Acerta Credito Integrado,2026-04-19,51,4441.58,Acordo Firmado,30.0,Nordeste
CONTR_2026_08919,Vertice Asset e Cobranca,2026-01-16,110,15670.95,Ajuizado,71.0,Nordeste
CONTR_2026_08920,Nexus Mediacao Financeira,2026-01-21,119,3503.89,Acordo Firmado,66.0,Nordeste
CONTR_2026_08921,Nexus Mediacao Financeira,2026-01-10,100,7610.62,Em Aberto,35.0,Sul
CONTR_2026_08922,Fenix Recuperacao de Credito,2026-04-16,131,6745.04,Acordo Firmado,43.0,Sudeste
CONTR_2026_08923,Nexus Mediacao Financeira,2026-01-04,94,6850.85,Em Aberto,67.0,Nordeste
CONTR_2026_08924,Acerta Credito Integrado,2026-02-13,123,6852.57,Acordo Firmado,97.0,Norte
CONTR_2026_08925,Fenix Recuperacao de Credito,2026-01-08,97,1252.41,Acordo Firmado,51.0,Sudeste
CONTR_2026_08926,Nexus Mediacao Financeira,2026-04-21,43,9894.94,Ajuizado,46.0,Sudeste
CONTR_2026_08927,Nexus Mediacao Financeira,2026-04-27,118,14016.76,Ajuizado,62.0,Sul
CONTR_2026_08928,Fenix Recuperacao de Credito,2026-02-24,129,4183.27,Insucesso,62.0,Sudeste
CONTR_2026_08929,Fenix Recuperacao de Credito,2026-01-19,85,5310.4,Insucesso,51.0,Centro-Oeste
CONTR_2026_08930,Vertice Asset e Cobranca,2026-04-21,49,3163.11,Insucesso,17.0,Sul
CONTR_2026_08931,Vertice Asset e Cobranca,2026-03-05,116,8887.26,Acordo Firmado,51.0,Sudeste
CONTR_2026_08932,Fenix Recuperacao de Credito,2026-02-09,99,7870.43,Acordo Firmado,28.0,Nordeste
CONTR_2026_08933,Fenix Recuperacao de Credito,2026-04-14,98,7906.62,Em Aberto,85.0,Sudeste
CONTR_2026_08934,Nexus Mediacao Financeira,2026-02-20,95,7838.67,Acordo Firmado,51.0,Sudeste
CONTR_2026_08935,Nexus Mediacao Financeira,2026-01-09,120,2432.98,Acordo Firmado,19.0,Sudeste
CONTR_2026_08936,Nexus Mediacao Financeira,2026-01-30,98,1796.86,Acordo Firmado,97.0,Nordeste
CONTR_2026_08937,Fenix Recuperacao de Credito,2026-02-25,75,3060.79,Em Aberto,57.0,Sudeste
CONTR_2026_08938,Acerta Credito Integrado,2026-03-22,41,5482.79,Insucesso,75.0,Sudeste
CONTR_2026_08939,Vertice Asset e Cobranca,2026-04-14,76,3750.16,Em Aberto,51.0,Sudeste
CONTR_2026_08940,Vertice Asset e Cobranca,2026-02-13,117,2633.39,Acordo Firmado,87.0,Nordeste
CONTR_2026_08941,Vertice Asset e Cobranca,2026-02-28,79,1312.7,Insucesso,7.0,Sul
CONTR_2026_08942,Vertice Asset e Cobranca,2026-01-15,117,1845.61,Em Aberto,8.0,Sudeste
CONTR_2026_08943,Acerta Credito Integrado,2026-03-09,47,1756.51,Acordo Firmado,30.0,Sudeste
CONTR_2026_08944,Fenix Recuperacao de Credito,2026-03-11,59,16891.0,Em Aberto,7.0,Nordeste
CONTR_2026_08945,Vertice Asset e Cobranca,2026-03-02,57,8744.0,Acordo Firmado,58.0,Nordeste
CONTR_2026_08946,Acerta Credito Integrado,2026-03-21,94,1854.83,Ajuizado,86.0,Sudeste
CONTR_2026_08947,Acerta Credito Integrado,2026-03-31,143,4348.15,Ajuizado,27.0,Nordeste
CONTR_2026_08948,Fenix Recuperacao de Credito,2026-04-11,157,6513.61,Ajuizado,40.0,Sul
CONTR_2026_08949,Fenix Recuperacao de Credito,2026-01-23,121,17425.26,Em Aberto,100.0,Sudeste
CONTR_2026_08950,Nexus Mediacao Financeira,2026-03-18,31,2766.46,Insucesso,51.0,Nordeste
CONTR_2026_08951,Vertice Asset e Cobranca,2026-02-16,67,2732.94,Em Aberto,19.0,Nordeste
CONTR_2026_08952,Acerta Credito Integrado,2026-01-17,15,5399.63,Em Aberto,91.0,Centro-Oeste
CONTR_2026_08953,Fenix Recuperacao de Credito,2026-02-26,94,10937.78,Insucesso,56.0,Sudeste
CONTR_2026_08954,Nexus Mediacao Financeira,2026-02-23,138,2839.89,Em Aberto,70.0,Sudeste
CONTR_2026_08955,Vertice Asset e Cobranca,2026-04-01,114,1872.37,Em Aberto,80.0,Sul
CONTR_2026_08956,Vertice Asset e Cobranca,2026-02-21,37,2747.12,Em Aberto,24.0,Sul
CONTR_2026_08957,Nexus Mediacao Financeira,2026-01-22,131,4180.71,Ajuizado,24.0,Nordeste
CONTR_2026_08958,Acerta Credito Integrado,2026-04-11,126,3431.07,Em Aberto,30.0,Sul
CONTR_2026_08959,Nexus Mediacao Financeira,2026-03-24,136,11074.07,Ajuizado,39.0,Norte
CONTR_2026_08960,Acerta Credito Integrado,2026-02-08,123,15518.74,Em Aberto,45.0,Nordeste
CONTR_2026_08961,Vertice Asset e Cobranca,2026-04-09,74,3577.69,Acordo Firmado,99.0,Nordeste
CONTR_2026_08962,Nexus Mediacao Financeira,2026-01-13,34,9869.94,Insucesso,49.0,Nordeste
CONTR_2026_08963,Vertice Asset e Cobranca,2026-03-19,125,1555.39,Em Aberto,35.0,Sudeste
CONTR_2026_08964,Fenix Recuperacao de Credito,2026-04-22,113,5233.86,Insucesso,20.0,Nordeste
CONTR_2026_08965,Nexus Mediacao Financeira,2026-04-05,30,10110.15,Em Aberto,51.0,Sudeste
CONTR_2026_08966,Nexus Mediacao Financeira,2026-04-19,61,3911.78,Acordo Firmado,75.0,Nordeste
CONTR_2026_08967,Nexus Mediacao Financeira,2026-03-07,61,1974.12,Em Aberto,19.0,Nordeste
CONTR_2026_08968,Acerta Credito Integrado,2026-04-20,111,2871.0,Acordo Firmado,40.0,Nordeste
CONTR_2026_08969,Nexus Mediacao Financeira,2026-02-21,89,4585.46,Acordo Firmado,89.0,Sudeste
CONTR_2026_08970,Fenix Recuperacao de Credito,2026-04-13,82,10473.41,Ajuizado,22.0,Sudeste
CONTR_2026_08971,Fenix Recuperacao de Credito,2026-04-11,77,8103.5,Acordo Firmado,65.0,Nordeste
CONTR_2026_08972,Nexus Mediacao Financeira,2026-01-14,56,1636.38,Insucesso,84.0,Sudeste
CONTR_2026_08973,Vertice Asset e Cobranca,2026-03-14,118,5150.02,Em Aberto,99.0,Nordeste
CONTR_2026_08974,Fenix Recuperacao de Credito,2026-03-15,68,11492.35,Em Aberto,23.0,Sudeste
CONTR_2026_08975,Vertice Asset e Cobranca,2026-03-04,124,5503.22,Em Aberto,24.0,Sudeste
CONTR_2026_08976,Nexus Mediacao Financeira,2026-03-12,48,1535.71,Em Aberto,39.0,Centro-Oeste
CONTR_2026_08977,Vertice Asset e Cobranca,2026-01-28,75,9861.43,Acordo Firmado,87.0,Sudeste
CONTR_2026_08978,Acerta Credito Integrado,2026-04-20,148,13063.41,Em Aberto,38.0,Sul
CONTR_2026_08979,Nexus Mediacao Financeira,2026-03-30,97,3664.84,Em Aberto,47.0,Nordeste
CONTR_2026_08980,Vertice Asset e Cobranca,2026-02-15,75,3056.31,Insucesso,7.0,Nordeste
CONTR_2026_08981,Acerta Credito Integrado,2026-01-28,71,5119.2,Acordo Firmado,44.0,Nordeste
CONTR_2026_08982,Nexus Mediacao Financeira,2026-01-02,63,21903.43,Em Aberto,73.0,Sul
CONTR_2026_08983,Nexus Mediacao Financeira,2026-01-17,103,10284.29,Em Aberto,93.0,Sudeste
CONTR_2026_08984,Nexus Mediacao Financeira,2026-02-28,116,9531.52,Em Aberto,41.0,Sudeste
CONTR_2026_08985,Fenix Recuperacao de Credito,2026-02-21,97,2273.05,Acordo Firmado,42.0,Nordeste
CONTR_2026_08986,Nexus Mediacao Financeira,2026-01-04,88,12476.86,Em Aberto,74.0,Nordeste
CONTR_2026_08987,Vertice Asset e Cobranca,2026-03-18,108,5259.04,Ajuizado,79.0,Sul
CONTR_2026_08988,Fenix Recuperacao de Credito,2026-03-23,47,13637.27,Acordo Firmado,48.0,Sudeste
CONTR_2026_08989,Acerta Credito Integrado,2026-01-03,101,6473.61,Ajuizado,72.0,Sudeste
CONTR_2026_08990,Nexus Mediacao Financeira,2026-04-25,103,10183.87,Insucesso,22.0,Sul
CONTR_2026_08991,Vertice Asset e Cobranca,2026-02-06,98,2104.77,Em Aberto,63.0,Sudeste
CONTR_2026_08992,Fenix Recuperacao de Credito,2026-04-07,73,7329.75,Acordo Firmado,84.0,Sul
CONTR_2026_08993,Vertice Asset e Cobranca,2026-04-15,66,2686.99,Acordo Firmado,57.0,Norte
CONTR_2026_08994,Vertice Asset e Cobranca,2026-01-24,50,2125.04,Acordo Firmado,82.0,Sudeste
CONTR_2026_08995,Vertice Asset e Cobranca,2026-03-13,134,5466.37,Em Aberto,56.0,Centro-Oeste
CONTR_2026_08996,Nexus Mediacao Financeira,2026-02-04,88,5815.84,Ajuizado,34.0,Sul
CONTR_2026_08997,Fenix Recuperacao de Credito,2026-01-02,77,4572.78,Insucesso,23.0,Sudeste
CONTR_2026_08998,Vertice Asset e Cobranca,2026-02-02,74,1666.29,Em Aberto,28.0,Sudeste
CONTR_2026_08999,Fenix Recuperacao de Credito,2026-03-17,61,2603.53,Em Aberto,41.0,Nordeste
CONTR_2026_09000,Fenix Recuperacao de Credito,2026-03-27,73,2542.35,Acordo Firmado,10.0,Nordeste
CONTR_2026_09001,Fenix Recuperacao de Credito,2026-03-18,126,3082.22,Ajuizado,52.0,Sudeste
CONTR_2026_09002,Nexus Mediacao Financeira,2026-01-10,107,6145.19,Acordo Firmado,51.0,Nordeste
CONTR_2026_09003,Acerta Credito Integrado,2026-03-22,114,4081.15,Em Aberto,23.0,Centro-Oeste
CONTR_2026_09004,Vertice Asset e Cobranca,2026-03-03,118,18470.64,Em Aberto,10.0,Nordeste
CONTR_2026_09005,Nexus Mediacao Financeira,2026-02-12,155,1279.85,Acordo Firmado,65.0,Norte
CONTR_2026_09006,Vertice Asset e Cobranca,2026-03-10,90,2416.12,Acordo Firmado,29.0,Sudeste
CONTR_2026_09007,Vertice Asset e Cobranca,2026-02-28,77,5459.63,Ajuizado,46.0,Nordeste
CONTR_2026_09008,Nexus Mediacao Financeira,2026-01-09,103,11773.87,Ajuizado,41.0,Centro-Oeste
CONTR_2026_09009,Vertice Asset e Cobranca,2026-03-18,109,1372.48,Em Aberto,69.0,Centro-Oeste
CONTR_2026_09010,Nexus Mediacao Financeira,2026-03-01,88,11954.09,Acordo Firmado,44.0,Sul
CONTR_2026_09011,Vertice Asset e Cobranca,2026-03-04,63,4739.0,Acordo Firmado,29.0,Sudeste
CONTR_2026_09012,Vertice Asset e Cobranca,2026-02-21,95,8896.84,Em Aberto,50.0,Nordeste
CONTR_2026_09013,Fenix Recuperacao de Credito,2026-01-23,106,16045.62,Ajuizado,20.0,Nordeste
CONTR_2026_09014,Fenix Recuperacao de Credito,2026-01-30,100,2412.93,Em Aberto,63.0,Norte
CONTR_2026_09015,Vertice Asset e Cobranca,2026-02-12,34,5632.57,Em Aberto,8.0,Nordeste
CONTR_2026_09016,Fenix Recuperacao de Credito,2026-04-29,42,11956.58,Acordo Firmado,89.0,Sudeste
CONTR_2026_09017,Fenix Recuperacao de Credito,2026-03-09,111,10502.68,Em Aberto,65.0,Sul
CONTR_2026_09018,Acerta Credito Integrado,2026-01-21,78,4879.9,Em Aberto,100.0,Sul
CONTR_2026_09019,Fenix Recuperacao de Credito,2026-02-12,156,16128.14,Acordo Firmado,44.0,Sudeste
CONTR_2026_09020,Nexus Mediacao Financeira,2026-03-14,130,7362.63,Em Aberto,16.0,Sudeste
CONTR_2026_09021,Vertice Asset e Cobranca,2026-01-07,51,4912.89,Em Aberto,69.0,Sudeste
CONTR_2026_09022,Acerta Credito Integrado,2026-01-16,120,1498.23,Acordo Firmado,50.0,Sudeste
CONTR_2026_09023,Vertice Asset e Cobranca,2026-01-23,138,4540.38,Acordo Firmado,13.0,Sul
CONTR_2026_09024,Vertice Asset e Cobranca,2026-02-27,76,3940.05,Ajuizado,65.0,Nordeste
CONTR_2026_09025,Nexus Mediacao Financeira,2026-03-28,87,3021.04,Em Aberto,72.0,Sul
CONTR_2026_09026,Vertice Asset e Cobranca,2026-01-31,73,15514.0,Insucesso,1.0,Nordeste
CONTR_2026_09027,Nexus Mediacao Financeira,2026-03-10,56,14198.22,Em Aberto,20.0,Nordeste
CONTR_2026_09028,Fenix Recuperacao de Credito,2026-01-06,137,3257.05,Acordo Firmado,25.0,Nordeste
CONTR_2026_09029,Vertice Asset e Cobranca,2026-04-25,15,4061.4,Em Aberto,29.0,Nordeste
CONTR_2026_09030,Vertice Asset e Cobranca,2026-03-06,69,8167.99,Insucesso,67.0,Sul
CONTR_2026_09031,Vertice Asset e Cobranca,2026-02-28,77,10210.78,Em Aberto,93.0,Sudeste
CONTR_2026_09032,Acerta Credito Integrado,2026-04-22,94,1783.11,Acordo Firmado,18.0,Nordeste
CONTR_2026_09033,Vertice Asset e Cobranca,2026-01-28,52,4574.52,Em Aberto,82.0,Nordeste
CONTR_2026_09034,Acerta Credito Integrado,2026-01-18,130,13496.46,Acordo Firmado,88.0,Sul
CONTR_2026_09035,Vertice Asset e Cobranca,2026-03-29,34,6661.98,Em Aberto,57.0,Sudeste
CONTR_2026_09036,Acerta Credito Integrado,2026-03-18,35,5114.99,Acordo Firmado,53.0,Nordeste
CONTR_2026_09037,Fenix Recuperacao de Credito,2026-04-07,91,7530.03,Ajuizado,70.0,Sudeste
CONTR_2026_09038,Acerta Credito Integrado,2026-01-10,51,6615.15,Insucesso,92.0,Sudeste
CONTR_2026_09039,Acerta Credito Integrado,2026-01-07,96,15458.06,Em Aberto,62.0,Sudeste
CONTR_2026_09040,Fenix Recuperacao de Credito,2026-02-06,67,13388.38,Acordo Firmado,52.0,Nordeste
CONTR_2026_09041,Fenix Recuperacao de Credito,2026-04-06,114,3735.63,Acordo Firmado,78.0,Nordeste
CONTR_2026_09042,Vertice Asset e Cobranca,2026-02-14,62,1362.72,Ajuizado,26.0,Sul
CONTR_2026_09043,Vertice Asset e Cobranca,2026-03-27,133,3222.4,Ajuizado,71.0,Norte
CONTR_2026_09044,Vertice Asset e Cobranca,2026-01-16,108,2333.81,Ajuizado,11.0,Nordeste
CONTR_2026_09045,Vertice Asset e Cobranca,2026-03-29,67,1905.24,Insucesso,21.0,Sudeste
CONTR_2026_09046,Fenix Recuperacao de Credito,2026-04-26,108,12143.77,Acordo Firmado,69.0,Nordeste
CONTR_2026_09047,Vertice Asset e Cobranca,2026-04-28,94,7388.19,Em Aberto,31.0,Nordeste
CONTR_2026_09048,Nexus Mediacao Financeira,2026-01-14,113,1365.61,Ajuizado,45.0,Sudeste
CONTR_2026_09049,Vertice Asset e Cobranca,2026-01-11,107,13813.28,Acordo Firmado,64.0,Sul
CONTR_2026_09050,Nexus Mediacao Financeira,2026-03-24,100,12865.7,Em Aberto,27.0,Sudeste
CONTR_2026_09051,Acerta Credito Integrado,2026-03-28,91,16117.96,Acordo Firmado,97.0,Centro-Oeste
CONTR_2026_09052,Nexus Mediacao Financeira,2026-02-03,117,10056.14,Acordo Firmado,34.0,Sul
CONTR_2026_09053,Fenix Recuperacao de Credito,2026-03-01,125,1610.81,Acordo Firmado,50.0,Nordeste
CONTR_2026_09054,Vertice Asset e Cobranca,2026-04-14,94,6074.83,Acordo Firmado,100.0,Sudeste
CONTR_2026_09055,Nexus Mediacao Financeira,2026-01-13,108,1633.72,Acordo Firmado,69.0,Nordeste
CONTR_2026_09056,Vertice Asset e Cobranca,2026-02-08,118,7448.27,Em Aberto,51.0,Sul
CONTR_2026_09057,Acerta Credito Integrado,2026-02-13,138,2297.06,Em Aberto,48.0,Nordeste
CONTR_2026_09058,Fenix Recuperacao de Credito,2026-01-28,132,14929.72,Ajuizado,52.0,Nordeste
CONTR_2026_09059,Fenix Recuperacao de Credito,2026-02-09,120,14803.48,Em Aberto,99.0,Sudeste
CONTR_2026_09060,Fenix Recuperacao de Credito,2026-01-16,77,5714.44,Acordo Firmado,84.0,Sudeste
CONTR_2026_09061,Fenix Recuperacao de Credito,2026-02-19,50,8185.28,Em Aberto,78.0,Sudeste
CONTR_2026_09062,Acerta Credito Integrado,2026-04-25,106,10965.05,Em Aberto,5.0,Nordeste
CONTR_2026_09063,Acerta Credito Integrado,2026-01-28,106,3664.49,Em Aberto,12.0,Nordeste
CONTR_2026_09064,Vertice Asset e Cobranca,2026-03-09,78,5527.88,Em Aberto,13.0,Centro-Oeste
CONTR_2026_09065,Nexus Mediacao Financeira,2026-04-02,49,2168.07,Ajuizado,91.0,Sudeste
CONTR_2026_09066,Vertice Asset e Cobranca,2026-03-01,139,22366.74,Insucesso,91.0,Sudeste
CONTR_2026_09067,Vertice Asset e Cobranca,2026-01-12,102,14453.9,Em Aberto,16.0,Sul
CONTR_2026_09068,Nexus Mediacao Financeira,2026-01-16,53,4502.63,Insucesso,51.0,Nordeste
CONTR_2026_09069,Fenix Recuperacao de Credito,2026-02-22,86,5229.72,Em Aberto,54.0,Sudeste
CONTR_2026_09070,Fenix Recuperacao de Credito,2026-02-23,49,4069.69,Em Aberto,68.0,Nordeste
CONTR_2026_09071,Acerta Credito Integrado,2026-02-18,110,1208.32,Acordo Firmado,13.0,Nordeste
CONTR_2026_09072,Acerta Credito Integrado,2026-02-05,145,2506.81,Acordo Firmado,18.0,Sudeste
CONTR_2026_09073,Vertice Asset e Cobranca,2026-03-03,84,1735.97,Acordo Firmado,76.0,Nordeste
CONTR_2026_09074,Nexus Mediacao Financeira,2026-03-25,87,3149.67,Em Aberto,19.0,Sul
CONTR_2026_09075,Vertice Asset e Cobranca,2026-01-26,81,2547.48,Insucesso,81.0,Sudeste
CONTR_2026_09076,Acerta Credito Integrado,2026-02-25,83,8369.9,Ajuizado,42.0,Nordeste
CONTR_2026_09077,Acerta Credito Integrado,2026-04-30,66,4713.94,Insucesso,71.0,Centro-Oeste
CONTR_2026_09078,Acerta Credito Integrado,2026-03-31,131,9691.19,Em Aberto,21.0,Sudeste
CONTR_2026_09079,Acerta Credito Integrado,2026-01-22,95,6248.86,Acordo Firmado,53.0,Sudeste
CONTR_2026_09080,Fenix Recuperacao de Credito,2026-04-30,91,6538.86,Acordo Firmado,1.0,Sudeste
CONTR_2026_09081,Vertice Asset e Cobranca,2026-03-14,83,11647.27,Ajuizado,14.0,Nordeste
CONTR_2026_09082,Vertice Asset e Cobranca,2026-03-10,51,10592.85,Ajuizado,3.0,Nordeste
CONTR_2026_09083,Vertice Asset e Cobranca,2026-03-22,118,1526.94,Acordo Firmado,96.0,Nordeste
CONTR_2026_09084,Acerta Credito Integrado,2026-02-18,132,5517.89,Em Aberto,9.0,Nordeste
CONTR_2026_09085,Vertice Asset e Cobranca,2026-04-08,34,3864.42,Insucesso,11.0,Nordeste
CONTR_2026_09086,Fenix Recuperacao de Credito,2026-01-02,111,5776.92,Em Aberto,23.0,Sudeste
CONTR_2026_09087,Vertice Asset e Cobranca,2026-02-22,115,11125.73,Em Aberto,30.0,Nordeste
CONTR_2026_09088,Vertice Asset e Cobranca,2026-04-29,128,1260.6,Ajuizado,47.0,Nordeste
CONTR_2026_09089,Fenix Recuperacao de Credito,2026-01-07,126,1255.14,Em Aberto,5.0,Sul
CONTR_2026_09090,Nexus Mediacao Financeira,2026-04-10,169,1522.98,Em Aberto,30.0,Nordeste
CONTR_2026_09091,Vertice Asset e Cobranca,2026-03-18,102,11592.62,Em Aberto,90.0,Nordeste
CONTR_2026_09092,Fenix Recuperacao de Credito,2026-01-20,119,3380.77,Em Aberto,68.0,Sudeste
CONTR_2026_09093,Vertice Asset e Cobranca,2026-04-04,90,3519.95,Acordo Firmado,91.0,Norte
CONTR_2026_09094,Acerta Credito Integrado,2026-01-30,65,3318.68,Em Aberto,29.0,Nordeste
CONTR_2026_09095,Nexus Mediacao Financeira,2026-03-16,111,2513.08,Em Aberto,45.0,Sul
CONTR_2026_09096,Acerta Credito Integrado,2026-04-05,119,1398.19,Em Aberto,7.0,Sudeste
CONTR_2026_09097,Vertice Asset e Cobranca,2026-03-08,100,13049.7,Ajuizado,16.0,Nordeste
CONTR_2026_09098,Fenix Recuperacao de Credito,2026-02-28,40,2525.52,Acordo Firmado,72.0,Nordeste
CONTR_2026_09099,Fenix Recuperacao de Credito,2026-03-07,46,12418.77,Acordo Firmado,89.0,Sudeste
CONTR_2026_09100,Vertice Asset e Cobranca,2026-04-22,113,16785.15,Em Aberto,88.0,Centro-Oeste
CONTR_2026_09101,Nexus Mediacao Financeira,2026-01-03,79,5497.8,Acordo Firmado,41.0,Nordeste
CONTR_2026_09102,Acerta Credito Integrado,2026-02-25,100,3528.25,Acordo Firmado,61.0,Nordeste
CONTR_2026_09103,Vertice Asset e Cobranca,2026-03-20,104,8457.84,Acordo Firmado,51.0,Sudeste
CONTR_2026_09104,Acerta Credito Integrado,2026-01-17,86,1328.55,Acordo Firmado,55.0,Sudeste
CONTR_2026_09105,Fenix Recuperacao de Credito,2026-04-22,82,14416.01,Em Aberto,64.0,Sudeste
CONTR_2026_09106,Vertice Asset e Cobranca,2026-02-21,86,3820.54,Insucesso,51.0,Sudeste
CONTR_2026_09107,Fenix Recuperacao de Credito,2026-01-07,107,3045.2,Em Aberto,21.0,Nordeste
CONTR_2026_09108,Acerta Credito Integrado,2026-04-22,104,1878.73,Acordo Firmado,58.0,Nordeste
CONTR_2026_09109,Fenix Recuperacao de Credito,2026-01-05,66,16724.42,Em Aberto,80.0,Nordeste
CONTR_2026_09110,Acerta Credito Integrado,2026-04-08,89,9530.83,Em Aberto,47.0,Nordeste
CONTR_2026_09111,Fenix Recuperacao de Credito,2026-04-07,58,7635.69,Acordo Firmado,11.0,Sudeste
CONTR_2026_09112,Nexus Mediacao Financeira,2026-02-23,105,14565.68,Acordo Firmado,61.0,Nordeste
CONTR_2026_09113,Nexus Mediacao Financeira,2026-03-02,76,17273.32,Acordo Firmado,72.0,Nordeste
CONTR_2026_09114,Vertice Asset e Cobranca,2026-04-19,111,2762.93,Em Aberto,99.0,Nordeste
CONTR_2026_09115,Vertice Asset e Cobranca,2026-01-16,82,8921.18,Em Aberto,6.0,Nordeste
CONTR_2026_09116,Vertice Asset e Cobranca,2026-04-11,124,8483.18,Em Aberto,51.0,Centro-Oeste
CONTR_2026_09117,Nexus Mediacao Financeira,2026-03-08,129,5274.5,Em Aberto,28.0,Centro-Oeste
CONTR_2026_09118,Vertice Asset e Cobranca,2026-02-28,103,2015.1,Em Aberto,42.0,Sudeste
CONTR_2026_09119,Fenix Recuperacao de Credito,2026-02-16,78,15295.93,Em Aberto,52.0,Sudeste
CONTR_2026_09120,Acerta Credito Integrado,2026-02-17,61,3094.47,Insucesso,11.0,Sul
CONTR_2026_09121,Acerta Credito Integrado,2026-04-17,118,5524.18,Em Aberto,70.0,Nordeste
CONTR_2026_09122,Vertice Asset e Cobranca,2026-04-25,88,1297.85,Acordo Firmado,40.0,Sul
CONTR_2026_09123,Nexus Mediacao Financeira,2026-03-05,91,4003.1,Acordo Firmado,30.0,Sudeste
CONTR_2026_09124,Acerta Credito Integrado,2026-02-19,78,5997.22,Acordo Firmado,56.0,Sudeste
CONTR_2026_09125,Vertice Asset e Cobranca,2026-03-26,48,3597.93,Acordo Firmado,78.0,Sul
CONTR_2026_09126,Vertice Asset e Cobranca,2026-02-10,122,4441.89,Em Aberto,77.0,Sudeste
CONTR_2026_09127,Vertice Asset e Cobranca,2026-03-13,87,2266.12,Em Aberto,99.0,Nordeste
CONTR_2026_09128,Nexus Mediacao Financeira,2026-01-22,34,3355.62,Em Aberto,6.0,Centro-Oeste
CONTR_2026_09129,Acerta Credito Integrado,2026-04-25,85,7625.27,Em Aberto,49.0,Nordeste
CONTR_2026_09130,Vertice Asset e Cobranca,2026-02-23,49,18685.0,Acordo Firmado,33.0,Sudeste
CONTR_2026_09131,Fenix Recuperacao de Credito,2026-01-05,107,4362.96,Acordo Firmado,11.0,Sul
CONTR_2026_09132,Acerta Credito Integrado,2026-01-17,103,6992.55,Insucesso,65.0,Nordeste
CONTR_2026_09133,Nexus Mediacao Financeira,2026-04-11,135,19887.83,Em Aberto,27.0,Nordeste
CONTR_2026_09134,Vertice Asset e Cobranca,2026-03-19,45,8653.65,Em Aberto,30.0,Nordeste
CONTR_2026_09135,Acerta Credito Integrado,2026-04-13,133,1250.91,Acordo Firmado,46.0,Centro-Oeste
CONTR_2026_09136,Nexus Mediacao Financeira,2026-02-10,105,14908.6,Em Aberto,26.0,Sudeste
CONTR_2026_09137,Nexus Mediacao Financeira,2026-04-02,48,11270.76,Em Aberto,28.0,Nordeste
CONTR_2026_09138,Vertice Asset e Cobranca,2026-04-05,144,2781.18,Acordo Firmado,32.0,Centro-Oeste
CONTR_2026_09139,Vertice Asset e Cobranca,2026-03-22,86,2201.72,Insucesso,74.0,Nordeste
CONTR_2026_09140,Nexus Mediacao Financeira,2026-02-04,54,12674.29,Em Aberto,12.0,Sudeste
CONTR_2026_09141,Vertice Asset e Cobranca,2026-02-09,121,7034.84,Em Aberto,100.0,Sudeste
CONTR_2026_09142,Fenix Recuperacao de Credito,2026-01-22,57,2552.43,Acordo Firmado,86.0,Nordeste
CONTR_2026_09143,Vertice Asset e Cobranca,2026-04-19,124,7456.75,Insucesso,16.0,Sul
CONTR_2026_09144,Nexus Mediacao Financeira,2026-02-17,84,5784.26,Acordo Firmado,82.0,Nordeste
CONTR_2026_09145,Acerta Credito Integrado,2026-02-22,79,3049.63,Em Aberto,71.0,Sudeste
CONTR_2026_09146,Vertice Asset e Cobranca,2026-04-03,50,5268.36,Em Aberto,52.0,Nordeste
CONTR_2026_09147,Vertice Asset e Cobranca,2026-01-10,58,4946.13,Acordo Firmado,100.0,Sul
CONTR_2026_09148,Vertice Asset e Cobranca,2026-01-18,94,4764.45,Em Aberto,2.0,Nordeste
CONTR_2026_09149,Vertice Asset e Cobranca,2026-04-09,40,4842.49,Acordo Firmado,73.0,Nordeste
CONTR_2026_09150,Nexus Mediacao Financeira,2026-04-18,110,1202.03,Acordo Firmado,94.0,Sudeste
CONTR_2026_09151,Nexus Mediacao Financeira,2026-03-21,74,2764.2,Em Aberto,28.0,Nordeste
CONTR_2026_09152,Vertice Asset e Cobranca,2026-04-24,78,4018.21,Em Aberto,62.0,Nordeste
CONTR_2026_09153,Fenix Recuperacao de Credito,2026-02-18,107,1880.55,Em Aberto,29.0,Sudeste
CONTR_2026_09154,Vertice Asset e Cobranca,2026-03-12,83,8114.79,Acordo Firmado,83.0,Norte
CONTR_2026_09155,Fenix Recuperacao de Credito,2026-01-30,126,10582.9,Insucesso,92.0,Sul
CONTR_2026_09156,Fenix Recuperacao de Credito,2026-01-19,28,9712.49,Acordo Firmado,56.0,Nordeste
CONTR_2026_09157,Fenix Recuperacao de Credito,2026-02-24,114,4277.57,Em Aberto,25.0,Sudeste
CONTR_2026_09158,Nexus Mediacao Financeira,2026-03-01,90,7067.25,Acordo Firmado,93.0,Sul
CONTR_2026_09159,Nexus Mediacao Financeira,2026-03-28,70,1600.01,Acordo Firmado,87.0,Nordeste
CONTR_2026_09160,Vertice Asset e Cobranca,2026-03-13,118,2311.95,Ajuizado,74.0,Nordeste
CONTR_2026_09161,Fenix Recuperacao de Credito,2026-03-22,107,1440.38,Acordo Firmado,41.0,Centro-Oeste
CONTR_2026_09162,Nexus Mediacao Financeira,2026-01-21,96,18025.32,Acordo Firmado,5.0,Nordeste
CONTR_2026_09163,Acerta Credito Integrado,2026-01-26,82,5470.25,Acordo Firmado,62.0,Sudeste
CONTR_2026_09164,Vertice Asset e Cobranca,2026-01-28,68,2163.31,Ajuizado,97.0,Nordeste
CONTR_2026_09165,Vertice Asset e Cobranca,2026-02-08,57,7347.23,Insucesso,62.0,Nordeste
CONTR_2026_09166,Acerta Credito Integrado,2026-02-02,130,4558.19,Em Aberto,5.0,Sudeste
CONTR_2026_09167,Acerta Credito Integrado,2026-02-09,114,4048.08,Acordo Firmado,68.0,Sudeste
CONTR_2026_09168,Fenix Recuperacao de Credito,2026-03-24,107,13435.35,Insucesso,37.0,Sul
CONTR_2026_09169,Vertice Asset e Cobranca,2026-01-29,77,7358.54,Ajuizado,68.0,Centro-Oeste
CONTR_2026_09170,Vertice Asset e Cobranca,2026-01-20,151,7066.55,Em Aberto,89.0,Nordeste
CONTR_2026_09171,Vertice Asset e Cobranca,2026-01-20,69,1711.87,Acordo Firmado,32.0,Nordeste
CONTR_2026_09172,Acerta Credito Integrado,2026-03-15,78,1682.71,Em Aberto,14.0,Norte
CONTR_2026_09173,Fenix Recuperacao de Credito,2026-01-12,144,6659.67,Em Aberto,91.0,Sudeste
CONTR_2026_09174,Fenix Recuperacao de Credito,2026-04-30,88,2050.92,Em Aberto,90.0,Norte
CONTR_2026_09175,Vertice Asset e Cobranca,2026-04-07,142,4218.85,Insucesso,63.0,Nordeste
CONTR_2026_09176,Fenix Recuperacao de Credito,2026-04-30,101,5417.58,Acordo Firmado,72.0,Nordeste
CONTR_2026_09177,Fenix Recuperacao de Credito,2026-01-25,74,3655.86,Insucesso,30.0,Sul
CONTR_2026_09178,Acerta Credito Integrado,2026-01-25,84,1645.0,Ajuizado,77.0,Nordeste
CONTR_2026_09179,Nexus Mediacao Financeira,2026-04-27,68,8000.23,Insucesso,96.0,Sudeste
CONTR_2026_09180,Fenix Recuperacao de Credito,2026-01-04,110,12015.51,Acordo Firmado,43.0,Sudeste
CONTR_2026_09181,Vertice Asset e Cobranca,2026-01-04,126,2081.8,Em Aberto,53.0,Nordeste
CONTR_2026_09182,Vertice Asset e Cobranca,2026-01-09,104,10824.29,Acordo Firmado,53.0,Nordeste
CONTR_2026_09183,Fenix Recuperacao de Credito,2026-01-15,98,8972.29,Em Aberto,29.0,Sudeste
CONTR_2026_09184,Nexus Mediacao Financeira,2026-04-30,58,5348.96,Acordo Firmado,87.0,Nordeste
CONTR_2026_09185,Acerta Credito Integrado,2026-01-26,122,5732.94,Insucesso,28.0,Nordeste
CONTR_2026_09186,Acerta Credito Integrado,2026-03-20,115,6471.56,Ajuizado,78.0,Sudeste
CONTR_2026_09187,Acerta Credito Integrado,2026-03-31,98,4919.69,Em Aberto,74.0,Nordeste
CONTR_2026_09188,Fenix Recuperacao de Credito,2026-04-02,80,10500.49,Em Aberto,71.0,Sudeste
CONTR_2026_09189,Vertice Asset e Cobranca,2026-03-12,91,4413.21,Ajuizado,49.0,Nordeste
CONTR_2026_09190,Acerta Credito Integrado,2026-02-01,62,5159.9,Em Aberto,90.0,Nordeste
CONTR_2026_09191,Fenix Recuperacao de Credito,2026-03-17,45,1387.29,Insucesso,36.0,Nordeste
CONTR_2026_09192,Fenix Recuperacao de Credito,2026-04-09,81,2192.68,Acordo Firmado,27.0,Nordeste
CONTR_2026_09193,Fenix Recuperacao de Credito,2026-02-21,64,12905.49,Insucesso,57.0,Sul
CONTR_2026_09194,Acerta Credito Integrado,2026-02-01,74,1848.11,Ajuizado,28.0,Centro-Oeste
CONTR_2026_09195,Acerta Credito Integrado,2026-01-09,75,12919.61,Acordo Firmado,30.0,Sudeste
CONTR_2026_09196,Fenix Recuperacao de Credito,2026-03-19,87,6251.97,Em Aberto,44.0,Sul
CONTR_2026_09197,Acerta Credito Integrado,2026-01-13,85,13836.38,Em Aberto,43.0,Nordeste
CONTR_2026_09198,Vertice Asset e Cobranca,2026-02-25,15,9618.27,Acordo Firmado,55.0,Sudeste
CONTR_2026_09199,Nexus Mediacao Financeira,2026-02-13,100,11222.91,Em Aberto,88.0,Nordeste
CONTR_2026_09200,Nexus Mediacao Financeira,2026-04-07,93,4915.71,Ajuizado,51.0,Nordeste
CONTR_2026_09201,Fenix Recuperacao de Credito,2026-04-06,118,9923.38,Em Aberto,27.0,Nordeste
CONTR_2026_09202,Vertice Asset e Cobranca,2026-03-24,83,4285.82,Acordo Firmado,1.0,Sudeste
CONTR_2026_09203,Nexus Mediacao Financeira,2026-01-30,122,1425.89,Acordo Firmado,10.0,Nordeste
CONTR_2026_09204,Vertice Asset e Cobranca,2026-01-16,85,6468.55,Insucesso,43.0,Nordeste
CONTR_2026_09205,Fenix Recuperacao de Credito,2026-01-12,100,7718.1,Insucesso,69.0,Sul
CONTR_2026_09206,Fenix Recuperacao de Credito,2026-03-15,62,1735.41,Acordo Firmado,9.0,Nordeste
CONTR_2026_09207,Nexus Mediacao Financeira,2026-03-07,124,9661.57,Ajuizado,67.0,Nordeste
CONTR_2026_09208,Nexus Mediacao Financeira,2026-01-18,128,1590.75,Acordo Firmado,29.0,Norte
CONTR_2026_09209,Acerta Credito Integrado,2026-01-13,146,4113.53,Acordo Firmado,2.0,Nordeste
CONTR_2026_09210,Nexus Mediacao Financeira,2026-04-03,73,4546.41,Insucesso,82.0,Sul
CONTR_2026_09211,Fenix Recuperacao de Credito,2026-01-24,105,1387.25,Acordo Firmado,14.0,Norte
CONTR_2026_09212,Fenix Recuperacao de Credito,2026-04-12,46,1540.35,Insucesso,62.0,Sul
CONTR_2026_09213,Fenix Recuperacao de Credito,2026-01-12,33,4195.04,Acordo Firmado,55.0,Nordeste
CONTR_2026_09214,Vertice Asset e Cobranca,2026-03-01,106,3064.44,Insucesso,29.0,Nordeste
CONTR_2026_09215,Fenix Recuperacao de Credito,2026-03-01,86,9661.59,Acordo Firmado,5.0,Nordeste
CONTR_2026_09216,Vertice Asset e Cobranca,2026-04-03,51,3870.94,Insucesso,69.0,Sudeste
CONTR_2026_09217,Nexus Mediacao Financeira,2026-03-27,95,1757.6,Em Aberto,66.0,Nordeste
CONTR_2026_09218,Fenix Recuperacao de Credito,2026-04-10,118,2059.16,Acordo Firmado,39.0,Nordeste
CONTR_2026_09219,Acerta Credito Integrado,2026-01-01,91,6796.21,Insucesso,23.0,Sudeste
CONTR_2026_09220,Fenix Recuperacao de Credito,2026-02-12,126,16185.2,Em Aberto,95.0,Sudeste
CONTR_2026_09221,Fenix Recuperacao de Credito,2026-02-24,70,11385.64,Insucesso,16.0,Sudeste
CONTR_2026_09222,Nexus Mediacao Financeira,2026-02-09,122,1893.41,Em Aberto,22.0,Sudeste
CONTR_2026_09223,Nexus Mediacao Financeira,2026-03-05,78,1282.52,Insucesso,91.0,Sudeste
CONTR_2026_09224,Vertice Asset e Cobranca,2026-02-03,126,1333.97,Em Aberto,29.0,Nordeste
CONTR_2026_09225,Acerta Credito Integrado,2026-02-03,51,5246.7,Ajuizado,69.0,Norte
CONTR_2026_09226,Fenix Recuperacao de Credito,2026-02-17,96,4526.66,Em Aberto,12.0,Sul
CONTR_2026_09227,Vertice Asset e Cobranca,2026-02-02,96,1267.44,Em Aberto,13.0,Nordeste
CONTR_2026_09228,Acerta Credito Integrado,2026-03-09,104,1494.1,Acordo Firmado,8.0,Nordeste
CONTR_2026_09229,Vertice Asset e Cobranca,2026-04-12,79,42760.26,Em Aberto,24.0,Centro-Oeste
CONTR_2026_09230,Acerta Credito Integrado,2026-01-30,102,17953.65,Ajuizado,92.0,Sul
CONTR_2026_09231,Vertice Asset e Cobranca,2026-04-27,84,1877.52,Acordo Firmado,37.0,Nordeste
CONTR_2026_09232,Fenix Recuperacao de Credito,2026-04-26,74,2096.23,Insucesso,91.0,Sudeste
CONTR_2026_09233,Fenix Recuperacao de Credito,2026-04-20,132,12721.08,Acordo Firmado,36.0,Sudeste
CONTR_2026_09234,Vertice Asset e Cobranca,2026-03-25,92,4740.69,Ajuizado,73.0,Nordeste
CONTR_2026_09235,Acerta Credito Integrado,2026-03-31,44,17047.56,Em Aberto,15.0,Sul
CONTR_2026_09236,Vertice Asset e Cobranca,2026-03-20,69,4873.39,Em Aberto,59.0,Sudeste
CONTR_2026_09237,Fenix Recuperacao de Credito,2026-03-12,133,5504.56,Acordo Firmado,5.0,Centro-Oeste
CONTR_2026_09238,Fenix Recuperacao de Credito,2026-03-12,62,2443.18,Insucesso,92.0,Nordeste
CONTR_2026_09239,Vertice Asset e Cobranca,2026-04-24,106,11640.43,Em Aberto,15.0,Norte
CONTR_2026_09240,Nexus Mediacao Financeira,2026-01-29,69,9914.92,Em Aberto,100.0,Nordeste
CONTR_2026_09241,Vertice Asset e Cobranca,2026-01-23,46,3258.09,Em Aberto,18.0,Nordeste
CONTR_2026_09242,Nexus Mediacao Financeira,2026-02-03,9999,5938.56,Acordo Firmado,86.0,Sudeste
CONTR_2026_09243,Nexus Mediacao Financeira,2026-03-25,80,3288.52,Ajuizado,5.0,Sudeste
CONTR_2026_09244,Acerta Credito Integrado,2026-01-15,137,4317.81,Ajuizado,86.0,Nordeste
CONTR_2026_09245,Vertice Asset e Cobranca,2026-04-07,123,10805.4,Em Aberto,17.0,Centro-Oeste
CONTR_2026_09246,Fenix Recuperacao de Credito,2026-02-22,127,3884.33,Ajuizado,22.0,Sul
CONTR_2026_09247,Vertice Asset e Cobranca,2026-01-17,121,10380.61,Em Aberto,85.0,Nordeste
CONTR_2026_09248,Vertice Asset e Cobranca,2026-03-05,110,17310.06,Insucesso,87.0,Sudeste
CONTR_2026_09249,Fenix Recuperacao de Credito,2026-03-25,49,3892.22,Em Aberto,64.0,Sul
CONTR_2026_09250,Vertice Asset e Cobranca,2026-03-02,82,11699.53,Acordo Firmado,28.0,Sul
CONTR_2026_09251,Fenix Recuperacao de Credito,2026-02-26,110,3011.91,Acordo Firmado,92.0,Sul
CONTR_2026_09252,Nexus Mediacao Financeira,2026-03-18,81,1214.34,Em Aberto,81.0,Nordeste
CONTR_2026_09253,Fenix Recuperacao de Credito,2026-04-18,89,1641.38,Acordo Firmado,83.0,Sul
CONTR_2026_09254,Vertice Asset e Cobranca,2026-03-29,111,7879.93,Em Aberto,13.0,Sudeste
CONTR_2026_09255,Acerta Credito Integrado,2026-04-28,121,1727.81,Acordo Firmado,45.0,Sudeste
CONTR_2026_09256,Vertice Asset e Cobranca,2026-04-21,62,15197.53,Em Aberto,34.0,Norte
CONTR_2026_09257,Fenix Recuperacao de Credito,2026-04-30,110,11271.25,Acordo Firmado,54.0,Sudeste
CONTR_2026_09258,Fenix Recuperacao de Credito,2026-02-06,106,4816.5,Acordo Firmado,33.0,Centro-Oeste
CONTR_2026_09259,Acerta Credito Integrado,2026-01-07,60,5555.51,Insucesso,16.0,Sul
CONTR_2026_09260,Fenix Recuperacao de Credito,2026-01-08,77,7126.54,Insucesso,43.0,Nordeste
CONTR_2026_09261,Vertice Asset e Cobranca,2026-03-28,94,7774.63,Acordo Firmado,61.0,Nordeste
CONTR_2026_09262,Nexus Mediacao Financeira,2026-03-19,131,4578.57,Em Aberto,94.0,Sudeste
CONTR_2026_09263,Nexus Mediacao Financeira,2026-03-09,77,3080.02,Acordo Firmado,3.0,Sudeste
CONTR_2026_09264,Nexus Mediacao Financeira,2026-01-21,102,13253.08,Em Aberto,91.0,Norte
CONTR_2026_09265,Acerta Credito Integrado,2026-03-02,125,1438.44,Ajuizado,59.0,Sudeste
CONTR_2026_09266,Fenix Recuperacao de Credito,2026-04-20,145,3400.94,Em Aberto,20.0,Centro-Oeste
CONTR_2026_09267,Vertice Asset e Cobranca,2026-03-15,96,6690.65,Ajuizado,32.0,Nordeste
CONTR_2026_09268,Vertice Asset e Cobranca,2026-03-27,26,12285.32,Em Aberto,21.0,Centro-Oeste
CONTR_2026_09269,Fenix Recuperacao de Credito,2026-04-04,117,1585.62,Em Aberto,46.0,Sudeste
CONTR_2026_09270,Vertice Asset e Cobranca,2026-04-04,96,6578.69,Em Aberto,69.0,Nordeste
CONTR_2026_09271,Vertice Asset e Cobranca,2026-03-21,64,4538.15,Acordo Firmado,2.0,Sudeste
CONTR_2026_09272,Nexus Mediacao Financeira,2026-03-16,111,6999.6,Em Aberto,86.0,Norte
CONTR_2026_09273,Nexus Mediacao Financeira,2026-03-27,145,3107.79,Em Aberto,71.0,Norte
CONTR_2026_09274,Vertice Asset e Cobranca,2026-01-29,96,7401.48,Em Aberto,74.0,Nordeste
CONTR_2026_09275,Acerta Credito Integrado,2026-01-25,41,2193.85,Insucesso,52.0,Nordeste
CONTR_2026_09276,Vertice Asset e Cobranca,2026-02-27,133,8667.16,Em Aberto,1.0,Centro-Oeste
CONTR_2026_09277,Vertice Asset e Cobranca,2026-01-14,90,8118.47,Acordo Firmado,80.0,Nordeste
CONTR_2026_09278,Nexus Mediacao Financeira,2026-03-19,111,15867.23,Acordo Firmado,28.0,Norte
CONTR_2026_09279,Fenix Recuperacao de Credito,2026-03-07,91,2151.11,Acordo Firmado,61.0,Sudeste
CONTR_2026_09280,Fenix Recuperacao de Credito,2026-02-23,103,7600.64,Em Aberto,84.0,Nordeste
CONTR_2026_09281,Vertice Asset e Cobranca,2026-03-18,109,3147.84,Acordo Firmado,26.0,Nordeste
CONTR_2026_09282,Fenix Recuperacao de Credito,2026-03-08,114,2855.43,Ajuizado,79.0,Sul
CONTR_2026_09283,Acerta Credito Integrado,2026-01-30,94,3767.44,Acordo Firmado,94.0,Nordeste
CONTR_2026_09284,Fenix Recuperacao de Credito,2026-01-18,67,2878.77,Em Aberto,12.0,Nordeste
CONTR_2026_09285,Acerta Credito Integrado,2026-02-23,95,2626.38,Em Aberto,2.0,Sudeste
CONTR_2026_09286,Acerta Credito Integrado,2026-04-10,113,8513.4,Acordo Firmado,74.0,Centro-Oeste
CONTR_2026_09287,Nexus Mediacao Financeira,2026-01-21,67,7211.6,Acordo Firmado,91.0,Centro-Oeste
CONTR_2026_09288,Acerta Credito Integrado,2026-02-22,56,1779.07,Em Aberto,21.0,Sudeste
CONTR_2026_09289,Vertice Asset e Cobranca,2026-03-24,129,5306.96,Insucesso,55.0,Centro-Oeste
CONTR_2026_09290,Fenix Recuperacao de Credito,2026-01-16,140,3209.88,Insucesso,16.0,Nordeste
CONTR_2026_09291,Nexus Mediacao Financeira,2026-01-28,91,18908.27,Em Aberto,37.0,Sudeste
CONTR_2026_09292,Nexus Mediacao Financeira,2026-01-04,108,3967.3,Acordo Firmado,45.0,Sudeste
CONTR_2026_09293,Nexus Mediacao Financeira,2026-04-25,101,1407.1,Em Aberto,86.0,Sul
CONTR_2026_09294,Nexus Mediacao Financeira,2026-02-24,24,3215.21,Acordo Firmado,39.0,Nordeste
CONTR_2026_09295,Fenix Recuperacao de Credito,2026-01-15,96,3074.98,Em Aberto,41.0,Sudeste
CONTR_2026_09296,Fenix Recuperacao de Credito,2026-03-05,133,1228.25,Em Aberto,22.0,Sudeste
CONTR_2026_09297,Acerta Credito Integrado,2026-03-06,54,4545.03,Em Aberto,49.0,Nordeste
CONTR_2026_09298,Acerta Credito Integrado,2026-04-22,52,13011.47,Em Aberto,81.0,Nordeste
CONTR_2026_09299,Fenix Recuperacao de Credito,2026-04-21,68,9305.36,Em Aberto,17.0,Nordeste
CONTR_2026_09300,Fenix Recuperacao de Credito,2026-01-16,75,6970.42,Acordo Firmado,26.0,Nordeste
CONTR_2026_09301,Vertice Asset e Cobranca,2026-04-28,110,3304.43,Ajuizado,38.0,Nordeste
CONTR_2026_09302,Vertice Asset e Cobranca,2026-01-20,129,2519.59,Acordo Firmado,38.0,Nordeste
CONTR_2026_09303,Acerta Credito Integrado,2026-03-05,128,3297.44,Acordo Firmado,41.0,Sul
CONTR_2026_09304,Nexus Mediacao Financeira,2026-02-02,109,1856.58,Acordo Firmado,67.0,Sul
CONTR_2026_09305,Acerta Credito Integrado,2026-03-22,42,1723.96,Acordo Firmado,51.0,Norte
CONTR_2026_09306,Fenix Recuperacao de Credito,2026-03-10,42,5472.84,Em Aberto,65.0,Nordeste
CONTR_2026_09307,Vertice Asset e Cobranca,2026-03-10,112,9609.88,Insucesso,56.0,Sudeste
CONTR_2026_09308,Acerta Credito Integrado,2026-02-27,42,1723.42,Em Aberto,19.0,Nordeste
CONTR_2026_09309,Fenix Recuperacao de Credito,2026-02-08,106,3241.25,Insucesso,14.0,Sudeste
CONTR_2026_09310,Vertice Asset e Cobranca,2026-03-18,98,1854.84,Acordo Firmado,66.0,Centro-Oeste
CONTR_2026_09311,Vertice Asset e Cobranca,2026-04-18,76,3058.8,Acordo Firmado,71.0,Nordeste
CONTR_2026_09312,Vertice Asset e Cobranca,2026-02-05,15,10067.54,Acordo Firmado,38.0,Sudeste
CONTR_2026_09313,Acerta Credito Integrado,2026-04-04,96,1377.34,Em Aberto,43.0,Sudeste
CONTR_2026_09314,Vertice Asset e Cobranca,2026-03-09,105,6409.46,Acordo Firmado,92.0,Nordeste
CONTR_2026_09315,Nexus Mediacao Financeira,2026-03-28,73,1508.51,Insucesso,10.0,Nordeste
CONTR_2026_09316,Fenix Recuperacao de Credito,2026-01-21,57,3980.39,Ajuizado,89.0,Sudeste
CONTR_2026_09317,Acerta Credito Integrado,2026-03-04,98,4412.77,Em Aberto,22.0,Centro-Oeste
CONTR_2026_09318,Vertice Asset e Cobranca,2026-03-26,46,3766.73,Acordo Firmado,75.0,Sudeste
CONTR_2026_09319,Nexus Mediacao Financeira,2026-01-06,108,6272.07,Acordo Firmado,64.0,Nordeste
CONTR_2026_09320,Acerta Credito Integrado,2026-01-24,121,19383.98,Em Aberto,45.0,Nordeste
CONTR_2026_09321,Fenix Recuperacao de Credito,2026-04-21,31,2755.09,Ajuizado,74.0,Centro-Oeste
CONTR_2026_09322,Acerta Credito Integrado,2026-02-22,74,5905.08,Acordo Firmado,18.0,Sudeste
CONTR_2026_09323,Nexus Mediacao Financeira,2026-04-05,88,3392.36,Acordo Firmado,69.0,Nordeste
CONTR_2026_09324,Vertice Asset e Cobranca,2026-03-24,89,39211.26,Acordo Firmado,11.0,Sudeste
CONTR_2026_09325,Fenix Recuperacao de Credito,2026-04-12,63,16279.35,Em Aberto,27.0,Nordeste
CONTR_2026_09326,Fenix Recuperacao de Credito,2026-03-17,49,1690.29,Acordo Firmado,27.0,Centro-Oeste
CONTR_2026_09327,Acerta Credito Integrado,2026-03-19,76,19371.2,Em Aberto,60.0,Nordeste
CONTR_2026_09328,Fenix Recuperacao de Credito,2026-02-19,109,7902.24,Em Aberto,36.0,Nordeste
CONTR_2026_09329,Vertice Asset e Cobranca,2026-01-12,107,25561.78,Em Aberto,57.0,Sudeste
CONTR_2026_09330,Acerta Credito Integrado,2026-02-25,107,8569.09,Acordo Firmado,13.0,Sul
CONTR_2026_09331,Nexus Mediacao Financeira,2026-04-30,127,1890.19,Em Aberto,28.0,Nordeste
CONTR_2026_09332,Acerta Credito Integrado,2026-01-15,58,8140.86,Em Aberto,66.0,Nordeste
CONTR_2026_09333,Vertice Asset e Cobranca,2026-03-24,78,7684.6,Em Aberto,7.0,Sudeste
CONTR_2026_09334,Acerta Credito Integrado,2026-04-02,84,2112.02,Acordo Firmado,51.0,Sul
CONTR_2026_09335,Vertice Asset e Cobranca,2026-02-09,15,8195.33,Insucesso,70.0,Nordeste
CONTR_2026_09336,Fenix Recuperacao de Credito,2026-02-10,96,6816.15,Em Aberto,19.0,Nordeste
CONTR_2026_09337,Nexus Mediacao Financeira,2026-03-10,89,27164.38,Acordo Firmado,15.0,Nordeste
CONTR_2026_09338,Vertice Asset e Cobranca,2026-03-10,55,6021.36,Ajuizado,87.0,Norte
CONTR_2026_09339,Vertice Asset e Cobranca,2026-01-06,116,3877.38,Acordo Firmado,88.0,Sudeste
CONTR_2026_09340,Vertice Asset e Cobranca,2026-03-28,114,16586.34,Em Aberto,46.0,Sudeste
CONTR_2026_09341,Nexus Mediacao Financeira,2026-03-08,101,6142.18,Ajuizado,52.0,Sul
CONTR_2026_09342,Nexus Mediacao Financeira,2026-04-11,38,3343.4,Insucesso,92.0,Sudeste
CONTR_2026_09343,Acerta Credito Integrado,2026-02-02,60,1306.35,Em Aberto,24.0,Sudeste
CONTR_2026_09344,Acerta Credito Integrado,2026-02-12,99,8266.06,Em Aberto,54.0,Centro-Oeste
CONTR_2026_09345,Fenix Recuperacao de Credito,2026-01-21,73,1836.48,Em Aberto,53.0,Sudeste
CONTR_2026_09346,Vertice Asset e Cobranca,2026-03-25,83,14063.41,Em Aberto,56.0,Nordeste
CONTR_2026_09347,Acerta Credito Integrado,2026-03-06,56,17471.44,Acordo Firmado,22.0,Nordeste
CONTR_2026_09348,Acerta Credito Integrado,2026-04-13,95,2548.7,Em Aberto,70.0,Sul
CONTR_2026_09349,Nexus Mediacao Financeira,2026-04-21,135,1798.45,Em Aberto,47.0,Sudeste
CONTR_2026_09350,Acerta Credito Integrado,2026-01-17,99,5723.29,Acordo Firmado,4.0,Sudeste
CONTR_2026_09351,Fenix Recuperacao de Credito,2026-04-03,119,2402.29,Acordo Firmado,34.0,Centro-Oeste
CONTR_2026_09352,Vertice Asset e Cobranca,2026-01-08,116,5102.68,Insucesso,51.0,Sudeste
CONTR_2026_09353,Acerta Credito Integrado,2026-03-05,79,3873.92,Ajuizado,27.0,Nordeste
CONTR_2026_09354,Fenix Recuperacao de Credito,2026-03-31,84,9051.7,Em Aberto,22.0,Sudeste
CONTR_2026_09355,Fenix Recuperacao de Credito,2026-01-28,134,45624.51,Insucesso,54.0,Nordeste
CONTR_2026_09356,Acerta Credito Integrado,2026-04-08,111,4251.43,Em Aberto,16.0,Sudeste
CONTR_2026_09357,Acerta Credito Integrado,2026-03-31,118,6976.19,Em Aberto,96.0,Nordeste
CONTR_2026_09358,Fenix Recuperacao de Credito,2026-01-13,94,3291.27,Em Aberto,57.0,Sudeste
CONTR_2026_09359,Acerta Credito Integrado,2026-04-18,78,11120.71,Insucesso,69.0,Centro-Oeste
CONTR_2026_09360,Nexus Mediacao Financeira,2026-04-11,81,1388.26,Acordo Firmado,59.0,Nordeste
CONTR_2026_09361,Nexus Mediacao Financeira,2026-01-13,131,4601.38,Acordo Firmado,41.0,Nordeste
CONTR_2026_09362,Acerta Credito Integrado,2026-02-07,89,2172.63,Em Aberto,33.0,Sudeste
CONTR_2026_09363,Vertice Asset e Cobranca,2026-01-25,127,2173.04,Em Aberto,45.0,Sul
CONTR_2026_09364,Fenix Recuperacao de Credito,2026-04-21,132,5007.08,Acordo Firmado,99.0,Sudeste
CONTR_2026_09365,Vertice Asset e Cobranca,2026-03-03,117,3039.4,Acordo Firmado,69.0,Nordeste
CONTR_2026_09366,Nexus Mediacao Financeira,2026-01-23,114,4271.73,Acordo Firmado,23.0,Nordeste
CONTR_2026_09367,Nexus Mediacao Financeira,2026-03-27,140,3023.97,Acordo Firmado,46.0,Centro-Oeste
CONTR_2026_09368,Acerta Credito Integrado,2026-01-21,64,4235.48,Em Aberto,32.0,Sul
CONTR_2026_09369,Acerta Credito Integrado,2026-02-23,77,2883.8,Insucesso,52.0,Norte
CONTR_2026_09370,Nexus Mediacao Financeira,2026-03-04,52,9336.77,Em Aberto,78.0,Sudeste
CONTR_2026_09371,Acerta Credito Integrado,2026-01-30,45,5280.28,Em Aberto,33.0,Sudeste
CONTR_2026_09372,Fenix Recuperacao de Credito,2026-03-16,88,2080.31,Acordo Firmado,69.0,Nordeste
CONTR_2026_09373,Fenix Recuperacao de Credito,2026-03-09,98,1242.47,Acordo Firmado,57.0,Sudeste
CONTR_2026_09374,Acerta Credito Integrado,2026-04-07,105,1288.25,Em Aberto,35.0,Sul
CONTR_2026_09375,Fenix Recuperacao de Credito,2026-04-21,69,3938.23,Ajuizado,54.0,Nordeste
CONTR_2026_09376,Fenix Recuperacao de Credito,2026-03-17,77,3085.25,Insucesso,58.0,Nordeste
CONTR_2026_09377,Nexus Mediacao Financeira,2026-03-14,115,2719.81,Acordo Firmado,86.0,Sul
CONTR_2026_09378,Vertice Asset e Cobranca,2026-02-01,46,6076.57,Em Aberto,70.0,Sudeste
CONTR_2026_09379,Acerta Credito Integrado,2026-03-16,90,9588.54,Em Aberto,98.0,Sul
CONTR_2026_09380,Vertice Asset e Cobranca,2026-04-11,129,1527.39,Em Aberto,56.0,Sul
CONTR_2026_09381,Fenix Recuperacao de Credito,2026-01-24,82,1782.52,Em Aberto,4.0,Sudeste
CONTR_2026_09382,Vertice Asset e Cobranca,2026-01-07,77,3500.24,Em Aberto,66.0,Nordeste
CONTR_2026_09383,Nexus Mediacao Financeira,2026-03-13,127,4112.38,Acordo Firmado,9.0,Sul
CONTR_2026_09384,Vertice Asset e Cobranca,2026-04-07,47,3714.54,Em Aberto,94.0,Centro-Oeste
CONTR_2026_09385,Nexus Mediacao Financeira,2026-03-30,65,6289.36,Acordo Firmado,19.0,Nordeste
CONTR_2026_09386,Acerta Credito Integrado,2026-01-01,67,1656.28,Em Aberto,63.0,Sudeste
CONTR_2026_09387,Fenix Recuperacao de Credito,2026-01-03,110,4613.29,Insucesso,60.0,Nordeste
CONTR_2026_09388,Vertice Asset e Cobranca,2026-04-14,41,9549.78,Em Aberto,51.0,Sudeste
CONTR_2026_09389,Vertice Asset e Cobranca,2026-01-28,127,14387.44,Acordo Firmado,73.0,Nordeste
CONTR_2026_09390,Nexus Mediacao Financeira,2026-02-12,89,5309.18,Em Aberto,5.0,Sudeste
CONTR_2026_09391,Fenix Recuperacao de Credito,2026-04-07,121,1944.96,Insucesso,16.0,Sudeste
CONTR_2026_09392,Vertice Asset e Cobranca,2026-02-15,127,7700.08,Acordo Firmado,90.0,Nordeste
CONTR_2026_09393,Fenix Recuperacao de Credito,2026-01-01,66,9156.31,Ajuizado,7.0,Sudeste
CONTR_2026_09394,Acerta Credito Integrado,2026-02-07,90,2292.59,Acordo Firmado,2.0,Nordeste
CONTR_2026_09395,Vertice Asset e Cobranca,2026-04-27,83,6858.34,Ajuizado,78.0,Nordeste
CONTR_2026_09396,Fenix Recuperacao de Credito,2026-04-01,88,14533.2,Em Aberto,31.0,Norte
CONTR_2026_09397,Fenix Recuperacao de Credito,2026-04-12,72,7544.19,Acordo Firmado,86.0,Sudeste
CONTR_2026_09398,Vertice Asset e Cobranca,2026-02-04,123,3885.57,Em Aberto,33.0,Sudeste
CONTR_2026_09399,Vertice Asset e Cobranca,2026-03-15,84,4123.82,Acordo Firmado,40.0,Sudeste
CONTR_2026_09400,Fenix Recuperacao de Credito,2026-03-17,79,1614.5,Insucesso,59.0,Sudeste
CONTR_2026_09401,Nexus Mediacao Financeira,2026-03-15,123,4933.95,Em Aberto,95.0,Sudeste
CONTR_2026_09402,Vertice Asset e Cobranca,2026-02-23,115,9314.76,Em Aberto,83.0,Nordeste
CONTR_2026_09403,Nexus Mediacao Financeira,2026-04-08,98,20397.72,Em Aberto,6.0,Nordeste
CONTR_2026_09404,Vertice Asset e Cobranca,2026-01-24,78,3748.33,Acordo Firmado,46.0,Sudeste
CONTR_2026_09405,Fenix Recuperacao de Credito,2026-01-28,133,4057.9,Acordo Firmado,40.0,Nordeste
CONTR_2026_09406,Vertice Asset e Cobranca,2026-01-22,58,1481.6,Em Aberto,43.0,Nordeste
CONTR_2026_09407,Fenix Recuperacao de Credito,2026-04-19,122,8660.97,Em Aberto,74.0,Sudeste
CONTR_2026_09408,Nexus Mediacao Financeira,2026-01-16,108,7505.5,Em Aberto,12.0,Nordeste
CONTR_2026_09409,Fenix Recuperacao de Credito,2026-01-13,52,3778.57,Em Aberto,90.0,Sudeste
CONTR_2026_09410,Nexus Mediacao Financeira,2026-04-10,92,7376.9,Em Aberto,4.0,Norte
CONTR_2026_09411,Fenix Recuperacao de Credito,2026-04-10,50,6077.89,Acordo Firmado,59.0,Nordeste
CONTR_2026_09412,Nexus Mediacao Financeira,2026-03-03,79,8526.54,Acordo Firmado,49.0,Sudeste
CONTR_2026_09413,Acerta Credito Integrado,2026-02-12,98,3085.43,Em Aberto,5.0,Sul
CONTR_2026_09414,Fenix Recuperacao de Credito,2026-03-28,59,6460.82,Insucesso,94.0,Nordeste
CONTR_2026_09415,Vertice Asset e Cobranca,2026-03-19,19,6112.44,Acordo Firmado,24.0,Sul
CONTR_2026_09416,Fenix Recuperacao de Credito,2026-02-01,86,1674.25,Em Aberto,35.0,Sudeste
CONTR_2026_09417,Nexus Mediacao Financeira,2026-03-08,96,2849.14,Insucesso,5.0,Sudeste
CONTR_2026_09418,Vertice Asset e Cobranca,2026-04-01,78,11037.74,Insucesso,5.0,Sudeste
CONTR_2026_09419,Nexus Mediacao Financeira,2026-03-24,89,2048.8,Em Aberto,72.0,Sudeste
CONTR_2026_09420,Nexus Mediacao Financeira,2026-03-27,84,3586.66,Em Aberto,99.0,Sudeste
CONTR_2026_09421,Fenix Recuperacao de Credito,2026-02-26,59,2475.98,Em Aberto,55.0,Nordeste
CONTR_2026_09422,Nexus Mediacao Financeira,2026-03-06,148,1955.19,Acordo Firmado,65.0,Sudeste
CONTR_2026_09423,Nexus Mediacao Financeira,2026-03-10,99,1933.29,Ajuizado,51.0,Sul
CONTR_2026_09424,Vertice Asset e Cobranca,2026-02-18,77,3338.21,Insucesso,7.0,Centro-Oeste
CONTR_2026_09425,Fenix Recuperacao de Credito,2026-02-02,65,9334.79,Acordo Firmado,51.0,Sudeste
CONTR_2026_09426,Acerta Credito Integrado,2026-04-25,78,18153.65,Em Aberto,78.0,Sul
CONTR_2026_09427,Vertice Asset e Cobranca,2026-01-19,79,5441.25,Acordo Firmado,77.0,Sudeste
CONTR_2026_09428,Acerta Credito Integrado,2026-02-05,91,6242.36,Em Aberto,44.0,Nordeste
CONTR_2026_09429,Vertice Asset e Cobranca,2026-04-25,124,8742.17,Ajuizado,29.0,Sul
CONTR_2026_09430,Acerta Credito Integrado,2026-03-11,65,6620.61,Acordo Firmado,2.0,Sul
CONTR_2026_09431,Acerta Credito Integrado,2026-01-15,95,10629.97,Insucesso,58.0,Nordeste
CONTR_2026_09432,Fenix Recuperacao de Credito,2026-04-10,113,11973.04,Acordo Firmado,71.0,Sudeste
CONTR_2026_09433,Acerta Credito Integrado,2026-04-30,69,6140.38,Acordo Firmado,10.0,Norte
CONTR_2026_09434,Vertice Asset e Cobranca,2026-04-07,69,5007.8,Em Aberto,84.0,Sudeste
CONTR_2026_09435,Vertice Asset e Cobranca,2026-01-24,44,3680.11,Em Aberto,89.0,Sudeste
CONTR_2026_09436,Vertice Asset e Cobranca,2026-01-27,140,4295.59,Ajuizado,55.0,Sul
CONTR_2026_09437,Acerta Credito Integrado,2026-02-18,105,3319.1,Acordo Firmado,90.0,Nordeste
CONTR_2026_09438,Fenix Recuperacao de Credito,2026-03-16,72,3984.05,Ajuizado,42.0,Nordeste
CONTR_2026_09439,Fenix Recuperacao de Credito,2026-04-23,71,12698.44,Insucesso,70.0,Sul
CONTR_2026_09440,Acerta Credito Integrado,2026-01-23,59,19144.61,Insucesso,68.0,Sudeste
CONTR_2026_09441,Fenix Recuperacao de Credito,2026-02-02,94,3443.43,Insucesso,72.0,Sudeste
CONTR_2026_09442,Fenix Recuperacao de Credito,2026-02-10,79,2446.09,Insucesso,13.0,Sudeste
CONTR_2026_09443,Fenix Recuperacao de Credito,2026-04-20,62,1607.08,Em Aberto,37.0,Sudeste
CONTR_2026_09444,Vertice Asset e Cobranca,2026-04-21,66,10267.91,Acordo Firmado,8.0,Norte
CONTR_2026_09445,Vertice Asset e Cobranca,2026-02-25,111,11426.79,Em Aberto,40.0,Sudeste
CONTR_2026_09446,Fenix Recuperacao de Credito,2026-01-29,78,4193.48,Acordo Firmado,93.0,Centro-Oeste
CONTR_2026_09447,Vertice Asset e Cobranca,2026-01-31,53,5108.99,Acordo Firmado,91.0,Nordeste
CONTR_2026_09448,Acerta Credito Integrado,2026-03-06,91,7931.93,Acordo Firmado,9.0,Sul
CONTR_2026_09449,Vertice Asset e Cobranca,2026-04-08,69,3556.84,Acordo Firmado,78.0,Nordeste
CONTR_2026_09450,Vertice Asset e Cobranca,2026-01-18,109,2325.04,Em Aberto,51.0,Sudeste
CONTR_2026_09451,Vertice Asset e Cobranca,2026-03-23,135,1809.05,Acordo Firmado,75.0,Nordeste
CONTR_2026_09452,Nexus Mediacao Financeira,2026-01-06,31,2540.97,Em Aberto,89.0,Nordeste
CONTR_2026_09453,Fenix Recuperacao de Credito,2026-02-21,68,6382.89,Em Aberto,87.0,Nordeste
CONTR_2026_09454,Fenix Recuperacao de Credito,2026-02-09,94,3336.14,Acordo Firmado,10.0,Sudeste
CONTR_2026_09455,Acerta Credito Integrado,2026-03-06,87,11313.54,Acordo Firmado,71.0,Sudeste
CONTR_2026_09456,Vertice Asset e Cobranca,2026-04-21,127,1658.08,Em Aberto,77.0,Nordeste
CONTR_2026_09457,Vertice Asset e Cobranca,2026-02-11,89,3892.44,Em Aberto,22.0,Sudeste
CONTR_2026_09458,Acerta Credito Integrado,2026-04-04,96,2685.04,Acordo Firmado,56.0,Nordeste
CONTR_2026_09459,Nexus Mediacao Financeira,2026-03-09,102,12132.77,Acordo Firmado,46.0,Centro-Oeste
CONTR_2026_09460,Vertice Asset e Cobranca,2026-02-01,69,9405.0,Em Aberto,18.0,Sudeste
CONTR_2026_09461,Nexus Mediacao Financeira,2026-01-10,-999,21973.19,Em Aberto,73.0,Nordeste
CONTR_2026_09462,Fenix Recuperacao de Credito,2026-04-17,102,1835.04,Acordo Firmado,86.0,Sudeste
CONTR_2026_09463,Acerta Credito Integrado,2026-03-10,93,8821.89,Em Aberto,59.0,Centro-Oeste
CONTR_2026_09464,Vertice Asset e Cobranca,2026-01-09,32,1872.58,Em Aberto,61.0,Sudeste
CONTR_2026_09465,Acerta Credito Integrado,2026-03-10,67,2042.23,Em Aberto,52.0,Sudeste
CONTR_2026_09466,Vertice Asset e Cobranca,2026-03-02,95,1399.9,Em Aberto,9.0,Nordeste
CONTR_2026_09467,Fenix Recuperacao de Credito,2026-01-11,87,4324.71,Acordo Firmado,63.0,Nordeste
CONTR_2026_09468,Fenix Recuperacao de Credito,2026-04-09,112,1872.7,Em Aberto,64.0,Sudeste
CONTR_2026_09469,Nexus Mediacao Financeira,2026-04-01,112,3341.24,Acordo Firmado,14.0,Sul
CONTR_2026_09470,Vertice Asset e Cobranca,2026-03-09,100,2816.2,Acordo Firmado,76.0,Sudeste
CONTR_2026_09471,Vertice Asset e Cobranca,2026-03-15,112,19922.98,Em Aberto,17.0,Nordeste
CONTR_2026_09472,Nexus Mediacao Financeira,2026-04-13,105,6568.57,Acordo Firmado,17.0,Sudeste
CONTR_2026_09473,Acerta Credito Integrado,2026-04-07,74,3842.03,Insucesso,51.0,Sul
CONTR_2026_09474,Fenix Recuperacao de Credito,2026-04-12,89,11737.3,Acordo Firmado,56.0,Nordeste
CONTR_2026_09475,Fenix Recuperacao de Credito,2026-01-08,57,1529.87,Em Aberto,51.0,Sudeste
CONTR_2026_09476,Acerta Credito Integrado,2026-02-18,134,3234.26,Acordo Firmado,77.0,Centro-Oeste
CONTR_2026_09477,Vertice Asset e Cobranca,2026-01-24,52,4813.84,Acordo Firmado,36.0,Nordeste
CONTR_2026_09478,Acerta Credito Integrado,2026-04-13,27,1476.91,Insucesso,62.0,Centro-Oeste
CONTR_2026_09479,Vertice Asset e Cobranca,2026-02-02,153,1988.29,Acordo Firmado,18.0,Nordeste
CONTR_2026_09480,Fenix Recuperacao de Credito,2026-04-15,87,12471.24,Em Aberto,94.0,Nordeste
CONTR_2026_09481,Fenix Recuperacao de Credito,2026-04-17,116,2189.97,Em Aberto,55.0,Sudeste
CONTR_2026_09482,Vertice Asset e Cobranca,2026-01-19,111,13933.29,Acordo Firmado,42.0,Sul
CONTR_2026_09483,Nexus Mediacao Financeira,2026-01-02,121,1705.02,Ajuizado,65.0,Nordeste
CONTR_2026_09484,Acerta Credito Integrado,2026-02-24,107,12155.89,Em Aberto,14.0,Nordeste
CONTR_2026_09485,Acerta Credito Integrado,2026-01-11,107,4223.04,Acordo Firmado,10.0,Norte
CONTR_2026_09486,Nexus Mediacao Financeira,2026-04-09,19,5457.96,Acordo Firmado,5.0,Sudeste
CONTR_2026_09487,Fenix Recuperacao de Credito,2026-01-17,61,2853.8,Em Aberto,22.0,Nordeste
CONTR_2026_09488,Fenix Recuperacao de Credito,2026-02-11,15,2796.48,Em Aberto,93.0,Nordeste
CONTR_2026_09489,Fenix Recuperacao de Credito,2026-03-02,65,4587.68,Insucesso,96.0,Nordeste
CONTR_2026_09490,Vertice Asset e Cobranca,2026-01-03,74,3398.79,Ajuizado,51.0,Norte
CONTR_2026_09491,Nexus Mediacao Financeira,2026-03-27,86,1604.4,Insucesso,37.0,Centro-Oeste
CONTR_2026_09492,Fenix Recuperacao de Credito,2026-02-04,61,3382.33,Em Aberto,33.0,Nordeste
CONTR_2026_09493,Vertice Asset e Cobranca,2026-03-26,79,2669.88,Acordo Firmado,94.0,Sudeste
CONTR_2026_09494,Fenix Recuperacao de Credito,2026-03-30,74,10673.6,Em Aberto,97.0,Norte
CONTR_2026_09495,Nexus Mediacao Financeira,2026-04-13,100,10317.13,Em Aberto,10.0,Nordeste
CONTR_2026_09496,Vertice Asset e Cobranca,2026-03-07,112,1962.72,Ajuizado,64.0,Centro-Oeste
CONTR_2026_09497,Vertice Asset e Cobranca,2026-01-01,96,7747.95,Em Aberto,58.0,Nordeste
CONTR_2026_09498,Vertice Asset e Cobranca,2026-01-07,108,4196.82,Em Aberto,63.0,Nordeste
CONTR_2026_09499,Vertice Asset e Cobranca,2026-01-20,95,11343.99,Acordo Firmado,35.0,Nordeste
CONTR_2026_09500,Fenix Recuperacao de Credito,2026-02-12,125,2800.95,Acordo Firmado,49.0,Sul
CONTR_2026_09501,Nexus Mediacao Financeira,2026-04-29,145,1661.22,Acordo Firmado,28.0,Nordeste
CONTR_2026_09502,Acerta Credito Integrado,2026-01-06,16,9259.63,Em Aberto,55.0,Nordeste
CONTR_2026_09503,Nexus Mediacao Financeira,2026-02-24,123,11338.36,Insucesso,9.0,Sul
CONTR_2026_09504,Fenix Recuperacao de Credito,2026-04-10,51,10378.91,Em Aberto,75.0,Sudeste
CONTR_2026_09505,Vertice Asset e Cobranca,2026-04-25,95,3197.16,Insucesso,45.0,Centro-Oeste
CONTR_2026_09506,Vertice Asset e Cobranca,2026-01-21,97,1356.76,Acordo Firmado,27.0,Sudeste
CONTR_2026_09507,Fenix Recuperacao de Credito,2026-02-20,108,1951.88,Em Aberto,32.0,Nordeste
CONTR_2026_09508,Nexus Mediacao Financeira,2026-02-15,88,13789.35,Em Aberto,41.0,Nordeste
CONTR_2026_09509,Vertice Asset e Cobranca,2026-02-04,89,3463.33,Acordo Firmado,21.0,Sul
CONTR_2026_09510,Fenix Recuperacao de Credito,2026-04-10,100,11810.01,Insucesso,76.0,Centro-Oeste
CONTR_2026_09511,Nexus Mediacao Financeira,2026-01-08,79,20967.65,Insucesso,7.0,Sul
CONTR_2026_09512,Nexus Mediacao Financeira,2026-04-24,33,3718.54,Insucesso,22.0,Sudeste
CONTR_2026_09513,Fenix Recuperacao de Credito,2026-03-09,89,8690.51,Acordo Firmado,96.0,Sudeste
CONTR_2026_09514,Nexus Mediacao Financeira,2026-04-17,67,2126.32,Acordo Firmado,54.0,Nordeste
CONTR_2026_09515,Nexus Mediacao Financeira,2026-01-16,64,3620.5,Acordo Firmado,67.0,Sul
CONTR_2026_09516,Fenix Recuperacao de Credito,2026-03-08,62,7306.99,Em Aberto,76.0,Nordeste
CONTR_2026_09517,Vertice Asset e Cobranca,2026-03-12,30,2360.36,Em Aberto,58.0,Norte
CONTR_2026_09518,Acerta Credito Integrado,2026-03-05,78,3126.81,Em Aberto,77.0,Nordeste
CONTR_2026_09519,Nexus Mediacao Financeira,2026-01-02,90,5348.59,Em Aberto,86.0,Nordeste
CONTR_2026_09520,Vertice Asset e Cobranca,2026-01-01,113,7075.5,Acordo Firmado,64.0,Nordeste
CONTR_2026_09521,Vertice Asset e Cobranca,2026-02-27,72,3407.11,Acordo Firmado,42.0,Sudeste
CONTR_2026_09522,Nexus Mediacao Financeira,2026-01-01,137,3564.47,Acordo Firmado,51.0,Nordeste
CONTR_2026_09523,Fenix Recuperacao de Credito,2026-04-12,107,1781.93,Em Aberto,28.0,Nordeste
CONTR_2026_09524,Nexus Mediacao Financeira,2026-04-25,56,21895.27,Em Aberto,58.0,Sudeste
CONTR_2026_09525,Fenix Recuperacao de Credito,2026-01-07,75,5936.79,Em Aberto,5.0,Norte
CONTR_2026_09526,Vertice Asset e Cobranca,2026-03-29,150,4978.6,Acordo Firmado,94.0,Sul
CONTR_2026_09527,Acerta Credito Integrado,2026-03-10,112,2387.18,Em Aberto,55.0,Nordeste
CONTR_2026_09528,Fenix Recuperacao de Credito,2026-03-26,74,4547.45,Acordo Firmado,96.0,Sudeste
CONTR_2026_09529,Vertice Asset e Cobranca,2026-04-02,116,4164.8,Insucesso,60.0,Nordeste
CONTR_2026_09530,Fenix Recuperacao de Credito,2026-01-18,52,2695.8,Acordo Firmado,45.0,Sudeste
CONTR_2026_09531,Fenix Recuperacao de Credito,2026-03-29,73,4155.43,Ajuizado,84.0,Nordeste
CONTR_2026_09532,Fenix Recuperacao de Credito,2026-02-01,20,2337.83,Em Aberto,20.0,Sudeste
CONTR_2026_09533,Vertice Asset e Cobranca,2026-02-14,108,7393.25,Em Aberto,9.0,Sul
CONTR_2026_09534,Acerta Credito Integrado,2026-02-02,55,13172.69,Em Aberto,7.0,Sudeste
CONTR_2026_09535,Vertice Asset e Cobranca,2026-03-15,87,1212.96,Ajuizado,7.0,Sudeste
CONTR_2026_09536,Vertice Asset e Cobranca,2026-03-14,43,5262.54,Acordo Firmado,90.0,Norte
CONTR_2026_09537,Nexus Mediacao Financeira,2026-02-18,96,7789.8,Em Aberto,97.0,Nordeste
CONTR_2026_09538,Acerta Credito Integrado,2026-02-02,87,13086.32,Insucesso,50.0,Sul
CONTR_2026_09539,Fenix Recuperacao de Credito,2026-04-07,45,3419.11,Acordo Firmado,95.0,Sudeste
CONTR_2026_09540,Nexus Mediacao Financeira,2026-03-12,75,13083.95,Em Aberto,14.0,Nordeste
CONTR_2026_09541,Fenix Recuperacao de Credito,2026-03-09,93,9930.66,Insucesso,99.0,Sudeste
CONTR_2026_09542,Vertice Asset e Cobranca,2026-01-28,103,4924.46,Em Aberto,94.0,Sudeste
CONTR_2026_09543,Vertice Asset e Cobranca,2026-03-28,137,2684.91,Acordo Firmado,35.0,Nordeste
CONTR_2026_09544,Vertice Asset e Cobranca,2026-02-22,126,6489.51,Acordo Firmado,63.0,Sul
CONTR_2026_09545,Vertice Asset e Cobranca,2026-04-06,69,2709.3,Insucesso,19.0,Nordeste
CONTR_2026_09546,Fenix Recuperacao de Credito,2026-02-13,68,3345.05,Ajuizado,73.0,Nordeste
CONTR_2026_09547,Fenix Recuperacao de Credito,2026-03-21,47,4346.07,Em Aberto,59.0,Nordeste
CONTR_2026_09548,Fenix Recuperacao de Credito,2026-04-20,59,4645.53,Em Aberto,82.0,Nordeste
CONTR_2026_09549,Vertice Asset e Cobranca,2026-02-24,115,2248.34,Em Aberto,64.0,Sul
CONTR_2026_09550,Vertice Asset e Cobranca,2026-01-10,42,7117.62,Em Aberto,65.0,Sul
CONTR_2026_09551,Fenix Recuperacao de Credito,2026-01-14,85,25289.44,Acordo Firmado,17.0,Sudeste
CONTR_2026_09552,Fenix Recuperacao de Credito,2026-04-13,80,2597.71,Em Aberto,86.0,Sudeste
CONTR_2026_09553,Acerta Credito Integrado,2026-02-05,67,5243.24,Acordo Firmado,12.0,Nordeste
CONTR_2026_09554,Nexus Mediacao Financeira,2026-02-03,50,4232.24,Acordo Firmado,55.0,Nordeste
CONTR_2026_09555,Nexus Mediacao Financeira,2026-03-29,33,3039.25,Acordo Firmado,18.0,Sudeste
CONTR_2026_09556,Acerta Credito Integrado,2026-01-18,51,3921.74,Ajuizado,66.0,Nordeste
CONTR_2026_09557,Fenix Recuperacao de Credito,2026-01-16,87,7797.34,Em Aberto,24.0,Centro-Oeste
CONTR_2026_09558,Nexus Mediacao Financeira,2026-04-15,107,3878.49,Acordo Firmado,4.0,Sudeste
CONTR_2026_09559,Nexus Mediacao Financeira,2026-02-06,138,4733.82,Insucesso,87.0,Norte
CONTR_2026_09560,Nexus Mediacao Financeira,2026-02-10,100,4443.16,Em Aberto,4.0,Nordeste
CONTR_2026_09561,Acerta Credito Integrado,2026-01-25,107,5250.99,Em Aberto,21.0,Sudeste
CONTR_2026_09562,Fenix Recuperacao de Credito,2026-01-08,138,2920.85,Em Aberto,27.0,Nordeste
CONTR_2026_09563,Nexus Mediacao Financeira,2026-03-29,100,4763.71,Insucesso,11.0,Sudeste
CONTR_2026_09564,Nexus Mediacao Financeira,2026-03-25,119,1924.21,Em Aberto,51.0,Sudeste
CONTR_2026_09565,Vertice Asset e Cobranca,2026-04-22,78,7962.06,Ajuizado,64.0,Sudeste
CONTR_2026_09566,Vertice Asset e Cobranca,2026-04-04,111,1787.87,Em Aberto,88.0,Sul
CONTR_2026_09567,Nexus Mediacao Financeira,2026-03-25,96,8884.64,Em Aberto,27.0,Sudeste
CONTR_2026_09568,Acerta Credito Integrado,2026-01-18,82,9930.32,Em Aberto,64.0,Sudeste
CONTR_2026_09569,Vertice Asset e Cobranca,2026-03-09,136,1296.23,Em Aberto,36.0,Nordeste
CONTR_2026_09570,Acerta Credito Integrado,2026-02-17,53,10084.53,Acordo Firmado,91.0,Sudeste
CONTR_2026_09571,Vertice Asset e Cobranca,2026-04-10,64,6423.02,Insucesso,92.0,Nordeste
CONTR_2026_09572,Fenix Recuperacao de Credito,2026-03-11,9999,1709.66,Em Aberto,62.0,Sudeste
CONTR_2026_09573,Fenix Recuperacao de Credito,2026-03-08,119,32077.83,Acordo Firmado,47.0,Nordeste
CONTR_2026_09574,Fenix Recuperacao de Credito,2026-01-18,90,5978.63,Em Aberto,98.0,Nordeste
CONTR_2026_09575,Vertice Asset e Cobranca,2026-04-21,100,3761.28,Insucesso,66.0,Sul
CONTR_2026_09576,Vertice Asset e Cobranca,2026-04-14,105,12023.45,Insucesso,41.0,Sul
CONTR_2026_09577,Acerta Credito Integrado,2026-01-18,100,1412.57,Em Aberto,90.0,Nordeste
CONTR_2026_09578,Acerta Credito Integrado,2026-02-25,97,7517.6,Ajuizado,45.0,Nordeste
CONTR_2026_09579,Fenix Recuperacao de Credito,2026-01-23,64,1975.82,Acordo Firmado,79.0,Sudeste
CONTR_2026_09580,Fenix Recuperacao de Credito,2026-02-04,127,5220.4,Em Aberto,24.0,Sudeste
CONTR_2026_09581,Vertice Asset e Cobranca,2026-01-06,83,1704.31,Ajuizado,19.0,Centro-Oeste
CONTR_2026_09582,Nexus Mediacao Financeira,2026-04-28,60,6883.84,Insucesso,71.0,Sudeste
CONTR_2026_09583,Fenix Recuperacao de Credito,2026-01-26,94,4326.77,Acordo Firmado,81.0,Norte
CONTR_2026_09584,Fenix Recuperacao de Credito,2026-03-26,100,1233.62,Acordo Firmado,68.0,Sudeste
CONTR_2026_09585,Fenix Recuperacao de Credito,2026-03-02,101,1570.38,Acordo Firmado,100.0,Sudeste
CONTR_2026_09586,Acerta Credito Integrado,2026-03-29,119,7270.77,Em Aberto,40.0,Sudeste
CONTR_2026_09587,Fenix Recuperacao de Credito,2026-01-15,78,3749.61,Em Aberto,94.0,Nordeste
CONTR_2026_09588,Vertice Asset e Cobranca,2026-04-01,88,6776.04,Acordo Firmado,64.0,Nordeste
CONTR_2026_09589,Vertice Asset e Cobranca,2026-02-01,64,3670.2,Em Aberto,51.0,Sul
CONTR_2026_09590,Acerta Credito Integrado,2026-01-12,97,3444.64,Em Aberto,43.0,Centro-Oeste
CONTR_2026_09591,Nexus Mediacao Financeira,2026-01-05,64,10852.14,Em Aberto,62.0,Sul
CONTR_2026_09592,Fenix Recuperacao de Credito,2026-03-05,72,10848.48,Em Aberto,55.0,Nordeste
CONTR_2026_09593,Acerta Credito Integrado,2026-03-12,119,13815.09,Em Aberto,78.0,Sul
CONTR_2026_09594,Vertice Asset e Cobranca,2026-03-27,94,9858.63,Acordo Firmado,42.0,Sudeste
CONTR_2026_09595,Vertice Asset e Cobranca,2026-01-27,132,1881.57,Insucesso,59.0,Sudeste
CONTR_2026_09596,Vertice Asset e Cobranca,2026-03-20,125,1544.03,Acordo Firmado,48.0,Nordeste
CONTR_2026_09597,Vertice Asset e Cobranca,2026-04-13,96,1500.97,Insucesso,46.0,Sudeste
CONTR_2026_09598,Vertice Asset e Cobranca,2026-02-14,100,20811.95,Acordo Firmado,53.0,Sudeste
CONTR_2026_09599,Fenix Recuperacao de Credito,2026-02-04,82,4677.27,Em Aberto,64.0,Sudeste
CONTR_2026_09600,Vertice Asset e Cobranca,2026-01-26,121,1811.8,Ajuizado,20.0,Sul
CONTR_2026_09601,Fenix Recuperacao de Credito,2026-01-23,100,5129.55,Em Aberto,29.0,Sudeste
CONTR_2026_09602,Acerta Credito Integrado,2026-01-13,117,7394.49,Acordo Firmado,54.0,Nordeste
CONTR_2026_09603,Fenix Recuperacao de Credito,2026-03-31,70,1696.29,Em Aberto,53.0,Centro-Oeste
CONTR_2026_09604,Fenix Recuperacao de Credito,2026-01-03,49,3326.33,Acordo Firmado,90.0,Sul
CONTR_2026_09605,Nexus Mediacao Financeira,2026-01-29,105,2240.19,Ajuizado,83.0,Sudeste
CONTR_2026_09606,Acerta Credito Integrado,2026-03-07,111,19731.34,Em Aberto,8.0,Sudeste
CONTR_2026_09607,Acerta Credito Integrado,2026-03-05,92,3115.3,Em Aberto,20.0,Sudeste
CONTR_2026_09608,Vertice Asset e Cobranca,2026-01-28,107,7064.07,Ajuizado,65.0,Nordeste
CONTR_2026_09609,Fenix Recuperacao de Credito,2026-03-28,64,13731.7,Acordo Firmado,80.0,Norte
CONTR_2026_09610,Acerta Credito Integrado,2026-02-05,118,11145.74,Em Aberto,58.0,Sudeste
CONTR_2026_09611,Nexus Mediacao Financeira,2026-04-23,125,3704.16,Acordo Firmado,65.0,Nordeste
CONTR_2026_09612,Fenix Recuperacao de Credito,2026-01-06,-999,3061.93,Acordo Firmado,35.0,Sudeste
CONTR_2026_09613,Fenix Recuperacao de Credito,2026-01-11,93,9483.91,Ajuizado,8.0,Sul
CONTR_2026_09614,Fenix Recuperacao de Credito,2026-02-07,125,2348.06,Ajuizado,8.0,Sudeste
CONTR_2026_09615,Vertice Asset e Cobranca,2026-04-28,55,7517.22,Acordo Firmado,66.0,Sudeste
CONTR_2026_09616,Acerta Credito Integrado,2026-02-03,107,10217.74,Em Aberto,28.0,Sul
CONTR_2026_09617,Nexus Mediacao Financeira,2026-03-22,111,10659.68,Em Aberto,95.0,Sudeste
CONTR_2026_09618,Fenix Recuperacao de Credito,2026-03-08,105,1244.79,Acordo Firmado,44.0,Sudeste
CONTR_2026_09619,Acerta Credito Integrado,2026-04-18,61,4664.44,Acordo Firmado,16.0,Nordeste
CONTR_2026_09620,Fenix Recuperacao de Credito,2026-02-15,96,3412.65,Acordo Firmado,75.0,Nordeste
CONTR_2026_09621,Vertice Asset e Cobranca,2026-04-08,82,20482.92,Insucesso,51.0,Sudeste
CONTR_2026_09622,Fenix Recuperacao de Credito,2026-03-27,31,5127.15,Acordo Firmado,78.0,Nordeste
CONTR_2026_09623,Vertice Asset e Cobranca,2026-01-29,54,3988.22,Acordo Firmado,37.0,Nordeste
CONTR_2026_09624,Acerta Credito Integrado,2026-03-01,124,2600.97,Em Aberto,33.0,Sul
CONTR_2026_09625,Vertice Asset e Cobranca,2026-02-23,78,10542.02,Ajuizado,8.0,Nordeste
CONTR_2026_09626,Vertice Asset e Cobranca,2026-04-03,121,3123.69,Acordo Firmado,34.0,Nordeste
CONTR_2026_09627,Nexus Mediacao Financeira,2026-03-10,124,9965.21,Acordo Firmado,13.0,Sudeste
CONTR_2026_09628,Acerta Credito Integrado,2026-03-15,106,12310.0,Ajuizado,16.0,Sudeste
CONTR_2026_09629,Fenix Recuperacao de Credito,2026-03-15,71,1499.68,Em Aberto,36.0,Sul
CONTR_2026_09630,Vertice Asset e Cobranca,2026-04-27,118,4766.61,Acordo Firmado,54.0,Norte
CONTR_2026_09631,Fenix Recuperacao de Credito,2026-01-09,96,3926.86,Em Aberto,85.0,Nordeste
CONTR_2026_09632,Nexus Mediacao Financeira,2026-03-26,91,3697.02,Em Aberto,81.0,Nordeste
CONTR_2026_09633,Fenix Recuperacao de Credito,2026-03-18,62,3521.84,Em Aberto,39.0,Sudeste
CONTR_2026_09634,Nexus Mediacao Financeira,2026-01-10,74,4996.29,Em Aberto,53.0,Norte
CONTR_2026_09635,Vertice Asset e Cobranca,2026-04-12,63,1897.47,Acordo Firmado,34.0,Sudeste
CONTR_2026_09636,Fenix Recuperacao de Credito,2026-03-16,-999,11450.89,Insucesso,18.0,Sudeste
CONTR_2026_09637,Fenix Recuperacao de Credito,2026-03-09,136,5282.03,Em Aberto,51.0,Sudeste
CONTR_2026_09638,Fenix Recuperacao de Credito,2026-02-27,117,3331.74,Em Aberto,100.0,Nordeste
CONTR_2026_09639,Vertice Asset e Cobranca,2026-04-20,95,2592.15,Em Aberto,36.0,Sul
CONTR_2026_09640,Fenix Recuperacao de Credito,2026-04-05,80,5992.91,Acordo Firmado,5.0,Sudeste
CONTR_2026_09641,Vertice Asset e Cobranca,2026-04-23,104,8926.02,Acordo Firmado,28.0,Sul
CONTR_2026_09642,Nexus Mediacao Financeira,2026-02-21,77,4106.77,Insucesso,49.0,Nordeste
CONTR_2026_09643,Vertice Asset e Cobranca,2026-02-03,89,22042.43,Em Aberto,69.0,Sul
CONTR_2026_09644,Fenix Recuperacao de Credito,2026-04-16,65,5034.7,Acordo Firmado,68.0,Centro-Oeste
CONTR_2026_09645,Vertice Asset e Cobranca,2026-02-04,109,20495.13,Acordo Firmado,3.0,Norte
CONTR_2026_09646,Nexus Mediacao Financeira,2026-04-13,111,17630.5,Em Aberto,33.0,Sudeste
CONTR_2026_09647,Acerta Credito Integrado,2026-04-13,117,5778.26,Insucesso,57.0,Nordeste
CONTR_2026_09648,Nexus Mediacao Financeira,2026-02-02,106,5553.44,Em Aberto,52.0,Sudeste
CONTR_2026_09649,Nexus Mediacao Financeira,2026-03-13,104,1758.42,Em Aberto,67.0,Sudeste
CONTR_2026_09650,Fenix Recuperacao de Credito,2026-02-01,58,14445.09,Em Aberto,72.0,Sudeste
CONTR_2026_09651,Vertice Asset e Cobranca,2026-02-24,57,9328.08,Em Aberto,23.0,Sul
CONTR_2026_09652,Fenix Recuperacao de Credito,2026-04-07,99,4670.37,Acordo Firmado,70.0,Nordeste
CONTR_2026_09653,Fenix Recuperacao de Credito,2026-01-08,123,3029.36,Acordo Firmado,27.0,Sudeste
CONTR_2026_09654,Fenix Recuperacao de Credito,2026-02-15,81,10317.68,Acordo Firmado,86.0,Nordeste
CONTR_2026_09655,Nexus Mediacao Financeira,2026-01-14,90,2923.15,Em Aberto,34.0,Sul
CONTR_2026_09656,Nexus Mediacao Financeira,2026-04-08,90,5102.88,Acordo Firmado,65.0,Sudeste
CONTR_2026_09657,Fenix Recuperacao de Credito,2026-01-08,34,2308.39,Insucesso,36.0,Sudeste
CONTR_2026_09658,Fenix Recuperacao de Credito,2026-04-25,97,9361.32,Em Aberto,91.0,Nordeste
CONTR_2026_09659,Nexus Mediacao Financeira,2026-04-16,73,8187.97,Acordo Firmado,9.0,Nordeste
CONTR_2026_09660,Acerta Credito Integrado,2026-03-12,108,2924.96,Insucesso,25.0,Sudeste
CONTR_2026_09661,Nexus Mediacao Financeira,2026-03-18,89,1824.17,Acordo Firmado,78.0,Sudeste
CONTR_2026_09662,Vertice Asset e Cobranca,2026-02-23,84,2174.42,Em Aberto,18.0,Nordeste
CONTR_2026_09663,Vertice Asset e Cobranca,2026-01-21,85,5990.18,Em Aberto,82.0,Sudeste
CONTR_2026_09664,Fenix Recuperacao de Credito,2026-04-21,80,2012.83,Insucesso,27.0,Nordeste
CONTR_2026_09665,Vertice Asset e Cobranca,2026-04-06,49,3129.24,Insucesso,9.0,Centro-Oeste
CONTR_2026_09666,Acerta Credito Integrado,2026-03-16,118,10337.93,Insucesso,76.0,Centro-Oeste
CONTR_2026_09667,Fenix Recuperacao de Credito,2026-01-14,70,1626.55,Insucesso,56.0,Nordeste
CONTR_2026_09668,Fenix Recuperacao de Credito,2026-03-16,75,5551.58,Acordo Firmado,47.0,Nordeste
CONTR_2026_09669,Acerta Credito Integrado,2026-01-02,92,3752.68,Ajuizado,82.0,Centro-Oeste
CONTR_2026_09670,Acerta Credito Integrado,2026-04-08,56,1840.96,Acordo Firmado,49.0,Nordeste
CONTR_2026_09671,Vertice Asset e Cobranca,2026-03-02,75,4760.99,Acordo Firmado,14.0,Nordeste
CONTR_2026_09672,Nexus Mediacao Financeira,2026-04-18,147,4835.02,Acordo Firmado,74.0,Centro-Oeste
CONTR_2026_09673,Vertice Asset e Cobranca,2026-04-21,100,3574.77,Em Aberto,84.0,Centro-Oeste
CONTR_2026_09674,Fenix Recuperacao de Credito,2026-01-17,64,1484.56,Em Aberto,22.0,Nordeste
CONTR_2026_09675,Vertice Asset e Cobranca,2026-03-19,27,2358.82,Em Aberto,59.0,Nordeste
CONTR_2026_09676,Nexus Mediacao Financeira,2026-03-30,120,3793.61,Acordo Firmado,34.0,Sul
CONTR_2026_09677,Fenix Recuperacao de Credito,2026-02-17,59,2823.28,Acordo Firmado,48.0,Nordeste
CONTR_2026_09678,Fenix Recuperacao de Credito,2026-04-01,73,2074.92,Insucesso,69.0,Sudeste
CONTR_2026_09679,Nexus Mediacao Financeira,2026-01-08,77,4537.07,Em Aberto,30.0,Nordeste
CONTR_2026_09680,Vertice Asset e Cobranca,2026-02-25,62,3734.17,Acordo Firmado,1.0,Sul
CONTR_2026_09681,Nexus Mediacao Financeira,2026-01-17,87,6667.23,Acordo Firmado,26.0,Sudeste
CONTR_2026_09682,Fenix Recuperacao de Credito,2026-03-10,73,5309.81,Acordo Firmado,71.0,Sudeste
CONTR_2026_09683,Vertice Asset e Cobranca,2026-01-12,108,2130.12,Ajuizado,7.0,Sul
CONTR_2026_09684,Acerta Credito Integrado,2026-02-07,94,7018.33,Ajuizado,5.0,Sudeste
CONTR_2026_09685,Nexus Mediacao Financeira,2026-01-18,132,4331.0,Insucesso,84.0,Nordeste
CONTR_2026_09686,Vertice Asset e Cobranca,2026-01-26,133,1802.13,Em Aberto,64.0,Sudeste
CONTR_2026_09687,Vertice Asset e Cobranca,2026-04-05,61,1293.12,Insucesso,92.0,Sudeste
CONTR_2026_09688,Vertice Asset e Cobranca,2026-02-06,80,6123.16,Ajuizado,23.0,Sudeste
CONTR_2026_09689,Vertice Asset e Cobranca,2026-03-11,154,6020.14,Insucesso,8.0,Nordeste
CONTR_2026_09690,Acerta Credito Integrado,2026-02-10,55,9787.07,Em Aberto,47.0,Nordeste
CONTR_2026_09691,Vertice Asset e Cobranca,2026-03-20,113,8386.54,Insucesso,80.0,Sul
CONTR_2026_09692,Vertice Asset e Cobranca,2026-02-11,106,11698.37,Em Aberto,41.0,Sudeste
CONTR_2026_09693,Vertice Asset e Cobranca,2026-04-23,64,2929.51,Insucesso,48.0,Nordeste
CONTR_2026_09694,Acerta Credito Integrado,2026-03-31,65,3865.13,Acordo Firmado,70.0,Sul
CONTR_2026_09695,Vertice Asset e Cobranca,2026-04-25,145,1519.62,Em Aberto,75.0,Nordeste
CONTR_2026_09696,Nexus Mediacao Financeira,2026-03-17,144,3849.6,Ajuizado,77.0,Sul
CONTR_2026_09697,Fenix Recuperacao de Credito,2026-02-10,102,2440.81,Ajuizado,66.0,Nordeste
CONTR_2026_09698,Acerta Credito Integrado,2026-02-16,48,9381.92,Acordo Firmado,49.0,Norte
CONTR_2026_09699,Nexus Mediacao Financeira,2026-01-14,127,6539.45,Acordo Firmado,2.0,Centro-Oeste
CONTR_2026_09700,Acerta Credito Integrado,2026-01-01,48,8809.21,Em Aberto,63.0,Nordeste
CONTR_2026_09701,Acerta Credito Integrado,2026-01-17,111,5688.37,Acordo Firmado,13.0,Nordeste
CONTR_2026_09702,Fenix Recuperacao de Credito,2026-04-07,41,5755.73,Em Aberto,83.0,Nordeste
CONTR_2026_09703,Acerta Credito Integrado,2026-02-24,90,2540.87,Acordo Firmado,33.0,Sul
CONTR_2026_09704,Acerta Credito Integrado,2026-04-03,116,6740.61,Acordo Firmado,25.0,Nordeste
CONTR_2026_09705,Vertice Asset e Cobranca,2026-02-22,15,1977.25,Em Aberto,82.0,Sul
CONTR_2026_09706,Fenix Recuperacao de Credito,2026-04-28,74,2813.73,Acordo Firmado,29.0,Sul
CONTR_2026_09707,Fenix Recuperacao de Credito,2026-04-19,94,2191.94,Acordo Firmado,37.0,Nordeste
CONTR_2026_09708,Vertice Asset e Cobranca,2026-01-31,79,16130.53,Acordo Firmado,75.0,Sul
CONTR_2026_09709,Vertice Asset e Cobranca,2026-03-03,69,12618.19,Em Aberto,51.0,Sul
CONTR_2026_09710,Nexus Mediacao Financeira,2026-01-08,85,11590.66,Acordo Firmado,87.0,Sul
CONTR_2026_09711,Fenix Recuperacao de Credito,2026-01-30,121,17316.09,Acordo Firmado,87.0,Nordeste
CONTR_2026_09712,Acerta Credito Integrado,2026-03-18,131,5941.41,Em Aberto,35.0,Sudeste
CONTR_2026_09713,Vertice Asset e Cobranca,2026-03-21,111,12454.61,Acordo Firmado,3.0,Nordeste
CONTR_2026_09714,Fenix Recuperacao de Credito,2026-03-07,136,2925.56,Acordo Firmado,47.0,Sudeste
CONTR_2026_09715,Vertice Asset e Cobranca,2026-02-14,73,3628.7,Acordo Firmado,62.0,Sudeste
CONTR_2026_09716,Vertice Asset e Cobranca,2026-01-18,107,4345.85,Insucesso,18.0,Centro-Oeste
CONTR_2026_09717,Fenix Recuperacao de Credito,2026-04-09,59,1668.29,Ajuizado,51.0,Nordeste
CONTR_2026_09718,Vertice Asset e Cobranca,2026-02-14,177,9906.09,Em Aberto,52.0,Sudeste
CONTR_2026_09719,Fenix Recuperacao de Credito,2026-01-19,93,1834.49,Em Aberto,73.0,Sul
CONTR_2026_09720,Acerta Credito Integrado,2026-03-18,114,9238.53,Acordo Firmado,48.0,Sudeste
CONTR_2026_09721,Acerta Credito Integrado,2026-04-25,37,13971.72,Acordo Firmado,20.0,Nordeste
CONTR_2026_09722,Vertice Asset e Cobranca,2026-03-09,113,5394.69,Acordo Firmado,88.0,Sudeste
CONTR_2026_09723,Acerta Credito Integrado,2026-03-24,93,2107.02,Insucesso,81.0,Sudeste
CONTR_2026_09724,Acerta Credito Integrado,2026-02-19,103,4069.77,Em Aberto,12.0,Nordeste
CONTR_2026_09725,Fenix Recuperacao de Credito,2026-01-25,90,1947.45,Em Aberto,33.0,Nordeste
CONTR_2026_09726,Vertice Asset e Cobranca,2026-02-07,86,1833.7,Em Aberto,70.0,Sudeste
CONTR_2026_09727,Acerta Credito Integrado,2026-04-25,80,8254.54,Em Aberto,94.0,Sudeste
CONTR_2026_09728,Fenix Recuperacao de Credito,2026-04-05,87,3696.44,Acordo Firmado,70.0,Sudeste
CONTR_2026_09729,Fenix Recuperacao de Credito,2026-02-05,134,1200.64,Acordo Firmado,48.0,Nordeste
CONTR_2026_09730,Fenix Recuperacao de Credito,2026-03-09,78,1448.39,Em Aberto,23.0,Nordeste
CONTR_2026_09731,Fenix Recuperacao de Credito,2026-02-25,157,9711.98,Insucesso,51.0,Norte
CONTR_2026_09732,Acerta Credito Integrado,2026-02-08,91,6033.95,Acordo Firmado,7.0,Nordeste
CONTR_2026_09733,Vertice Asset e Cobranca,2026-03-04,131,10506.0,Acordo Firmado,26.0,Sudeste
CONTR_2026_09734,Acerta Credito Integrado,2026-01-07,124,2798.76,Insucesso,67.0,Sudeste
CONTR_2026_09735,Acerta Credito Integrado,2026-04-29,43,3086.73,Em Aberto,57.0,Nordeste
CONTR_2026_09736,Nexus Mediacao Financeira,2026-02-27,49,5996.93,Acordo Firmado,25.0,Nordeste
CONTR_2026_09737,Nexus Mediacao Financeira,2026-03-21,69,6670.42,Acordo Firmado,67.0,Nordeste
CONTR_2026_09738,Fenix Recuperacao de Credito,2026-02-28,43,1334.37,Em Aberto,79.0,Nordeste
CONTR_2026_09739,Vertice Asset e Cobranca,2026-02-17,77,13087.35,Em Aberto,39.0,Sudeste
CONTR_2026_09740,Nexus Mediacao Financeira,2026-01-05,90,9226.31,Em Aberto,68.0,Nordeste
CONTR_2026_09741,Fenix Recuperacao de Credito,2026-04-21,109,1907.03,Ajuizado,38.0,Centro-Oeste
CONTR_2026_09742,Fenix Recuperacao de Credito,2026-03-28,95,1251.88,Acordo Firmado,45.0,Sul
CONTR_2026_09743,Acerta Credito Integrado,2026-02-05,90,8530.26,Insucesso,64.0,Nordeste
CONTR_2026_09744,Nexus Mediacao Financeira,2026-04-06,120,12858.99,Ajuizado,85.0,Sul
CONTR_2026_09745,Vertice Asset e Cobranca,2026-03-29,116,3143.82,Insucesso,54.0,Sul
CONTR_2026_09746,Nexus Mediacao Financeira,2026-01-25,147,3134.21,Em Aberto,94.0,Centro-Oeste
CONTR_2026_09747,Acerta Credito Integrado,2026-02-14,95,4814.1,Acordo Firmado,71.0,Sudeste
CONTR_2026_09748,Vertice Asset e Cobranca,2026-04-02,17,6812.83,Insucesso,13.0,Centro-Oeste
CONTR_2026_09749,Fenix Recuperacao de Credito,2026-01-19,102,6415.93,Ajuizado,50.0,Sul
CONTR_2026_09750,Fenix Recuperacao de Credito,2026-01-07,158,8184.4,Em Aberto,43.0,Nordeste
CONTR_2026_09751,Vertice Asset e Cobranca,2026-04-18,120,1805.1,Em Aberto,7.0,Sul
CONTR_2026_09752,Fenix Recuperacao de Credito,2026-02-27,127,4867.92,Acordo Firmado,87.0,Sudeste
CONTR_2026_09753,Vertice Asset e Cobranca,2026-04-15,92,4729.43,Acordo Firmado,44.0,Sudeste
CONTR_2026_09754,Acerta Credito Integrado,2026-03-22,117,16164.05,Em Aberto,64.0,Centro-Oeste
CONTR_2026_09755,Fenix Recuperacao de Credito,2026-03-07,129,13720.55,Ajuizado,7.0,Nordeste
CONTR_2026_09756,Vertice Asset e Cobranca,2026-03-21,79,8137.92,Acordo Firmado,10.0,Nordeste
CONTR_2026_09757,Fenix Recuperacao de Credito,2026-02-08,74,11674.39,Acordo Firmado,78.0,Sudeste
CONTR_2026_09758,Vertice Asset e Cobranca,2026-01-18,103,8044.66,Acordo Firmado,69.0,Sudeste
CONTR_2026_09759,Fenix Recuperacao de Credito,2026-04-13,-999,7573.45,Em Aberto,62.0,Sudeste
CONTR_2026_09760,Nexus Mediacao Financeira,2026-01-01,15,2414.88,Acordo Firmado,19.0,Nordeste
CONTR_2026_09761,Fenix Recuperacao de Credito,2026-03-04,84,6001.9,Acordo Firmado,51.0,Sul
CONTR_2026_09762,Fenix Recuperacao de Credito,2026-01-03,31,13588.4,Insucesso,62.0,Nordeste
CONTR_2026_09763,Vertice Asset e Cobranca,2026-01-21,86,8134.35,Acordo Firmado,78.0,Sudeste
CONTR_2026_09764,Fenix Recuperacao de Credito,2026-01-30,140,5840.84,Ajuizado,67.0,Sudeste
CONTR_2026_09765,Acerta Credito Integrado,2026-01-11,71,2693.21,Acordo Firmado,7.0,Sudeste
CONTR_2026_09766,Fenix Recuperacao de Credito,2026-01-22,81,6875.98,Em Aberto,30.0,Nordeste
CONTR_2026_09767,Nexus Mediacao Financeira,2026-04-21,109,3331.35,Em Aberto,91.0,Sudeste
CONTR_2026_09768,Acerta Credito Integrado,2026-02-26,119,1537.29,Acordo Firmado,36.0,Nordeste
CONTR_2026_09769,Vertice Asset e Cobranca,2026-03-30,118,2567.92,Ajuizado,75.0,Sudeste
CONTR_2026_09770,Fenix Recuperacao de Credito,2026-01-03,91,3665.2,Insucesso,100.0,Nordeste
CONTR_2026_09771,Acerta Credito Integrado,2026-01-30,107,29720.06,Acordo Firmado,16.0,Nordeste
CONTR_2026_09772,Vertice Asset e Cobranca,2026-03-29,105,8338.02,Acordo Firmado,81.0,Sul
CONTR_2026_09773,Fenix Recuperacao de Credito,2026-02-14,68,2839.51,Acordo Firmado,19.0,Sudeste
CONTR_2026_09774,Vertice Asset e Cobranca,2026-02-05,37,8385.62,Ajuizado,35.0,Sudeste
CONTR_2026_09775,Acerta Credito Integrado,2026-03-28,63,3413.04,Em Aberto,38.0,Sudeste
CONTR_2026_09776,Vertice Asset e Cobranca,2026-04-28,133,5881.36,Acordo Firmado,58.0,Nordeste
CONTR_2026_09777,Nexus Mediacao Financeira,2026-03-13,156,8434.06,Em Aberto,56.0,Sudeste
CONTR_2026_09778,Vertice Asset e Cobranca,2026-03-05,87,7951.45,Em Aberto,63.0,Nordeste
CONTR_2026_09779,Vertice Asset e Cobranca,2026-02-23,132,1954.31,Em Aberto,48.0,Centro-Oeste
CONTR_2026_09780,Nexus Mediacao Financeira,2026-03-09,81,9930.25,Acordo Firmado,66.0,Sudeste
CONTR_2026_09781,Vertice Asset e Cobranca,2026-02-19,100,14015.72,Insucesso,63.0,Sudeste
CONTR_2026_09782,Vertice Asset e Cobranca,2026-04-13,71,2529.09,Em Aberto,91.0,Sudeste
CONTR_2026_09783,Nexus Mediacao Financeira,2026-04-17,120,3198.03,Acordo Firmado,59.0,Centro-Oeste
CONTR_2026_09784,Fenix Recuperacao de Credito,2026-01-31,70,15119.05,Acordo Firmado,51.0,Sul
CONTR_2026_09785,Nexus Mediacao Financeira,2026-01-29,63,21775.62,Em Aberto,65.0,Nordeste
CONTR_2026_09786,Acerta Credito Integrado,2026-02-28,91,4221.1,Acordo Firmado,66.0,Sul
CONTR_2026_09787,Fenix Recuperacao de Credito,2026-02-05,114,1375.74,Em Aberto,52.0,Sudeste
CONTR_2026_09788,Fenix Recuperacao de Credito,2026-03-18,94,14707.2,Em Aberto,79.0,Sudeste
CONTR_2026_09789,Nexus Mediacao Financeira,2026-04-15,75,1328.6,Em Aberto,65.0,Sul
CONTR_2026_09790,Fenix Recuperacao de Credito,2026-03-14,63,3203.95,Acordo Firmado,70.0,Sudeste
CONTR_2026_09791,Vertice Asset e Cobranca,2026-04-29,39,1669.85,Em Aberto,30.0,Nordeste
CONTR_2026_09792,Nexus Mediacao Financeira,2026-03-26,76,4784.58,Acordo Firmado,44.0,Nordeste
CONTR_2026_09793,Fenix Recuperacao de Credito,2026-04-25,85,1391.48,Em Aberto,64.0,Centro-Oeste
CONTR_2026_09794,Vertice Asset e Cobranca,2026-03-08,106,2477.1,Ajuizado,91.0,Sudeste
CONTR_2026_09795,Nexus Mediacao Financeira,2026-03-30,54,4270.24,Em Aberto,81.0,Centro-Oeste
CONTR_2026_09796,Nexus Mediacao Financeira,2026-03-30,110,1585.32,Em Aberto,40.0,Nordeste
CONTR_2026_09797,Fenix Recuperacao de Credito,2026-03-17,72,4473.7,Insucesso,88.0,Sudeste
CONTR_2026_09798,Nexus Mediacao Financeira,2026-04-03,74,2740.2,Em Aberto,59.0,Sul
CONTR_2026_09799,Vertice Asset e Cobranca,2026-01-11,127,2752.46,Ajuizado,50.0,Nordeste
CONTR_2026_09800,Fenix Recuperacao de Credito,2026-04-26,15,15025.85,Em Aberto,86.0,Nordeste
CONTR_2026_09801,Acerta Credito Integrado,2026-01-11,53,7059.61,Acordo Firmado,15.0,Sudeste
CONTR_2026_09802,Fenix Recuperacao de Credito,2026-04-23,91,14459.3,Em Aberto,21.0,Sudeste
CONTR_2026_09803,Fenix Recuperacao de Credito,2026-01-26,89,5486.45,Acordo Firmado,91.0,Nordeste
CONTR_2026_09804,Nexus Mediacao Financeira,2026-02-22,38,13085.05,Insucesso,16.0,Sudeste
CONTR_2026_09805,Nexus Mediacao Financeira,2026-01-14,75,10283.18,Acordo Firmado,47.0,Sudeste
CONTR_2026_09806,Acerta Credito Integrado,2026-03-05,118,31895.48,Em Aberto,78.0,Nordeste
CONTR_2026_09807,Acerta Credito Integrado,2026-03-21,55,4696.87,Ajuizado,68.0,Nordeste
CONTR_2026_09808,Nexus Mediacao Financeira,2026-04-30,122,7155.71,Acordo Firmado,88.0,Sul
CONTR_2026_09809,Vertice Asset e Cobranca,2026-01-10,68,2075.75,Insucesso,77.0,Centro-Oeste
CONTR_2026_09810,Nexus Mediacao Financeira,2026-01-31,33,15224.9,Em Aberto,5.0,Sudeste
CONTR_2026_09811,Fenix Recuperacao de Credito,2026-04-05,114,3743.7,Em Aberto,33.0,Nordeste
CONTR_2026_09812,Acerta Credito Integrado,2026-02-05,97,13622.54,Acordo Firmado,72.0,Sudeste
CONTR_2026_09813,Vertice Asset e Cobranca,2026-01-10,46,1730.76,Insucesso,56.0,Nordeste
CONTR_2026_09814,Acerta Credito Integrado,2026-01-26,73,4820.66,Ajuizado,39.0,Sudeste
CONTR_2026_09815,Vertice Asset e Cobranca,2026-01-20,141,1207.01,Acordo Firmado,83.0,Nordeste
CONTR_2026_09816,Nexus Mediacao Financeira,2026-02-13,109,3889.43,Acordo Firmado,10.0,Centro-Oeste
CONTR_2026_09817,Nexus Mediacao Financeira,2026-03-03,123,1634.24,Em Aberto,39.0,Nordeste
CONTR_2026_09818,Vertice Asset e Cobranca,2026-03-14,55,4181.73,Insucesso,83.0,Sudeste
CONTR_2026_09819,Vertice Asset e Cobranca,2026-03-20,126,5257.34,Ajuizado,31.0,Sudeste
CONTR_2026_09820,Vertice Asset e Cobranca,2026-01-09,47,10761.9,Em Aberto,78.0,Sudeste
CONTR_2026_09821,Nexus Mediacao Financeira,2026-03-12,48,2950.86,Em Aberto,89.0,Nordeste
CONTR_2026_09822,Acerta Credito Integrado,2026-03-31,115,5382.88,Acordo Firmado,8.0,Sudeste
CONTR_2026_09823,Nexus Mediacao Financeira,2026-01-24,50,1543.84,Acordo Firmado,4.0,Sudeste
CONTR_2026_09824,Fenix Recuperacao de Credito,2026-01-12,135,13438.34,Acordo Firmado,5.0,Nordeste
CONTR_2026_09825,Vertice Asset e Cobranca,2026-03-01,52,4204.94,Em Aberto,36.0,Sudeste
CONTR_2026_09826,Acerta Credito Integrado,2026-03-25,60,2655.71,Ajuizado,6.0,Nordeste
CONTR_2026_09827,Vertice Asset e Cobranca,2026-04-30,124,4310.94,Acordo Firmado,60.0,Nordeste
CONTR_2026_09828,Nexus Mediacao Financeira,2026-03-19,71,4484.13,Ajuizado,94.0,Nordeste
CONTR_2026_09829,Acerta Credito Integrado,2026-03-27,113,7999.17,Acordo Firmado,55.0,Sudeste
CONTR_2026_09830,Nexus Mediacao Financeira,2026-01-16,56,19559.93,Acordo Firmado,83.0,Sul
CONTR_2026_09831,Vertice Asset e Cobranca,2026-01-29,81,2229.85,Acordo Firmado,43.0,Sudeste
CONTR_2026_09832,Acerta Credito Integrado,2026-02-01,112,1480.17,Em Aberto,82.0,Sudeste
CONTR_2026_09833,Fenix Recuperacao de Credito,2026-03-24,64,6531.31,Acordo Firmado,21.0,Nordeste
CONTR_2026_09834,Vertice Asset e Cobranca,2026-04-29,120,11995.82,Acordo Firmado,60.0,Nordeste
CONTR_2026_09835,Fenix Recuperacao de Credito,2026-02-04,79,5362.53,Acordo Firmado,43.0,Sudeste
CONTR_2026_09836,Fenix Recuperacao de Credito,2026-02-12,93,1616.2,Em Aberto,54.0,Nordeste
CONTR_2026_09837,Acerta Credito Integrado,2026-04-06,59,3938.96,Acordo Firmado,81.0,Nordeste
CONTR_2026_09838,Fenix Recuperacao de Credito,2026-04-29,66,6517.18,Ajuizado,31.0,Sudeste
CONTR_2026_09839,Acerta Credito Integrado,2026-02-22,64,3187.84,Em Aberto,85.0,Sudeste
CONTR_2026_09840,Acerta Credito Integrado,2026-01-20,71,10518.65,Ajuizado,75.0,Sudeste
CONTR_2026_09841,Acerta Credito Integrado,2026-04-25,136,2472.48,Acordo Firmado,61.0,Norte
CONTR_2026_09842,Vertice Asset e Cobranca,2026-04-14,123,3466.67,Acordo Firmado,80.0,Sudeste
CONTR_2026_09843,Vertice Asset e Cobranca,2026-03-25,103,13610.5,Insucesso,73.0,Sudeste
CONTR_2026_09844,Acerta Credito Integrado,2026-01-08,70,5461.3,Acordo Firmado,23.0,Nordeste
CONTR_2026_09845,Fenix Recuperacao de Credito,2026-04-09,-999,1231.27,Ajuizado,23.0,Sudeste
CONTR_2026_09846,Vertice Asset e Cobranca,2026-02-11,60,2598.71,Em Aberto,52.0,Sudeste
CONTR_2026_09847,Acerta Credito Integrado,2026-03-18,80,8198.24,Ajuizado,3.0,Nordeste
CONTR_2026_09848,Vertice Asset e Cobranca,2026-04-15,98,1467.26,Ajuizado,49.0,Norte
CONTR_2026_09849,Nexus Mediacao Financeira,2026-03-11,108,26049.47,Insucesso,70.0,Nordeste
CONTR_2026_09850,Nexus Mediacao Financeira,2026-04-21,90,12609.31,Em Aberto,20.0,Nordeste
CONTR_2026_09851,Nexus Mediacao Financeira,2026-01-16,106,2466.9,Em Aberto,79.0,Centro-Oeste
CONTR_2026_09852,Vertice Asset e Cobranca,2026-03-10,118,12493.07,Em Aberto,30.0,Nordeste
CONTR_2026_09853,Fenix Recuperacao de Credito,2026-02-22,78,7211.1,Acordo Firmado,32.0,Sudeste
CONTR_2026_09854,Nexus Mediacao Financeira,2026-02-14,122,3969.98,Em Aberto,70.0,Sudeste
CONTR_2026_09855,Acerta Credito Integrado,2026-02-20,60,2291.51,Acordo Firmado,31.0,Nordeste
CONTR_2026_09856,Vertice Asset e Cobranca,2026-04-08,107,2317.04,Insucesso,16.0,Sudeste
CONTR_2026_09857,Fenix Recuperacao de Credito,2026-01-06,90,5707.93,Em Aberto,29.0,Nordeste
CONTR_2026_09858,Nexus Mediacao Financeira,2026-02-02,95,3889.8,Em Aberto,22.0,Centro-Oeste
CONTR_2026_09859,Vertice Asset e Cobranca,2026-03-20,78,5721.88,Insucesso,40.0,Sudeste
CONTR_2026_09860,Fenix Recuperacao de Credito,2026-01-15,127,3204.3,Acordo Firmado,28.0,Centro-Oeste
CONTR_2026_09861,Acerta Credito Integrado,2026-01-14,71,2507.31,Em Aberto,79.0,Nordeste
CONTR_2026_09862,Nexus Mediacao Financeira,2026-02-08,131,10256.41,Acordo Firmado,85.0,Sudeste
CONTR_2026_09863,Fenix Recuperacao de Credito,2026-03-04,131,13831.37,Acordo Firmado,8.0,Nordeste
CONTR_2026_09864,Acerta Credito Integrado,2026-01-05,103,7308.26,Em Aberto,65.0,Nordeste
CONTR_2026_09865,Nexus Mediacao Financeira,2026-04-26,80,2081.23,Em Aberto,30.0,Sudeste
CONTR_2026_09866,Fenix Recuperacao de Credito,2026-03-31,64,1684.26,Insucesso,58.0,Sudeste
CONTR_2026_09867,Vertice Asset e Cobranca,2026-04-22,30,5072.69,Acordo Firmado,2.0,Sudeste
CONTR_2026_09868,Fenix Recuperacao de Credito,2026-03-22,106,5196.45,Em Aberto,24.0,Nordeste
CONTR_2026_09869,Fenix Recuperacao de Credito,2026-04-17,56,6297.73,Em Aberto,49.0,Nordeste
CONTR_2026_09870,Fenix Recuperacao de Credito,2026-04-21,60,13031.64,Em Aberto,69.0,Sul
CONTR_2026_09871,Vertice Asset e Cobranca,2026-02-21,106,6403.52,Ajuizado,12.0,Sudeste
CONTR_2026_09872,Nexus Mediacao Financeira,2026-01-16,77,13593.42,Acordo Firmado,5.0,Nordeste
CONTR_2026_09873,Vertice Asset e Cobranca,2026-04-09,96,1826.1,Em Aberto,98.0,Nordeste
CONTR_2026_09874,Fenix Recuperacao de Credito,2026-02-07,103,7376.41,Em Aberto,14.0,Nordeste
CONTR_2026_09875,Nexus Mediacao Financeira,2026-02-22,138,14316.8,Insucesso,76.0,Sudeste
CONTR_2026_09876,Fenix Recuperacao de Credito,2026-03-28,95,4306.98,Ajuizado,27.0,Sudeste
CONTR_2026_09877,Fenix Recuperacao de Credito,2026-03-18,73,18335.7,Em Aberto,66.0,Sudeste
CONTR_2026_09878,Vertice Asset e Cobranca,2026-04-07,87,5220.54,Ajuizado,49.0,Sudeste
CONTR_2026_09879,Acerta Credito Integrado,2026-04-03,72,15521.25,Em Aberto,100.0,Sul
CONTR_2026_09880,Nexus Mediacao Financeira,2026-02-22,146,8101.92,Em Aberto,45.0,Sudeste
CONTR_2026_09881,Vertice Asset e Cobranca,2026-02-15,101,4260.24,Em Aberto,51.0,Centro-Oeste
CONTR_2026_09882,Nexus Mediacao Financeira,2026-04-08,107,1374.47,Em Aberto,67.0,Sudeste
CONTR_2026_09883,Vertice Asset e Cobranca,2026-04-08,130,6555.84,Acordo Firmado,58.0,Nordeste
CONTR_2026_09884,Fenix Recuperacao de Credito,2026-04-01,64,2667.02,Em Aberto,100.0,Nordeste
CONTR_2026_09885,Fenix Recuperacao de Credito,2026-01-15,47,2902.99,Em Aberto,72.0,Sudeste
CONTR_2026_09886,Nexus Mediacao Financeira,2026-02-28,89,1299.91,Em Aberto,66.0,Nordeste
CONTR_2026_09887,Acerta Credito Integrado,2026-02-19,47,5278.3,Ajuizado,54.0,Sudeste
CONTR_2026_09888,Acerta Credito Integrado,2026-01-09,77,2907.48,Em Aberto,29.0,Sudeste
CONTR_2026_09889,Fenix Recuperacao de Credito,2026-01-26,24,21396.0,Acordo Firmado,89.0,Sudeste
CONTR_2026_09890,Vertice Asset e Cobranca,2026-01-03,49,8111.66,Acordo Firmado,4.0,Sudeste
CONTR_2026_09891,Acerta Credito Integrado,2026-04-10,126,3411.84,Insucesso,55.0,Centro-Oeste
CONTR_2026_09892,Fenix Recuperacao de Credito,2026-02-16,102,2943.88,Insucesso,10.0,Sudeste
CONTR_2026_09893,Acerta Credito Integrado,2026-01-05,143,7475.86,Insucesso,44.0,Nordeste
CONTR_2026_09894,Acerta Credito Integrado,2026-03-03,89,2666.54,Acordo Firmado,81.0,Sudeste
CONTR_2026_09895,Acerta Credito Integrado,2026-03-25,87,4171.09,Acordo Firmado,65.0,Nordeste
CONTR_2026_09896,Fenix Recuperacao de Credito,2026-03-25,96,2074.06,Em Aberto,3.0,Nordeste
CONTR_2026_09897,Acerta Credito Integrado,2026-01-05,197,2665.87,Insucesso,62.0,Sudeste
CONTR_2026_09898,Nexus Mediacao Financeira,2026-01-10,121,1717.84,Acordo Firmado,94.0,Centro-Oeste
CONTR_2026_09899,Acerta Credito Integrado,2026-03-21,64,3985.64,Em Aberto,5.0,Centro-Oeste
CONTR_2026_09900,Fenix Recuperacao de Credito,2026-03-04,102,14271.63,Em Aberto,44.0,Sudeste
CONTR_2026_09901,Fenix Recuperacao de Credito,2026-01-25,94,1731.58,Acordo Firmado,11.0,Sul
CONTR_2026_09902,Vertice Asset e Cobranca,2026-02-13,111,4075.32,Insucesso,73.0,Centro-Oeste
CONTR_2026_09903,Fenix Recuperacao de Credito,2026-01-25,146,2971.41,Em Aberto,47.0,Centro-Oeste
CONTR_2026_09904,Nexus Mediacao Financeira,2026-01-30,107,3454.65,Acordo Firmado,14.0,Sudeste
CONTR_2026_09905,Fenix Recuperacao de Credito,2026-01-14,78,8580.79,Insucesso,19.0,Sudeste
CONTR_2026_09906,Vertice Asset e Cobranca,2026-03-27,145,4055.03,Insucesso,13.0,Nordeste
CONTR_2026_09907,Acerta Credito Integrado,2026-02-12,50,6454.73,Acordo Firmado,21.0,Nordeste
CONTR_2026_09908,Fenix Recuperacao de Credito,2026-01-28,81,19113.14,Acordo Firmado,63.0,Sudeste
CONTR_2026_09909,Fenix Recuperacao de Credito,2026-04-04,117,5991.57,Em Aberto,39.0,Sudeste
CONTR_2026_09910,Fenix Recuperacao de Credito,2026-01-19,66,3257.83,Em Aberto,66.0,Nordeste
CONTR_2026_09911,Vertice Asset e Cobranca,2026-04-12,88,3734.63,Acordo Firmado,30.0,Nordeste
CONTR_2026_09912,Fenix Recuperacao de Credito,2026-02-11,68,7152.14,Acordo Firmado,23.0,Sudeste
CONTR_2026_09913,Fenix Recuperacao de Credito,2026-01-20,88,7126.31,Acordo Firmado,64.0,Sul
CONTR_2026_09914,Nexus Mediacao Financeira,2026-04-09,69,3495.14,Em Aberto,27.0,Nordeste
CONTR_2026_09915,Vertice Asset e Cobranca,2026-03-27,92,7645.25,Ajuizado,1.0,Sudeste
CONTR_2026_09916,Fenix Recuperacao de Credito,2026-03-20,80,5198.94,Acordo Firmado,71.0,Nordeste
CONTR_2026_09917,Fenix Recuperacao de Credito,2026-01-11,129,20866.33,Acordo Firmado,66.0,Norte
CONTR_2026_09918,Fenix Recuperacao de Credito,2026-02-23,101,13134.79,Ajuizado,23.0,Norte
CONTR_2026_09919,Fenix Recuperacao de Credito,2026-04-08,112,9882.18,Em Aberto,95.0,Sudeste
CONTR_2026_09920,Vertice Asset e Cobranca,2026-01-24,94,1374.69,Insucesso,29.0,Sudeste
CONTR_2026_09921,Vertice Asset e Cobranca,2026-03-11,76,3593.68,Acordo Firmado,14.0,Sul
CONTR_2026_09922,Acerta Credito Integrado,2026-01-17,100,5458.27,Acordo Firmado,60.0,Norte
CONTR_2026_09923,Nexus Mediacao Financeira,2026-01-28,96,4886.71,Ajuizado,43.0,Sudeste
CONTR_2026_09924,Nexus Mediacao Financeira,2026-02-19,17,8410.42,Em Aberto,5.0,Sul
CONTR_2026_09925,Nexus Mediacao Financeira,2026-04-05,91,13189.09,Em Aberto,75.0,Nordeste
CONTR_2026_09926,Fenix Recuperacao de Credito,2026-04-10,110,8935.67,Insucesso,33.0,Nordeste
CONTR_2026_09927,Vertice Asset e Cobranca,2026-02-24,68,2443.6,Em Aberto,93.0,Sul
CONTR_2026_09928,Vertice Asset e Cobranca,2026-03-14,116,4523.89,Em Aberto,70.0,Centro-Oeste
CONTR_2026_09929,Acerta Credito Integrado,2026-01-10,100,3701.17,Acordo Firmado,7.0,Sudeste
CONTR_2026_09930,Acerta Credito Integrado,2026-01-21,78,8466.46,Ajuizado,45.0,Sudeste
CONTR_2026_09931,Acerta Credito Integrado,2026-02-27,106,12474.88,Em Aberto,10.0,Sudeste
CONTR_2026_09932,Fenix Recuperacao de Credito,2026-02-03,78,2890.16,Acordo Firmado,84.0,Centro-Oeste
CONTR_2026_09933,Fenix Recuperacao de Credito,2026-04-05,98,4556.05,Em Aberto,73.0,Sul
CONTR_2026_09934,Fenix Recuperacao de Credito,2026-04-03,82,7782.32,Em Aberto,17.0,Sul
CONTR_2026_09935,Vertice Asset e Cobranca,2026-04-17,106,1456.22,Em Aberto,100.0,Nordeste
CONTR_2026_09936,Fenix Recuperacao de Credito,2026-02-12,130,17693.91,Ajuizado,6.0,Sul
CONTR_2026_09937,Vertice Asset e Cobranca,2026-01-11,76,9246.29,Insucesso,55.0,Sul
CONTR_2026_09938,Nexus Mediacao Financeira,2026-02-02,117,5112.8,Em Aberto,1.0,Nordeste
CONTR_2026_09939,Acerta Credito Integrado,2026-02-27,81,8740.06,Insucesso,11.0,Sudeste
CONTR_2026_09940,Acerta Credito Integrado,2026-02-15,81,10250.37,Acordo Firmado,17.0,Nordeste
CONTR_2026_09941,Fenix Recuperacao de Credito,2026-03-02,78,4604.47,Acordo Firmado,57.0,Sudeste
CONTR_2026_09942,Fenix Recuperacao de Credito,2026-03-03,39,4099.73,Acordo Firmado,39.0,Sudeste
CONTR_2026_09943,Fenix Recuperacao de Credito,2026-01-01,105,10291.65,Em Aberto,73.0,Nordeste
CONTR_2026_09944,Nexus Mediacao Financeira,2026-01-21,98,11018.86,Acordo Firmado,16.0,Nordeste
CONTR_2026_09945,Vertice Asset e Cobranca,2026-03-03,94,1859.82,Acordo Firmado,53.0,Sudeste
CONTR_2026_09946,Vertice Asset e Cobranca,2026-03-05,136,13121.26,Insucesso,91.0,Sul
CONTR_2026_09947,Vertice Asset e Cobranca,2026-03-28,139,2820.31,Em Aberto,5.0,Nordeste
CONTR_2026_09948,Vertice Asset e Cobranca,2026-03-14,129,6700.58,Insucesso,8.0,Centro-Oeste
CONTR_2026_09949,Nexus Mediacao Financeira,2026-02-25,82,7377.5,Em Aberto,73.0,Sul
CONTR_2026_09950,Vertice Asset e Cobranca,2026-01-01,81,2840.6,Ajuizado,58.0,Sudeste
CONTR_2026_09951,Nexus Mediacao Financeira,2026-01-21,59,3013.29,Acordo Firmado,13.0,Nordeste
CONTR_2026_09952,Nexus Mediacao Financeira,2026-01-22,91,7325.99,Acordo Firmado,3.0,Centro-Oeste
CONTR_2026_09953,Vertice Asset e Cobranca,2026-02-23,90,2162.32,Ajuizado,27.0,Sudeste
CONTR_2026_09954,Vertice Asset e Cobranca,2026-01-04,106,10974.22,Em Aberto,50.0,Sudeste
CONTR_2026_09955,Fenix Recuperacao de Credito,2026-03-06,57,2460.9,Acordo Firmado,54.0,Sudeste
CONTR_2026_09956,Vertice Asset e Cobranca,2026-02-20,78,3362.94,Insucesso,56.0,Sudeste
CONTR_2026_09957,Acerta Credito Integrado,2026-03-15,39,2750.72,Acordo Firmado,20.0,Sul
CONTR_2026_09958,Acerta Credito Integrado,2026-03-04,68,2607.16,Acordo Firmado,97.0,Nordeste
CONTR_2026_09959,Nexus Mediacao Financeira,2026-01-15,116,20484.42,Em Aberto,13.0,Sudeste
CONTR_2026_09960,Fenix Recuperacao de Credito,2026-04-26,56,2660.62,Em Aberto,88.0,Sudeste
CONTR_2026_09961,Nexus Mediacao Financeira,2026-02-05,142,5517.65,Acordo Firmado,50.0,Nordeste
CONTR_2026_09962,Nexus Mediacao Financeira,2026-01-29,120,8039.94,Em Aberto,88.0,Sudeste
CONTR_2026_09963,Vertice Asset e Cobranca,2026-02-21,105,1414.4,Em Aberto,84.0,Sudeste
CONTR_2026_09964,Nexus Mediacao Financeira,2026-02-15,130,11867.25,Em Aberto,27.0,Nordeste
CONTR_2026_09965,Vertice Asset e Cobranca,2026-03-10,86,2029.62,Ajuizado,18.0,Nordeste
CONTR_2026_09966,Nexus Mediacao Financeira,2026-01-29,67,5634.46,Acordo Firmado,28.0,Nordeste
CONTR_2026_09967,Acerta Credito Integrado,2026-04-21,87,6323.95,Acordo Firmado,100.0,Sul
CONTR_2026_09968,Fenix Recuperacao de Credito,2026-02-16,38,6165.4,Em Aberto,97.0,Nordeste
CONTR_2026_09969,Acerta Credito Integrado,2026-04-01,125,7810.89,Em Aberto,58.0,Sul
CONTR_2026_09970,Fenix Recuperacao de Credito,2026-01-25,79,14585.49,Acordo Firmado,32.0,Centro-Oeste
CONTR_2026_09971,Fenix Recuperacao de Credito,2026-03-21,67,14278.82,Ajuizado,7.0,Nordeste
CONTR_2026_09972,Vertice Asset e Cobranca,2026-01-16,70,5514.67,Em Aberto,15.0,Nordeste
CONTR_2026_09973,Vertice Asset e Cobranca,2026-04-10,90,3509.53,Em Aberto,78.0,Nordeste
CONTR_2026_09974,Fenix Recuperacao de Credito,2026-03-30,93,3139.39,Acordo Firmado,35.0,Sudeste
CONTR_2026_09975,Vertice Asset e Cobranca,2026-02-10,85,12088.02,Ajuizado,52.0,Norte
CONTR_2026_09976,Fenix Recuperacao de Credito,2026-03-06,85,10790.99,Acordo Firmado,40.0,Nordeste
CONTR_2026_09977,Vertice Asset e Cobranca,2026-03-10,106,2953.62,Em Aberto,95.0,Nordeste
CONTR_2026_09978,Acerta Credito Integrado,2026-04-15,57,2026.44,Insucesso,50.0,Sudeste
CONTR_2026_09979,Vertice Asset e Cobranca,2026-01-20,96,11071.52,Acordo Firmado,95.0,Centro-Oeste
CONTR_2026_09980,Nexus Mediacao Financeira,2026-03-10,80,5886.92,Ajuizado,90.0,Centro-Oeste
CONTR_2026_09981,Vertice Asset e Cobranca,2026-02-05,30,3078.12,Em Aberto,89.0,Nordeste
CONTR_2026_09982,Nexus Mediacao Financeira,2026-04-03,57,5916.37,Ajuizado,70.0,Sul
CONTR_2026_09983,Vertice Asset e Cobranca,2026-04-22,66,1542.45,Em Aberto,27.0,Sudeste
CONTR_2026_09984,Fenix Recuperacao de Credito,2026-04-08,140,2254.45,Insucesso,51.0,Sul
CONTR_2026_09985,Acerta Credito Integrado,2026-02-27,103,5145.96,Insucesso,12.0,Sudeste
CONTR_2026_09986,Nexus Mediacao Financeira,2026-02-17,98,5073.61,Em Aberto,60.0,Nordeste
CONTR_2026_09987,Vertice Asset e Cobranca,2026-03-23,75,2616.25,Em Aberto,30.0,Sudeste
CONTR_2026_09988,Vertice Asset e Cobranca,2026-01-02,74,21311.58,Ajuizado,24.0,Sul
CONTR_2026_09989,Fenix Recuperacao de Credito,2026-03-21,54,3858.86,Em Aberto,88.0,Sul
CONTR_2026_09990,Acerta Credito Integrado,2026-01-29,80,7364.23,Insucesso,86.0,Nordeste
CONTR_2026_09991,Vertice Asset e Cobranca,2026-04-07,131,2695.11,Em Aberto,4.0,Sudeste
CONTR_2026_09992,Vertice Asset e Cobranca,2026-01-16,50,3962.38,Acordo Firmado,83.0,Centro-Oeste
CONTR_2026_09993,Vertice Asset e Cobranca,2026-02-04,72,10095.87,Em Aberto,89.0,Sul
CONTR_2026_09994,Acerta Credito Integrado,2026-04-21,117,10639.06,Ajuizado,5.0,Sudeste
CONTR_2026_09995,Fenix Recuperacao de Credito,2026-03-03,117,1926.63,Em Aberto,4.0,Nordeste
CONTR_2026_09996,Acerta Credito Integrado,2026-04-17,68,3389.97,Acordo Firmado,93.0,Nordeste
CONTR_2026_09997,Acerta Credito Integrado,2026-04-16,124,2335.45,Em Aberto,9.0,Sudeste
CONTR_2026_09998,Fenix Recuperacao de Credito,2026-03-22,76,12248.59,Acordo Firmado,51.0,Sul
CONTR_2026_09999,Vertice Asset e Cobranca,2026-01-04,55,8209.3,Acordo Firmado,40.0,Sudeste
CONTR_2026_10000,Fenix Recuperacao de Credito,2026-04-23,134,5342.67,Em Aberto,53.0,Sudeste
